ID_SUCURSAL_COMPRA,ID_SUCURSAL,ID_COMPRA,CURP_RECIBIO,TS_INGRESO
1,1,2221057562,COMM900506FTSCOA03,6/4/2002
2,1,3196845109,HERS800926FCHBUT83,2/9/2015
3,12,6330009559,CACA880301FCHMRU20,4/14/2014
4,17,2172826882,MASA790911FCLXEU22,8/28/2007
5,1,7849623842,KILT800801FOCTAI84,4/29/2013
6,17,5848189362,GIHN980222MCMLAI09,1/27/2015
7,3,9836041058,CUCL990924MASRHA62,5/17/2020
8,12,7674816916,ARWJ970404MQTROO60,10/30/2015
9,8,3231116776,REMV970310MYNVOA05,11/15/2022
10,5,4227703406,FAIG991004MSPRTE27,5/30/2020
11,1,797068148,STHR841219FTLAAA64,8/23/2000
12,19,8186752955,CACH800731MMSZLE85,12/12/2001
13,14,3142905878,OSKC980330BYNOUO94,8/13/2015
14,7,3518766398,PACA700821FGTULN20,5/25/2004
15,10,4489894896,VEMC760926FQRNAA13,9/10/2003
16,10,2215674436,LEBC850828PSPTLO16,6/11/2016
17,8,981950416,FAJJ841022MBSLAU69,8/7/2011
18,16,6874506970,DOEB820928MDFMNE22,12/18/2010
19,6,7567798087,CHRH921025MTLEOA42,8/6/2015
20,16,2699938194,CRPA890528MPLAHU58,7/12/2001
21,4,7236555344,KEEC990619MQTHDO55,5/15/2009
22,18,8852245238,NOGE840522MTCRRV12,3/17/2016
23,5,9083753580,GLGL840412FNLAOO81,1/1/2007
24,3,1725555913,TACM870706MVZNRA14,10/31/2016
25,8,5762914761,DRKR870309MTCOIO34,10/14/2017
26,14,9773524930,HERS800926FCHBUT83,7/28/2021
27,18,4088684551,CRDW760222FBSIEA91,8/30/2012
28,3,6953701148,BUBM970516FOCMRE84,10/26/2008
29,18,8578062590,SHSS960626FGRECI13,5/26/2005
30,6,4733428579,OSKC980330BYNOUO94,2/6/2017
31,11,6869684888,HEMD820611MGTAEU67,8/30/2001
32,8,352898195,HEMD820611MGTAEU67,7/19/2002
33,13,1809498808,WHGD870116FVZAUA72,4/21/2022
34,9,4601591860,LEBC850828PSPTLO16,4/8/2009
35,12,3942733881,PASR941118MDFCTO81,10/18/2005
36,3,8636843289,RYHB770516PCCAEE69,2/15/2012
37,15,661512252,DAJR941016MDGLIA11,10/1/2010
38,5,4920390270,MCCS951214FNLCHH80,9/5/2011
39,1,2532410275,KABH790308MBSROA03,1/20/2008
40,18,845754924,COGD820217MOCTRO55,8/7/2020
41,5,6499383004,DAJR941016MDGLIA11,2/14/2011
42,16,2738984056,GHCF761019BMCEHI76,1/27/2007
43,11,3456294536,KABH790308MBSROA03,8/12/2010
44,6,6401091024,NEAG970216FMSWBR17,9/1/2000
45,6,7183603043,KUWS910402NNLBEI94,5/19/2007
46,18,739229547,ROSE760109MASWUR22,3/23/2008
47,19,3362199419,VAJJ860909FJCSIA20,11/14/2016
48,5,7813099336,HUPF751231FCMNAE48,7/10/2002
49,7,7709559416,REMV970310MYNVOA05,11/4/2002
50,11,1236249257,ALMA830409MSRMAL39,8/19/2020
51,10,204003540,DACK761125FBSRUI38,6/21/2002
52,8,6254195426,PIGO910404FMNDED41,3/27/2005
53,7,9370432495,COMM900506FTSCOA03,4/11/2022
54,4,5259491267,GAVF891225FTSDIR46,11/22/2009
55,11,7292029756,VEMC760926FQRNAA13,3/13/2021
56,8,6252351889,GADA911027FHGSIG96,2/14/2002
57,17,9656238275,GELG970223FGTIEL29,5/6/2002
58,17,8065590304,KEEC990619MQTHDO55,1/24/2005
59,5,4718560323,VAPC920826MPLRUO86,1/8/2022
60,19,7073911861,BEWB981224FPLLOA85,12/12/2020
61,6,1568779312,NOGE840522MTCRRV12,9/22/2021
62,12,5534449932,VAPC920826MPLRUO86,6/5/2015
63,13,3868965482,GELG970223FGTIEL29,5/25/2016
64,7,7102819423,DOEB820928MDFMNE22,9/13/2014
65,5,5964406600,MCCS951214FNLCHH80,12/22/2007
66,18,3593618030,DOBL850516BQRNOI91,8/1/2000
67,5,6260665937,BUBM970516FOCMRE84,3/19/2011
68,16,5322205938,PAAC920419FGTTVO87,4/4/2016
69,3,5611880895,THFT841224MQROII59,8/11/2019
70,4,4814792710,CACH800731MMSZLE85,10/19/2001
71,5,8965818408,DOEB820928MDFMNE22,7/5/2011
72,14,235840183,MABP780714MMNFRA82,3/19/2016
73,3,9836498402,KRSH740910NOCYIO87,1/14/2014
74,18,1631628833,MCCS951214FNLCHH80,9/21/2016
75,10,7409123160,CACA880301FCHMRU20,12/19/2022
76,4,6526451022,BALS870921MCSUAC68,7/26/2006
77,10,8593066344,STHR841219FTLAAA64,2/7/2010
78,1,2006417731,GHCF761019BMCEHI76,1/8/2005
79,5,5551251500,CACH800731MMSZLE85,12/4/2003
80,13,2393051267,MCCS951214FNLCHH80,1/31/2007
81,1,4144721862,LEBC850828PSPTLO16,9/14/2016
82,19,6874506970,SHCJ990110FCHAAU13,11/25/2016
83,4,3951829041,VAPC920826MPLRUO86,3/28/2020
84,5,9811359640,GIHN980222MCMLAI09,11/29/2004
85,15,1676714399,RYHB770516PCCAEE69,11/1/2001
86,13,2131012971,FESJ871216MBCRHE05,8/6/2000
87,6,6781329318,MACK750122MCLCRI37,6/19/2014
88,8,1106337773,BUBM970516FOCMRE84,8/5/2003
89,4,8130641661,DACK761125FBSRUI38,9/10/2022
90,1,8983180811,LEBC850828PSPTLO16,3/6/2012
91,10,5286479292,PIGO910404FMNDED41,3/20/2000
92,1,1769798866,LOSK880201ATLUAA99,1/29/2008
93,17,9644971143,INTL800217FSLKIE81,10/23/2016
94,9,2376876495,MCCS951214FNLCHH80,10/22/2021
95,6,4832332447,GLGL840412FNLAOO81,8/10/2001
96,1,1632801054,VAJJ860909FJCSIA20,11/3/2022
97,15,1051308191,EBHL720222MCLBAA97,4/16/2006
98,9,7567798087,BABG810617FHGUIA28,7/4/2010
99,9,9370432495,VEEH800225MCSRRU48,2/13/2004
100,12,5050645996,ANQS780903FQTDUA20,4/22/2013
101,4,3530219810,HABA820225FTLRIL45,1/13/2014
102,9,8484058547,HEMD820611MGTAEU67,2/8/2000
103,14,988821479,HUVR861220MTCGEO09,1/13/2011
104,5,1197017565,FESJ871216MBCRHE05,1/27/2021
105,4,6706806473,MUOS760923MNTNPI24,1/16/2022
106,19,7040300781,LOSK880201ATLUAA99,7/6/2013
107,11,1322810414,CACH800731MMSZLE85,8/23/2007
108,5,4036987679,DETE720227MMCDRP41,9/5/2018
109,17,7382004032,INTL800217FSLKIE81,4/9/2003
110,14,3499433312,LEBC850828PSPTLO16,5/9/2014
111,10,6318817708,REMV970310MYNVOA05,11/6/2001
112,1,6858779295,LEBC850828PSPTLO16,7/11/2015
113,7,5259819510,DACK761125FBSRUI38,7/19/2005
114,4,3530219810,SHCJ990110FCHAAU13,12/2/2001
115,10,4881290475,DAJR941016MDGLIA11,5/1/2004
116,10,748169131,GLGL840412FNLAOO81,12/5/2005
117,8,8911860911,MCAO920101FHGCCL03,10/11/2018
118,10,8997462768,EBHL720222MCLBAA97,4/4/2021
119,12,8159478560,HEMD820611MGTAEU67,2/27/2010
120,16,6333728074,BUBM970516FOCMRE84,11/22/2018
121,10,7233929318,DAJR941016MDGLIA11,12/6/2000
122,2,7314807768,NEAG970216FMSWBR17,5/15/2014
123,17,2301744321,VAPC920826MPLRUO86,4/10/2015
124,1,3381306500,BEWB981224FPLLOA85,6/29/2010
125,10,1769798866,CRPA890528MPLAHU58,11/13/2009
126,9,9660512226,WHGD870116FVZAUA72,12/21/2012
127,9,399610235,STWL800319GMCUAO28,12/8/2008
128,19,5563213797,SAMC711103FGTWEH64,9/7/2003
129,6,7674816916,DACK761125FBSRUI38,3/26/2005
130,11,8529757474,BEWB981224FPLLOA85,6/23/2010
131,7,1197135548,DABR930520MPLRIA38,7/2/2019
132,7,4463989305,ARWJ970404MQTROO60,3/28/2018
133,9,4832332447,PASR941118MDFCTO81,12/20/2011
134,19,4802494855,SAMC711103FGTWEH64,10/19/2021
135,15,7713616816,MABP780714MMNFRA82,5/7/2022
136,6,2252787517,COMM900506FTSCOA03,12/21/2000
137,5,988821479,KEEC990619MQTHDO55,4/2/2021
138,17,1676714399,KLAL900916FDGEIE04,4/22/2021
139,3,6108066230,VEEH800225MCSRRU48,11/20/2006
140,11,7800455045,BEWB981224FPLLOA85,10/16/2005
141,2,3726562643,VAJJ860909FJCSIA20,11/16/2021
142,5,86233703,DABR930520MPLRIA38,6/4/2003
143,3,5523767073,ROSE760109MASWUR22,1/6/2007
144,9,309304292,FESJ871216MBCRHE05,2/21/2009
145,5,3298466775,MASA790911FCLXEU22,1/10/2018
146,15,2393051267,CHRH921025MTLEOA42,12/14/2009
147,11,7148014649,COBI760520MASPAN90,12/31/2005
148,9,1916693898,ALMA830409MSRMAL39,4/20/2016
149,3,4164715810,HINA980519MOCNAD56,12/29/2015
150,16,7863093939,CACA880301FCHMRU20,9/14/2007
151,10,8852245238,COGD820217MOCTRO55,4/28/2009
152,18,9611743922,BALS870921MCSUAC68,10/7/2007
153,1,4388337870,VAJJ860909FJCSIA20,4/27/2012
154,5,6469540464,DABR930520MPLRIA38,1/10/2016
155,9,453843134,VEMC760926FQRNAA13,1/16/2010
156,12,2319516345,DOEB820928MDFMNE22,12/24/2012
157,13,1339812248,DACK761125FBSRUI38,7/11/2000
158,15,7411643904,INTL800217FSLKIE81,3/4/2019
159,11,8645638020,STHR841219FTLAAA64,1/9/2002
160,8,5069792338,DOEB820928MDFMNE22,12/10/2019
161,3,7148014649,CHRH921025MTLEOA42,8/29/2008
162,9,309304292,HUVR861220MTCGEO09,6/13/2013
163,14,7910039320,SPBH830615MASEEE39,9/5/2006
164,18,7331466842,GHCF761019BMCEHI76,11/21/2004
165,11,1819764368,PRGL701222FMCIII62,10/22/2016
166,5,2920184466,STWL800319GMCUAO28,11/15/2012
167,19,5069792338,OSKC980330BYNOUO94,7/5/2016
168,2,438183334,DOBL850516BQRNOI91,6/30/2018
169,10,2602172886,DABR930520MPLRIA38,7/25/2000
170,15,8222977711,KLAL900916FDGEIE04,1/15/2004
171,16,294375960,HUPF751231FCMNAE48,6/10/2012
172,14,1809498808,GLGL840412FNLAOO81,6/23/2002
173,15,6105882236,BABG810617FHGUIA28,8/13/2022
174,8,9987728112,HUPF751231FCMNAE48,9/5/2018
175,6,3868965482,FAIG991004MSPRTE27,10/22/2020
176,17,3659098276,MAEP901211MGTCNA73,11/15/2015
177,17,8918825329,STWL800319GMCUAO28,12/30/2002
178,14,6825475857,FESJ871216MBCRHE05,6/4/2016
179,4,1907133247,ANQS780903FQTDUA20,4/23/2017
180,12,9706112457,HERS800926FCHBUT83,4/30/2012
181,18,88173089,VEMC760926FQRNAA13,7/20/2007
182,7,4107607262,CEPY851026FNTSRO85,2/1/2004
183,4,8819601365,LOSK880201ATLUAA99,7/15/2021
184,17,72539630,HUPF751231FCMNAE48,10/23/2013
185,8,4586636457,THFT841224MQROII59,9/16/2000
186,2,6350195779,DAJR941016MDGLIA11,7/20/2011
187,13,5510048559,MACK750122MCLCRI37,8/15/2021
188,18,8461827549,CUCL990924MASRHA62,8/13/2008
189,1,50898070,TACM870706MVZNRA14,4/11/2006
190,12,9887280153,CACH800731MMSZLE85,12/17/2014
191,7,98993520,FESJ871216MBCRHE05,1/18/2020
192,2,8470375929,PAME910207FSLWCN51,7/20/2008
193,8,9083753580,STWL800319GMCUAO28,12/14/2019
194,12,5843882583,DRKR870309MTCOIO34,4/29/2012
195,8,678110369,MUOS760923MNTNPI24,1/4/2009
196,16,7874290879,EBHL720222MCLBAA97,12/1/2011
197,3,3968495012,DOBL850516BQRNOI91,2/22/2006
198,18,7105123195,ARWJ970404MQTROO60,4/3/2015
199,4,5027698945,SMDH870821NDFAUA60,5/26/2008
200,15,6959067204,BALS870921MCSUAC68,9/19/2022
201,2,9621463000,COMM900506FTSCOA03,7/5/2022
202,7,2772282499,MCCS951214FNLCHH80,7/12/2009
203,4,1915892064,CACA880301FCHMRU20,11/6/2016
204,17,8443152484,MAWA931112FCHRAB49,11/12/2002
205,6,6401091024,HERS800926FCHBUT83,9/14/2020
206,6,9211515408,STHR841219FTLAAA64,9/30/2022
207,9,7757380928,DRND851022BTCIIA89,1/9/2000
208,12,2171110611,DRKR870309MTCOIO34,12/12/2011
209,18,8965818408,VAJJ860909FJCSIA20,2/20/2017
210,17,1568779312,BALS870921MCSUAC68,12/16/2014
211,16,4855991826,DABR930520MPLRIA38,3/29/2011
212,3,2199508992,DISG740707FSLLWW28,7/18/2012
213,15,8712991913,CUCL990924MASRHA62,4/20/2012
214,19,2319516345,CRFB880126FPLUEA78,7/13/2003
215,7,7411643904,MCCS951214FNLCHH80,12/21/2014
216,16,678110369,LIMD721115MJCMIO09,12/26/2006
217,14,8669728408,HEMD820611MGTAEU67,6/1/2015
218,10,3659098276,TACM870706MVZNRA14,3/20/2008
219,12,6912755094,LEBC850828PSPTLO16,10/13/2000
220,16,2258869404,FESJ871216MBCRHE05,2/15/2002
221,10,5465517157,GIHN980222MCMLAI09,12/20/2020
222,12,4281768960,ALMA830409MSRMAL39,10/20/2001
223,16,8484058547,OSKC980330BYNOUO94,1/21/2004
224,7,9908505351,MAWA931112FCHRAB49,7/19/2001
225,12,7849623842,LIMD721115MJCMIO09,10/22/2013
226,2,2527778251,CUCL990924MASRHA62,7/2/2010
227,2,7832831786,PASR941118MDFCTO81,11/23/2006
228,2,6330009559,PUOL940815MCHDNA54,6/1/2002
229,11,130915885,SHSS960626FGRECI13,11/11/2004
230,10,5953752860,PRGL701222FMCIII62,7/31/2006
231,2,5277228900,HABA820225FTLRIL45,4/5/2004
232,4,9234382253,VEEH800225MCSRRU48,11/2/2004
233,2,8918825329,INTL800217FSLKIE81,2/28/2002
234,7,2431996001,HABA820225FTLRIL45,1/19/2020
235,6,2699938194,PASR941118MDFCTO81,6/8/2018
236,12,7047570720,COHJ760326MDFSUU07,10/17/2002
237,8,6499765265,GHCF761019BMCEHI76,4/28/2013
238,13,8236654733,GELG970223FGTIEL29,12/30/2011
239,14,2095815500,DRND851022BTCIIA89,6/25/2016
240,18,2636093399,TRPL890731GDFUEA46,9/7/2016
241,10,8498542570,COBI760520MASPAN90,12/1/2015
242,14,9585211271,SHSS960626FGRECI13,7/18/2001
243,19,4611032668,CUCL990924MASRHA62,5/13/2011
244,15,2738984056,GADA911027FHGSIG96,11/22/2020
245,2,8993003805,NEAG970216FMSWBR17,3/11/2007
246,3,8951172827,STHR841219FTLAAA64,10/27/2016
247,16,5939207786,BALS870921MCSUAC68,9/4/2007
248,9,9536346162,DOEB820928MDFMNE22,6/3/2007
249,3,6254195426,DABR930520MPLRIA38,2/9/2000
250,17,5302475479,ARWJ970404MQTROO60,3/21/2001
251,1,8965818408,SPBH830615MASEEE39,12/20/2003
252,10,4051788576,CRDW760222FBSIEA91,8/10/2010
253,2,8758653438,MCAO920101FHGCCL03,3/12/2005
254,19,2738984056,VAJJ860909FJCSIA20,7/19/2001
255,12,8405090030,LOSK880201ATLUAA99,1/10/2017
256,12,3994478309,SHSS960626FGRECI13,9/13/2008
257,6,4320399088,MAWA931112FCHRAB49,1/7/2015
258,3,7766543172,LOSK880201ATLUAA99,3/3/2016
259,13,4716778888,DRND851022BTCIIA89,1/18/2000
260,7,1632801054,FAIG991004MSPRTE27,4/21/2019
261,1,9987728112,COBI760520MASPAN90,6/16/2010
262,3,8861080126,ARWJ970404MQTROO60,1/2/2017
263,3,3095280991,SMDH870821NDFAUA60,8/5/2019
264,11,3127399654,BABG810617FHGUIA28,11/27/2002
265,18,7800455045,GLGL840412FNLAOO81,5/17/2012
266,17,797068148,PASR941118MDFCTO81,12/1/2006
267,8,5195886416,VAPC920826MPLRUO86,10/23/2020
268,2,245033810,PRGL701222FMCIII62,5/30/2014
269,15,88173089,REMV970310MYNVOA05,7/25/2011
270,1,9895915431,HABA820225FTLRIL45,2/23/2006
271,8,5925707235,GIHN980222MCMLAI09,12/11/2000
272,8,620808031,KUWS910402NNLBEI94,3/13/2014
273,16,1763677616,MABP780714MMNFRA82,12/6/2000
274,15,4372499748,MABP780714MMNFRA82,11/25/2017
275,1,9571552018,KRSH740910NOCYIO87,4/5/2011
276,18,8951172827,HUPF751231FCMNAE48,1/6/2022
277,8,661512252,EBHL720222MCLBAA97,2/5/2007
278,10,2431996001,BUBM970516FOCMRE84,12/21/2006
279,16,7674816916,SHSS960626FGRECI13,11/7/2004
280,18,1323826553,CHRH921025MTLEOA42,2/10/2011
281,18,8734398267,ANQS780903FQTDUA20,11/26/2003
282,16,1894215344,MABP780714MMNFRA82,6/30/2001
283,16,8499196290,DRND851022BTCIIA89,11/19/2019
284,16,3951829041,AYBK761021GPLCRA42,8/10/2022
285,12,7764514753,WHGD870116FVZAUA72,8/8/2017
286,5,3951829041,FESJ871216MBCRHE05,2/11/2018
287,1,290659696,STWL800319GMCUAO28,4/28/2006
288,3,1997363603,COHJ760326MDFSUU07,4/30/2007
289,14,5518683401,MUOS760923MNTNPI24,11/11/2001
290,8,1631628833,BEWB981224FPLLOA85,2/23/2021
291,4,1404339698,BALS870921MCSUAC68,3/5/2019
292,10,4723938238,CACA880301FCHMRU20,5/4/2006
293,3,8318047372,FESJ871216MBCRHE05,5/17/2005
294,19,3762762181,BRBL860509FJCOAY25,10/25/2001
295,6,9836041058,COGD820217MOCTRO55,8/27/2016
296,11,7896086838,PAME910207FSLWCN51,7/2/2015
297,10,3027270511,HUPF751231FCMNAE48,2/17/2008
298,18,2232089381,FAIG991004MSPRTE27,2/13/2007
299,19,8790542105,CUCL990924MASRHA62,12/7/2014
300,11,2514619317,DRND851022BTCIIA89,9/27/2016
301,19,5648241044,HEMD820611MGTAEU67,1/15/2010
302,17,4767995821,THFT841224MQROII59,2/21/2012
303,18,1396651020,COHJ760326MDFSUU07,11/8/2020
304,8,6654193145,KABH790308MBSROA03,1/2/2013
305,3,4375673226,KILT800801FOCTAI84,12/5/2005
306,14,3386531504,DAJR941016MDGLIA11,10/4/2009
307,17,988821479,CACA880301FCHMRU20,3/11/2007
308,14,9621463000,BALS870921MCSUAC68,12/29/2016
309,11,7713616816,AYBK761021GPLCRA42,12/24/2009
310,19,942031103,EBHL720222MCLBAA97,3/26/2012
311,19,2437549265,KLAL900916FDGEIE04,2/3/2001
312,19,5355898349,ARWJ970404MQTROO60,5/26/2001
313,12,5661925964,COMM900506FTSCOA03,5/6/2007
314,17,7022492940,MASA790911FCLXEU22,11/13/2007
315,3,5510048559,GAVF891225FTSDIR46,11/2/2010
316,1,56006646,CUCL990924MASRHA62,3/4/2021
317,18,4373998901,SMDH870821NDFAUA60,4/1/2019
318,10,7990150570,DUUS830112FTSIRT54,11/13/2010
319,10,6254122099,LOSK880201ATLUAA99,9/28/2012
320,18,5102915088,CRPA890528MPLAHU58,9/17/2019
321,13,7832831786,LIMD721115MJCMIO09,4/27/2011
322,5,6402731088,GLGL840412FNLAOO81,10/12/2015
323,3,8405090030,PAME910207FSLWCN51,10/1/2011
324,2,6898460829,VAJJ860909FJCSIA20,6/18/2021
325,3,7790401183,MCAO920101FHGCCL03,5/11/2006
326,14,1380304031,VEEH800225MCSRRU48,12/21/2013
327,13,4740858735,GHCF761019BMCEHI76,7/12/2018
328,10,785772867,INTL800217FSLKIE81,5/3/2004
329,6,5373459017,MUOS760923MNTNPI24,10/2/2012
330,11,2832747713,CHML890621FMSAEU73,10/29/2000
331,15,5325546099,REMV970310MYNVOA05,1/22/2014
332,5,6804669493,BABG810617FHGUIA28,6/4/2020
333,3,6995562679,CEPY851026FNTSRO85,1/22/2017
334,11,5227177243,EBHL720222MCLBAA97,6/3/2012
335,15,1323826553,CACA880301FCHMRU20,8/22/2003
336,10,2622375004,KNBK960914FASOOA45,3/24/2022
337,9,4496475141,COBI760520MASPAN90,8/27/2011
338,10,1394209489,COMM900506FTSCOA03,11/2/2013
339,5,1530250374,PAME910207FSLWCN51,8/1/2021
340,18,2415143256,KILT800801FOCTAI84,11/26/2017
341,9,8991880204,HUVR861220MTCGEO09,10/9/2005
342,4,2490908421,GIHN980222MCMLAI09,3/13/2018
343,15,1763677616,KUWS910402NNLBEI94,7/19/2001
344,7,6715950193,PAME910207FSLWCN51,2/25/2022
345,18,699854461,BABG810617FHGUIA28,5/2/2004
346,12,6283582873,KNBK960914FASOOA45,9/17/2009
347,10,3243368319,TRPL890731GDFUEA46,3/28/2004
348,2,5798693229,DOEB820928MDFMNE22,1/22/2003
349,9,1003892755,DOBL850516BQRNOI91,12/9/2008
350,6,6958083032,CACH800731MMSZLE85,6/23/2005
351,8,7390642262,THFT841224MQROII59,3/12/2004
352,2,4089707887,CACH800731MMSZLE85,6/7/2002
353,6,4801655704,BRBL860509FJCOAY25,9/8/2013
354,18,356665050,CHGR981221MMSERU84,12/6/2017
355,15,7806824840,GHCF761019BMCEHI76,7/16/2019
356,14,7022492940,PAAC920419FGTTVO87,7/27/2021
357,16,8454020777,SHCJ990110FCHAAU13,4/23/2000
358,9,3127399654,TRPL890731GDFUEA46,7/12/2001
359,8,9098946515,PACA700821FGTULN20,9/18/2019
360,6,4217939384,MCCS951214FNLCHH80,2/13/2005
361,2,2602172886,EBHL720222MCLBAA97,10/29/2000
362,15,1068682285,FAIG991004MSPRTE27,8/21/2000
363,10,3999465968,CEPY851026FNTSRO85,4/6/2007
364,8,3140633742,EBHL720222MCLBAA97,1/23/2001
365,14,7013255885,CACA880301FCHMRU20,10/14/2005
366,18,4227703406,VEMC760926FQRNAA13,9/4/2021
367,9,1459329913,FESJ871216MBCRHE05,7/3/2022
368,1,3994478309,EBHL720222MCLBAA97,3/22/2020
369,6,2494148686,ROSE760109MASWUR22,8/11/2010
370,11,7331466842,DACK761125FBSRUI38,10/16/2001
371,5,7390642262,BALS870921MCSUAC68,11/28/2008
372,17,1809498808,KRSH740910NOCYIO87,1/5/2012
373,14,3945733075,GHCF761019BMCEHI76,3/1/2006
374,2,9434621136,CRDW760222FBSIEA91,8/5/2001
375,2,7902276166,ARWJ970404MQTROO60,5/4/2012
376,4,4840856326,ALMA830409MSRMAL39,6/5/2019
377,5,2448870393,CUCL990924MASRHA62,3/17/2019
378,12,4366972661,GIHN980222MCMLAI09,12/16/2010
379,2,8773946297,GOFM961107FTCTUO54,7/2/2007
380,3,5944534014,GELG970223FGTIEL29,8/29/2015
381,15,756106436,GLGL840412FNLAOO81,11/24/2014
382,5,896176977,PRGL701222FMCIII62,10/21/2021
383,15,8446432686,LOSK880201ATLUAA99,12/6/2000
384,6,2772282499,MCAO920101FHGCCL03,5/21/2018
385,11,7625061679,TACM870706MVZNRA14,4/2/2012
386,18,3762762181,KRSH740910NOCYIO87,6/15/2000
387,6,8965818408,MACK750122MCLCRI37,3/29/2016
388,8,7634613094,GAVF891225FTSDIR46,4/15/2002
389,19,3140633742,FAJJ841022MBSLAU69,2/19/2019
390,5,7105123195,PAAC920419FGTTVO87,6/21/2020
391,9,5564180286,WHGD870116FVZAUA72,1/22/2021
392,16,2376876495,NOGE840522MTCRRV12,2/4/2015
393,9,7589001063,GELG970223FGTIEL29,10/24/2007
394,2,4799923935,MCAO920101FHGCCL03,9/4/2014
395,14,2768001173,PIGO910404FMNDED41,1/30/2004
396,6,8599360885,GIHN980222MCMLAI09,9/25/2007
397,12,1993012544,BRBL860509FJCOAY25,7/4/2012
398,6,9418781147,PRGL701222FMCIII62,2/3/2012
399,2,7880356863,COBI760520MASPAN90,2/2/2006
400,16,4450179155,MCCS951214FNLCHH80,6/9/2002
401,3,3945733075,KEEC990619MQTHDO55,6/19/2022
402,15,7630151730,KNBK960914FASOOA45,4/9/2011
403,10,8236654733,CACH800731MMSZLE85,11/10/2000
404,9,5355898349,HABA820225FTLRIL45,1/19/2008
405,7,7390642262,AYBK761021GPLCRA42,1/23/2002
406,12,6051285442,KNBK960914FASOOA45,10/9/2018
407,15,2227824632,BETL920711FDGRWA64,12/20/2006
408,18,8529757474,KRSH740910NOCYIO87,12/15/2010
409,3,2341105107,DRND851022BTCIIA89,12/17/2007
410,6,1711683186,CACH800731MMSZLE85,8/2/2018
411,6,2532410275,DABR930520MPLRIA38,1/18/2002
412,2,3297437711,BETL920711FDGRWA64,1/13/2016
413,14,7800455045,SHSS960626FGRECI13,5/8/2004
414,2,7552074904,LIMD721115MJCMIO09,7/29/2016
415,2,3231116776,HUPF751231FCMNAE48,6/19/2015
416,19,3775017552,PUOL940815MCHDNA54,1/18/2012
417,11,1423356343,BETL920711FDGRWA64,12/30/2009
418,11,2377337578,MCAO920101FHGCCL03,6/15/2014
419,14,4012655104,GADA911027FHGSIG96,2/19/2020
420,4,8712991913,ROSE760109MASWUR22,2/26/2010
421,12,3478661795,MACK750122MCLCRI37,6/7/2012
422,4,9836498402,HERS800926FCHBUT83,2/20/2001
423,9,1964011137,DACK761125FBSRUI38,7/29/2020
424,13,4227703406,GELG970223FGTIEL29,10/16/2002
425,13,6019369547,PUOL940815MCHDNA54,6/1/2002
426,17,2072682649,DACK761125FBSRUI38,6/11/2012
427,13,8674879583,PAME910207FSLWCN51,5/24/2017
428,18,5439605517,KILT800801FOCTAI84,8/5/2014
429,2,1170098579,SAMC711103FGTWEH64,7/26/2001
430,8,4115301683,MACK750122MCLCRI37,4/29/2006
431,2,4198127732,PIGO910404FMNDED41,1/13/2021
432,19,6868479678,ROSE760109MASWUR22,4/23/2003
433,4,3196845109,FESJ871216MBCRHE05,3/18/2017
434,10,7622458248,TACM870706MVZNRA14,2/14/2017
435,13,1755065031,REMV970310MYNVOA05,7/16/2003
436,3,1952090941,REMV970310MYNVOA05,3/29/2022
437,17,7244490508,MAWA931112FCHRAB49,10/19/2016
438,16,6405299281,VEMC760926FQRNAA13,7/11/2003
439,1,4130228388,BETL920711FDGRWA64,11/10/2010
440,11,1604784118,MUOS760923MNTNPI24,1/6/2009
441,6,4044293079,GAVF891225FTSDIR46,4/7/2004
442,17,7882521023,WHGD870116FVZAUA72,6/15/2004
443,17,8725008287,GOFM961107FTCTUO54,10/17/2005
444,8,4740858735,COMM900506FTSCOA03,12/18/2002
445,1,5518683401,MCCS951214FNLCHH80,5/11/2000
446,18,4130228388,PAAC920419FGTTVO87,7/9/2008
447,18,9101436558,DAJR941016MDGLIA11,3/22/2009
448,16,5819971660,GHCF761019BMCEHI76,8/5/2005
449,16,7997177856,LEBC850828PSPTLO16,4/21/2000
450,10,3659098276,PRGL701222FMCIII62,9/17/2015
451,14,3487550564,LOSK880201ATLUAA99,4/11/2008
452,17,9285025109,CRPA890528MPLAHU58,4/2/2011
453,17,4767995821,GAVF891225FTSDIR46,1/21/2020
454,4,6901985087,MCAO920101FHGCCL03,4/28/2000
455,12,5322205938,MASA790911FCLXEU22,3/1/2001
456,6,1929143069,DOBL850516BQRNOI91,12/29/2015
457,17,2185451597,HERS800926FCHBUT83,2/7/2009
458,7,7552957856,DOEB820928MDFMNE22,2/10/2007
459,10,316179929,HERS800926FCHBUT83,5/12/2018
460,5,7863093939,BRBL860509FJCOAY25,4/14/2022
461,10,6933732089,PIGO910404FMNDED41,5/11/2013
462,11,8593066344,LIMD721115MJCMIO09,1/27/2005
463,11,4989982195,LIMD721115MJCMIO09,4/5/2021
464,18,6865035431,DUUS830112FTSIRT54,4/17/2000
465,12,5027698945,SMDH870821NDFAUA60,4/8/2001
466,12,3142905878,CACH800731MMSZLE85,9/2/2000
467,12,86233703,HEMD820611MGTAEU67,12/15/2003
468,17,7314807768,ARWJ970404MQTROO60,11/28/2001
469,19,1082057430,HUPF751231FCMNAE48,10/20/2000
470,6,7733427113,GADA911027FHGSIG96,11/27/2003
471,12,6128022375,VEEH800225MCSRRU48,3/24/2000
472,8,4089707887,GLGL840412FNLAOO81,5/4/2014
473,14,9571937157,GHCF761019BMCEHI76,9/21/2018
474,19,5156127706,CRPA890528MPLAHU58,5/21/2020
475,6,6499383004,VEEH800225MCSRRU48,8/31/2015
476,5,9611743922,GADA911027FHGSIG96,10/10/2015
477,8,920587366,KLAL900916FDGEIE04,2/20/2007
478,19,1459329913,DAJR941016MDGLIA11,7/31/2001
479,5,1857156628,VASM801119AHGNLA39,9/15/2017
480,3,1797425467,VASM801119AHGNLA39,11/5/2021
481,16,2267194714,PAAC920419FGTTVO87,10/20/2012
482,19,4504809364,MAEP901211MGTCNA73,10/19/2017
483,16,34683001,GLGL840412FNLAOO81,5/19/2005
484,13,5293567672,FAJJ841022MBSLAU69,12/10/2008
485,3,7862602560,VEMC760926FQRNAA13,3/13/2001
486,19,1568779312,GAVF891225FTSDIR46,9/23/2007
487,13,2232089381,HUVR861220MTCGEO09,5/19/2015
488,3,4877970524,DOEB820928MDFMNE22,6/22/2022
489,14,7206203842,SPBH830615MASEEE39,9/1/2016
490,17,7300368443,BALS870921MCSUAC68,7/12/2006
491,4,290659696,SPBH830615MASEEE39,12/8/2011
492,9,3535549237,GLGL840412FNLAOO81,4/6/2013
493,4,8472172948,MASA790911FCLXEU22,1/1/2017
494,11,1636520526,MAWA931112FCHRAB49,9/1/2010
495,18,903967809,GLGL840412FNLAOO81,6/18/2007
496,16,6855580374,TRPL890731GDFUEA46,9/30/2010
497,14,6526451022,BETL920711FDGRWA64,4/20/2015
498,14,6174017446,GELG970223FGTIEL29,4/19/2007
499,5,2232351878,HUVR861220MTCGEO09,11/4/2013
500,10,2215674436,NOGE840522MTCRRV12,2/9/2003
501,7,3503423987,VAPC920826MPLRUO86,12/19/2005
502,16,8318047372,BEWB981224FPLLOA85,12/26/2001
503,7,7073911861,MCAO920101FHGCCL03,6/1/2015
504,8,3551463290,MCCS951214FNLCHH80,7/12/2015
505,10,7641227449,HINA980519MOCNAD56,10/23/2010
506,6,9426705202,GELG970223FGTIEL29,1/16/2011
507,18,2199508992,VEEH800225MCSRRU48,7/1/2011
508,13,352898195,DACK761125FBSRUI38,5/1/2012
509,11,8831276645,GIHN980222MCMLAI09,5/21/2002
510,15,3807810768,HEMD820611MGTAEU67,3/25/2007
511,19,3619360644,VASM801119AHGNLA39,2/2/2021
512,6,3388732384,INTL800217FSLKIE81,7/1/2015
513,8,3675394777,ALMA830409MSRMAL39,10/24/2013
514,5,56006646,KILT800801FOCTAI84,11/3/2014
515,18,6898460829,MAWA931112FCHRAB49,12/31/2001
516,3,9234382253,GAVF891225FTSDIR46,9/10/2002
517,17,1929985890,GHCF761019BMCEHI76,1/20/2002
518,18,7800455045,GHCF761019BMCEHI76,8/29/2022
519,12,2406751615,REMV970310MYNVOA05,5/5/2009
520,16,4089707887,RYHB770516PCCAEE69,11/6/2004
521,6,6328452099,CHGR981221MMSERU84,3/20/2011
522,13,7629639778,GHCF761019BMCEHI76,2/12/2011
523,16,7062264048,CRDW760222FBSIEA91,10/30/2022
524,4,3522674513,TACM870706MVZNRA14,4/19/2017
525,8,2449299063,ALMA830409MSRMAL39,7/22/2014
526,10,2006417731,HUPF751231FCMNAE48,12/19/2010
527,1,8454020777,BRBL860509FJCOAY25,2/16/2006
528,19,3388732384,GAVF891225FTSDIR46,11/20/2022
529,1,5440853526,HERS800926FCHBUT83,7/31/2021
530,19,2162846668,PRGL701222FMCIII62,7/26/2007
531,4,2532410275,GADA911027FHGSIG96,4/14/2012
532,10,7194532051,LOSK880201ATLUAA99,10/10/2015
533,8,6869684888,PACA700821FGTULN20,2/2/2018
534,2,8208438055,ROSE760109MASWUR22,9/14/2010
535,10,7880356863,WHGD870116FVZAUA72,3/31/2009
536,7,9973017532,HERS800926FCHBUT83,8/14/2022
537,8,4756430108,CUCL990924MASRHA62,9/23/2022
538,16,1769798866,VASM801119AHGNLA39,9/17/2013
539,12,4170768019,NEAG970216FMSWBR17,10/12/2000
540,3,1354965076,GAVF891225FTSDIR46,2/22/2019
541,6,7606835251,OSKC980330BYNOUO94,3/4/2022
542,5,6780665209,MCAO920101FHGCCL03,5/20/2019
543,3,4372499748,OSKC980330BYNOUO94,11/1/2011
544,8,1708221105,MAEP901211MGTCNA73,3/27/2013
545,2,8969914571,OSKC980330BYNOUO94,12/9/2008
546,13,4886061572,GLGL840412FNLAOO81,6/29/2009
547,17,1486315426,HERS800926FCHBUT83,4/27/2009
548,4,6922320542,COMM900506FTSCOA03,4/16/2001
549,12,270311679,DRND851022BTCIIA89,3/8/2008
550,3,4389012902,CHGR981221MMSERU84,8/19/2018
551,16,50898070,VEMC760926FQRNAA13,8/19/2014
552,15,3261024645,DOBL850516BQRNOI91,11/16/2018
553,5,2072682649,HUVR861220MTCGEO09,11/6/2017
554,11,5102185795,LIMD721115MJCMIO09,11/18/2015
555,6,2834408264,REMV970310MYNVOA05,7/19/2006
556,5,3095280991,COHJ760326MDFSUU07,3/1/2007
557,13,4389012902,MABP780714MMNFRA82,2/2/2018
558,9,3503423987,TRPL890731GDFUEA46,5/23/2004
559,14,6596539974,BEWB981224FPLLOA85,2/17/2018
560,17,1916693898,MASA790911FCLXEU22,9/17/2011
561,6,9531141359,WHGD870116FVZAUA72,12/18/2004
562,13,9469183295,ALMA830409MSRMAL39,7/23/2001
563,18,3206838692,VASM801119AHGNLA39,12/12/2003
564,5,8446432686,OSKC980330BYNOUO94,1/2/2005
565,11,5156127706,SAMC711103FGTWEH64,5/8/2012
566,17,7409123160,TACM870706MVZNRA14,11/17/2001
567,12,2406751615,MAWA931112FCHRAB49,4/12/2012
568,10,1359964080,THFT841224MQROII59,2/26/2008
569,5,5373459017,HINA980519MOCNAD56,7/18/2001
570,19,8669728408,BALS870921MCSUAC68,8/25/2009
571,2,6898460829,MACK750122MCLCRI37,11/7/2013
572,10,7045488833,DACK761125FBSRUI38,6/10/2000
573,5,3999465968,KLAL900916FDGEIE04,8/16/2013
574,17,4088684551,EBHL720222MCLBAA97,4/17/2001
575,1,2017292147,HINA980519MOCNAD56,3/28/2003
576,6,827615794,CUCL990924MASRHA62,3/17/2014
577,6,2267194714,GADA911027FHGSIG96,11/25/2022
578,12,9676165727,SHSS960626FGRECI13,12/5/2009
579,4,3726562643,DETE720227MMCDRP41,3/23/2008
580,4,4096689407,PUOL940815MCHDNA54,4/11/2000
581,14,7900930689,HABA820225FTLRIL45,7/28/2021
582,6,9519960627,KNBK960914FASOOA45,12/25/2001
583,9,4217939384,CACH800731MMSZLE85,10/31/2009
584,11,756106436,STWL800319GMCUAO28,10/8/2007
585,4,1005448075,ALMA830409MSRMAL39,12/21/2016
586,11,4586636457,KUWS910402NNLBEI94,11/9/2003
587,14,1402769956,VEEH800225MCSRRU48,11/18/2001
588,3,8454020777,EBHL720222MCLBAA97,6/5/2020
589,9,7800455045,MACK750122MCLCRI37,10/17/2001
590,18,4372499748,CHRH921025MTLEOA42,12/17/2012
591,19,3547322688,DISG740707FSLLWW28,4/2/2002
592,10,4055014369,MABP780714MMNFRA82,6/26/2018
593,19,1276634306,HINA980519MOCNAD56,1/25/2018
594,12,7849623842,TACM870706MVZNRA14,3/4/2013
595,18,9189952458,PUOL940815MCHDNA54,6/21/2017
596,14,9234382253,COHJ760326MDFSUU07,8/16/2022
597,6,9531141359,CHRH921025MTLEOA42,3/19/2006
598,15,6348147242,KABH790308MBSROA03,4/9/2000
599,5,5302475479,WHGD870116FVZAUA72,4/18/2017
600,16,6830694797,FESJ871216MBCRHE05,1/31/2006
601,8,8997462768,GADA911027FHGSIG96,5/26/2010
602,13,9813757312,DRND851022BTCIIA89,6/19/2002
603,2,7773509902,TRPL890731GDFUEA46,9/12/2017
604,2,3670112916,NOGE840522MTCRRV12,5/26/2004
605,7,9870527627,VAPC920826MPLRUO86,8/1/2014
606,7,3619360644,BEWB981224FPLLOA85,3/6/2020
607,7,3593618030,PUOL940815MCHDNA54,6/11/2018
608,1,1276634306,ANQS780903FQTDUA20,3/27/2000
609,4,6254122099,VEEH800225MCSRRU48,7/6/2021
610,9,9553597448,TRPL890731GDFUEA46,7/4/2017
611,8,4344738500,COMM900506FTSCOA03,11/18/2001
612,9,98993520,CHGR981221MMSERU84,1/6/2007
613,8,1568779312,GIHN980222MCMLAI09,6/21/2021
614,9,1339812248,BETL920711FDGRWA64,7/2/2001
615,8,2666487143,NEAG970216FMSWBR17,6/26/2008
616,6,2005310385,AYBK761021GPLCRA42,6/1/2007
617,15,5694340572,ANQS780903FQTDUA20,4/4/2004
618,3,2976167790,VAJJ860909FJCSIA20,9/15/2015
619,5,9101436558,GHCF761019BMCEHI76,3/10/2014
620,11,3535549237,STWL800319GMCUAO28,1/25/2005
621,6,7329965125,KILT800801FOCTAI84,3/25/2005
622,4,6868479678,CRFB880126FPLUEA78,11/28/2016
623,1,1756942797,CHGR981221MMSERU84,9/23/2004
624,4,1676714399,SMDH870821NDFAUA60,1/21/2006
625,12,3206838692,GAVF891225FTSDIR46,11/10/2000
626,6,8725008287,KNBK960914FASOOA45,3/14/2014
627,3,8101776546,CRFB880126FPLUEA78,6/2/2005
628,16,9773524930,GELG970223FGTIEL29,11/26/2012
629,15,1711683186,CRFB880126FPLUEA78,6/19/2016
630,18,8636843289,GIHN980222MCMLAI09,3/4/2019
631,4,8806568984,MCAO920101FHGCCL03,11/14/2012
632,3,9290904331,KRSH740910NOCYIO87,8/31/2001
633,14,8983180811,KRSH740910NOCYIO87,10/29/2005
634,12,2689555612,KRSH740910NOCYIO87,6/2/2018
635,10,8712991913,INTL800217FSLKIE81,3/17/2006
636,1,159944260,BALS870921MCSUAC68,8/27/2001
637,15,8560689712,PUOL940815MCHDNA54,5/14/2013
638,14,5218562305,DETE720227MMCDRP41,3/7/2001
639,7,5518683401,PACA700821FGTULN20,8/15/2012
640,7,9887096526,VAPC920826MPLRUO86,2/8/2020
641,16,7390642262,COBI760520MASPAN90,3/5/2020
642,7,8619065784,VAJJ860909FJCSIA20,11/28/2017
643,9,2234835538,SPBH830615MASEEE39,7/18/2018
644,17,2652836050,VEEH800225MCSRRU48,11/3/2012
645,14,2006417731,SHCJ990110FCHAAU13,7/2/2008
646,2,4164715810,GIWG820104FNLLAE76,9/21/2011
647,16,9261732619,MASA790911FCLXEU22,4/30/2022
648,17,7630151730,KLAL900916FDGEIE04,5/7/2018
649,3,6194605963,DACK761125FBSRUI38,4/18/2022
650,11,1003892755,HEMD820611MGTAEU67,9/26/2016
651,15,2449299063,FAIG991004MSPRTE27,5/3/2000
652,6,1258821352,GIWG820104FNLLAE76,8/21/2008
653,11,2449299063,SMDH870821NDFAUA60,11/15/2008
654,18,3121410277,VEMC760926FQRNAA13,11/15/2019
655,12,3487550564,LEBC850828PSPTLO16,4/27/2003
656,13,3670112916,TRPL890731GDFUEA46,11/3/2011
657,1,2456516857,MAWA931112FCHRAB49,4/25/2019
658,5,1916693898,PUOL940815MCHDNA54,12/31/2007
659,3,5944534014,BRBL860509FJCOAY25,7/20/2002
660,10,2622026402,WHGD870116FVZAUA72,8/27/2013
661,6,4107607262,VAJJ860909FJCSIA20,8/24/2003
662,7,8968211571,KLAL900916FDGEIE04,7/16/2020
663,6,4096689407,KABH790308MBSROA03,2/16/2022
664,4,8065590304,COMM900506FTSCOA03,5/18/2018
665,5,3095280991,VAPC920826MPLRUO86,4/25/2019
666,9,2462126223,STHR841219FTLAAA64,2/15/2001
667,5,5297743601,DISG740707FSLLWW28,5/25/2005
668,5,7606435754,HEMD820611MGTAEU67,3/18/2007
669,17,6393861540,DISG740707FSLLWW28,2/27/2015
670,17,7520272585,VAJJ860909FJCSIA20,8/15/2021
671,12,8861080126,KNBK960914FASOOA45,3/18/2021
672,17,2834408264,DACK761125FBSRUI38,1/3/2019
673,9,6874506970,OSKC980330BYNOUO94,7/19/2015
674,8,6958083032,DABR930520MPLRIA38,10/30/2020
675,2,7105123195,HUVR861220MTCGEO09,8/10/2021
676,12,9169049643,CRDW760222FBSIEA91,5/30/2005
677,1,5873441292,MASA790911FCLXEU22,12/13/2014
678,18,1276634306,PASR941118MDFCTO81,2/8/2009
679,11,7696030989,HUVR861220MTCGEO09,8/9/2004
680,3,739229547,CHRH921025MTLEOA42,1/29/2021
681,5,1530250374,CRFB880126FPLUEA78,11/15/2017
682,12,9571937157,FESJ871216MBCRHE05,11/28/2019
683,6,6128022375,VAPC920826MPLRUO86,8/19/2014
684,18,9205250769,HABA820225FTLRIL45,11/27/2005
685,17,7957583846,GIHN980222MCMLAI09,9/5/2001
686,12,4044293079,CHGR981221MMSERU84,11/9/2002
687,19,1932265087,SHSS960626FGRECI13,8/4/2002
688,3,3537598973,TACM870706MVZNRA14,12/16/2011
689,6,3619360644,CHGR981221MMSERU84,6/15/2005
690,3,9887280153,CRPA890528MPLAHU58,2/13/2008
691,16,5440853526,ROSE760109MASWUR22,1/7/2013
692,19,3237193462,LOSK880201ATLUAA99,4/9/2003
693,17,7364238564,PRGL701222FMCIII62,11/11/2008
694,11,756106436,DOEB820928MDFMNE22,5/21/2018
695,13,2168065162,DACK761125FBSRUI38,5/26/2015
696,13,5944534014,CACH800731MMSZLE85,2/2/2017
697,4,9558271495,PIGO910404FMNDED41,6/17/2011
698,19,1636520526,CHRH921025MTLEOA42,9/4/2016
699,12,2308194632,GADA911027FHGSIG96,8/16/2010
700,19,4250033826,TACM870706MVZNRA14,11/13/2020
701,19,5427779668,STHR841219FTLAAA64,8/25/2011
702,6,5223439597,FESJ871216MBCRHE05,5/20/2014
703,8,5721441928,HUPF751231FCMNAE48,6/21/2019
704,9,82870485,PAME910207FSLWCN51,3/12/2020
705,7,5534449932,HERS800926FCHBUT83,3/15/2022
706,15,3537598973,DAJR941016MDGLIA11,12/4/2019
707,11,3510862472,KRSH740910NOCYIO87,5/18/2021
708,16,7849623842,KABH790308MBSROA03,1/21/2021
709,15,101466557,SPBH830615MASEEE39,1/19/2004
710,3,7696030989,DOBL850516BQRNOI91,6/11/2000
711,18,4680967140,FAJJ841022MBSLAU69,6/11/2003
712,15,8101776546,HABA820225FTLRIL45,12/12/2010
713,12,2764848569,GLGL840412FNLAOO81,8/18/2020
714,3,8786757064,HUPF751231FCMNAE48,12/26/2004
715,10,8363645389,KEEC990619MQTHDO55,1/6/2020
716,3,7733427113,FAIG991004MSPRTE27,5/23/2022
717,5,5325546099,CRPA890528MPLAHU58,1/13/2012
718,13,1218794201,BUBM970516FOCMRE84,2/13/2001
719,7,2885014630,PRGL701222FMCIII62,10/30/2021
720,14,3764250766,TRPL890731GDFUEA46,2/12/2020
721,16,7824276278,BALS870921MCSUAC68,6/17/2014
722,3,6841476700,HUVR861220MTCGEO09,3/9/2022
723,3,4388337870,GAVF891225FTSDIR46,5/4/2003
724,5,4611032668,VASM801119AHGNLA39,1/30/2015
725,6,7606435754,FESJ871216MBCRHE05,8/19/2021
726,19,1099943705,COMM900506FTSCOA03,8/24/2020
727,12,1197017565,VAJJ860909FJCSIA20,12/4/2005
728,3,1423356343,HERS800926FCHBUT83,8/18/2015
729,10,9480579214,MUOS760923MNTNPI24,10/21/2022
730,12,4055014369,CHML890621FMSAEU73,2/9/2019
731,12,3968495012,HERS800926FCHBUT83,10/13/2000
732,17,4089707887,EBHL720222MCLBAA97,1/30/2016
733,2,4366972661,DAJR941016MDGLIA11,9/9/2004
734,10,1725555913,FESJ871216MBCRHE05,5/1/2007
735,16,5237502798,FAIG991004MSPRTE27,2/7/2017
736,15,3796193745,MAEP901211MGTCNA73,2/19/2001
737,10,554038817,CHRH921025MTLEOA42,7/6/2003
738,13,8159478560,CRDW760222FBSIEA91,12/17/2008
739,3,8951172827,BABG810617FHGUIA28,12/21/2014
740,9,2305257430,DRND851022BTCIIA89,1/22/2000
741,1,130915885,COMM900506FTSCOA03,12/22/2017
742,4,9611743922,BALS870921MCSUAC68,4/28/2011
743,9,9769000993,FESJ871216MBCRHE05,2/28/2006
744,13,582179862,FAIG991004MSPRTE27,2/17/2017
745,17,661512252,BETL920711FDGRWA64,8/26/2010
746,18,5156127706,GLGL840412FNLAOO81,1/14/2014
747,19,7589001063,CHRH921025MTLEOA42,3/11/2011
748,5,9370432495,PUOL940815MCHDNA54,7/4/2018
749,14,6405299281,HINA980519MOCNAD56,11/29/2021
750,6,7183603043,MAWA931112FCHRAB49,4/7/2017
751,19,6780665209,VAJJ860909FJCSIA20,9/26/2017
752,6,1913871867,GAVF891225FTSDIR46,12/14/2013
753,18,1875837656,SAMC711103FGTWEH64,8/2/2003
754,6,6830694797,DABR930520MPLRIA38,3/17/2001
755,8,6469540464,MCAO920101FHGCCL03,6/29/2015
756,17,2772286047,HEMD820611MGTAEU67,6/17/2017
757,6,4740858735,HUVR861220MTCGEO09,8/24/2008
758,6,2319516345,DAJR941016MDGLIA11,5/21/2021
759,2,928939801,MUOS760923MNTNPI24,4/4/2010
760,19,7567798087,CRPA890528MPLAHU58,6/24/2020
761,19,7206203842,CACA880301FCHMRU20,8/10/2013
762,11,9480579214,SPBH830615MASEEE39,4/5/2003
763,18,6927303036,FAJJ841022MBSLAU69,8/17/2001
764,5,6996405651,REMV970310MYNVOA05,6/16/2020
765,15,8443152484,CRDW760222FBSIEA91,3/17/2021
766,2,7206203842,DABR930520MPLRIA38,12/25/2012
767,3,4388337870,GOFM961107FTCTUO54,1/13/2014
768,18,6318817708,DISG740707FSLLWW28,7/7/2009
769,16,2806026625,MCAO920101FHGCCL03,9/13/2006
770,1,3206838692,ARWJ970404MQTROO60,5/16/2022
771,5,9741864486,HERS800926FCHBUT83,4/20/2001
772,5,1394209489,EBHL720222MCLBAA97,3/1/2015
773,9,7606835251,STHR841219FTLAAA64,2/28/2005
774,2,2006417731,DETE720227MMCDRP41,9/3/2016
775,17,948129120,DUUS830112FTSIRT54,9/7/2021
776,8,450081685,LEBC850828PSPTLO16,4/6/2007
777,11,5939207786,DOBL850516BQRNOI91,7/6/2005
778,10,1993012544,GAVF891225FTSDIR46,4/24/2016
779,18,7709559416,CACH800731MMSZLE85,3/29/2008
780,12,4496475141,BABG810617FHGUIA28,3/10/2008
781,11,7618321202,KUWS910402NNLBEI94,3/10/2010
782,9,928939801,DUUS830112FTSIRT54,9/7/2010
783,16,2602172886,DABR930520MPLRIA38,4/9/2014
784,12,7874290879,FAIG991004MSPRTE27,2/27/2018
785,11,7094247364,DETE720227MMCDRP41,4/30/2011
786,16,1568779312,SAMC711103FGTWEH64,3/3/2012
787,4,4217939384,CACH800731MMSZLE85,3/14/2021
788,15,2168065162,BALS870921MCSUAC68,5/8/2021
789,8,3807810768,PACA700821FGTULN20,6/7/2007
790,7,7013255885,MAWA931112FCHRAB49,10/1/2020
791,13,7105123195,GIWG820104FNLLAE76,7/25/2018
792,7,4022938125,GLGL840412FNLAOO81,9/17/2020
793,19,3707928194,ANQS780903FQTDUA20,12/27/2012
794,12,1276634306,BEWB981224FPLLOA85,4/30/2018
795,14,3453916062,CRPA890528MPLAHU58,9/5/2012
796,6,3336774723,BEWB981224FPLLOA85,8/20/2016
797,12,6402731088,COBI760520MASPAN90,8/5/2012
798,17,1708221105,MCCS951214FNLCHH80,3/5/2008
799,4,6858779295,MACK750122MCLCRI37,10/10/2009
800,6,6675947923,DUUS830112FTSIRT54,10/20/2009
801,11,9169049643,PUOL940815MCHDNA54,6/11/2017
802,15,7107909572,ARWJ970404MQTROO60,6/20/2015
803,1,9469183295,VAPC920826MPLRUO86,8/27/2010
804,13,4832332447,KABH790308MBSROA03,6/17/2005
805,19,3376519647,COMM900506FTSCOA03,12/20/2019
806,8,9235113976,CRPA890528MPLAHU58,11/6/2009
807,11,4198127732,CUCL990924MASRHA62,9/18/2006
808,11,4886061572,GADA911027FHGSIG96,8/8/2021
809,16,6019369547,BALS870921MCSUAC68,8/4/2005
810,16,5534449932,VEMC760926FQRNAA13,11/13/2001
811,5,9720110022,COMM900506FTSCOA03,8/20/2008
812,3,6112887474,KILT800801FOCTAI84,2/28/2005
813,19,6499383004,BRBL860509FJCOAY25,1/25/2020
814,2,6469540464,MCAO920101FHGCCL03,12/26/2017
815,17,3196845109,DISG740707FSLLWW28,6/14/2021
816,14,4716778888,ARWJ970404MQTROO60,6/15/2000
817,13,2804597813,SAMC711103FGTWEH64,7/20/2007
818,13,4989982195,ROSE760109MASWUR22,8/22/2022
819,16,6019369547,HINA980519MOCNAD56,2/22/2005
820,10,5195886416,GHCF761019BMCEHI76,4/13/2010
821,1,4115301683,MACK750122MCLCRI37,5/6/2000
822,1,1099943705,DABR930520MPLRIA38,3/6/2016
823,4,9138505018,DAJR941016MDGLIA11,2/8/2016
824,5,1626606185,KLAL900916FDGEIE04,11/30/2005
825,7,1339812248,BEWB981224FPLLOA85,2/17/2001
826,1,7892385355,GLGL840412FNLAOO81,6/29/2011
827,3,8290246430,RYHB770516PCCAEE69,9/20/2013
828,4,6499383004,KLAL900916FDGEIE04,6/9/2020
829,10,3027270511,FAJJ841022MBSLAU69,11/5/2016
830,6,399610235,HEMD820611MGTAEU67,8/27/2006
831,10,2764848569,SMDH870821NDFAUA60,10/10/2004
832,4,1276634306,CACA880301FCHMRU20,5/19/2008
833,5,450081685,AYBK761021GPLCRA42,9/4/2021
834,4,9035092784,DISG740707FSLLWW28,8/20/2007
835,13,1929143069,VAPC920826MPLRUO86,3/27/2014
836,9,2984876767,HABA820225FTLRIL45,12/5/2005
837,15,2689555612,CEPY851026FNTSRO85,1/24/2018
838,12,2622026402,BEWB981224FPLLOA85,1/12/2005
839,8,8712991913,COMM900506FTSCOA03,7/30/2003
840,14,4601591860,CRPA890528MPLAHU58,11/17/2009
841,15,1109997030,GOFM961107FTCTUO54,1/22/2005
842,15,9332588254,FAJJ841022MBSLAU69,8/14/2010
843,5,4158460269,GHCF761019BMCEHI76,12/16/2005
844,6,8712991913,CHGR981221MMSERU84,2/7/2012
845,10,5961478843,CHGR981221MMSERU84,1/9/2010
846,4,2666487143,GLGL840412FNLAOO81,7/26/2010
847,19,9285025109,DOEB820928MDFMNE22,11/4/2019
848,8,4239292817,ROSE760109MASWUR22,10/9/2003
849,7,5819971660,DRKR870309MTCOIO34,3/3/2003
850,19,5625155725,HINA980519MOCNAD56,2/9/2016
851,5,7674816916,GIHN980222MCMLAI09,5/20/2007
852,13,7757380928,REMV970310MYNVOA05,6/2/2005
853,8,8093365006,PRGL701222FMCIII62,3/22/2016
854,8,4254189057,REMV970310MYNVOA05,4/5/2002
855,8,1451589738,STWL800319GMCUAO28,5/31/2001
856,10,1596425744,KLAL900916FDGEIE04,8/27/2020
857,4,8645638020,PUOL940815MCHDNA54,9/28/2002
858,13,5042299544,CRPA890528MPLAHU58,12/17/2014
859,12,2643473422,HABA820225FTLRIL45,1/12/2018
860,2,9290904331,DRND851022BTCIIA89,5/6/2007
861,17,4254189057,NOGE840522MTCRRV12,12/8/2014
862,3,2733004080,WHGD870116FVZAUA72,5/2/2014
863,6,8861080126,KLAL900916FDGEIE04,12/23/2011
864,7,4886061572,CACA880301FCHMRU20,7/17/2014
865,8,6654193145,MCAO920101FHGCCL03,1/22/2013
866,11,4198127732,PAME910207FSLWCN51,8/16/2002
867,5,7583482601,COMM900506FTSCOA03,7/3/2020
868,16,9426705202,CACH800731MMSZLE85,6/15/2014
869,8,4088684551,KUWS910402NNLBEI94,8/30/2014
870,15,1157681117,GAVF891225FTSDIR46,9/18/2012
871,8,7105123195,HUVR861220MTCGEO09,1/19/2001
872,19,4268913690,CEPY851026FNTSRO85,7/31/2005
873,2,2341105107,SHSS960626FGRECI13,3/8/2002
874,17,1082057430,MACK750122MCLCRI37,12/24/2005
875,14,597142697,VAPC920826MPLRUO86,7/22/2000
876,9,6174017446,DETE720227MMCDRP41,8/13/2017
877,9,3464920249,BETL920711FDGRWA64,10/7/2012
878,7,3478661795,MASA790911FCLXEU22,5/15/2018
879,15,8806568984,SAMC711103FGTWEH64,8/30/2006
880,15,6328452099,COBI760520MASPAN90,12/2/2019
881,5,5322205938,COBI760520MASPAN90,8/1/2003
882,18,108932748,SHCJ990110FCHAAU13,7/14/2004
883,15,855684947,LOSK880201ATLUAA99,11/16/2012
884,13,2834408264,LIMD721115MJCMIO09,3/18/2004
885,9,4801655704,PUOL940815MCHDNA54,6/1/2011
886,16,4250033826,VASM801119AHGNLA39,2/11/2016
887,18,30694580,MAWA931112FCHRAB49,3/30/2022
888,2,8749496567,GAVF891225FTSDIR46,5/9/2017
889,5,55509441,OSKC980330BYNOUO94,11/25/2001
890,11,2063350953,WHGD870116FVZAUA72,4/30/2005
891,18,4389012902,AYBK761021GPLCRA42,10/20/2003
892,1,2415143256,THFT841224MQROII59,2/10/2007
893,19,5042299544,ANQS780903FQTDUA20,10/5/2021
894,17,785772867,DUUS830112FTSIRT54,2/24/2007
895,17,7269053794,DAJR941016MDGLIA11,2/19/2001
896,14,248657102,BETL920711FDGRWA64,5/25/2003
897,19,6469540464,BUBM970516FOCMRE84,7/7/2001
898,9,2282822200,MACK750122MCLCRI37,1/1/2015
899,18,9741864486,GHCF761019BMCEHI76,8/17/2018
900,13,8683635891,CEPY851026FNTSRO85,10/6/2009
901,14,5843659740,PIGO910404FMNDED41,8/2/2001
902,18,8819601365,REMV970310MYNVOA05,5/4/2012
903,5,3432054459,KEEC990619MQTHDO55,9/13/2014
904,18,896176977,GELG970223FGTIEL29,10/10/2017
905,18,9111773124,KRSH740910NOCYIO87,4/26/2000
906,2,2148295464,VASM801119AHGNLA39,5/12/2019
907,14,4078513731,FAJJ841022MBSLAU69,10/27/2007
908,8,8918825329,DOEB820928MDFMNE22,1/28/2019
909,9,2301744321,DISG740707FSLLWW28,1/29/2020
910,16,4881290475,KILT800801FOCTAI84,6/10/2011
911,4,2172826882,DRKR870309MTCOIO34,11/9/2003
912,15,3231116776,HERS800926FCHBUT83,1/6/2006
913,4,7478773724,RYHB770516PCCAEE69,4/25/2015
914,10,1362983622,ANQS780903FQTDUA20,11/19/2014
915,11,1929143069,CHGR981221MMSERU84,4/1/2017
916,16,7192230668,KUWS910402NNLBEI94,11/10/2016
917,5,4254189057,EBHL720222MCLBAA97,7/3/2011
918,6,5848189362,GELG970223FGTIEL29,10/21/2003
919,11,4281207168,MASA790911FCLXEU22,5/12/2011
920,11,2834408264,GADA911027FHGSIG96,7/20/2014
921,10,7329965125,DETE720227MMCDRP41,11/1/2001
922,4,30694580,NEAG970216FMSWBR17,3/6/2006
923,12,9290904331,DUUS830112FTSIRT54,7/22/2007
924,12,8645638020,MCCS951214FNLCHH80,5/13/2019
925,7,867162149,KNBK960914FASOOA45,2/9/2005
926,15,7606435754,COMM900506FTSCOA03,8/11/2018
927,12,2162846668,NOGE840522MTCRRV12,11/13/2005
928,1,7625061679,HEMD820611MGTAEU67,8/14/2005
929,5,6260665937,VEEH800225MCSRRU48,4/13/2000
930,18,5939207786,HUVR861220MTCGEO09,6/2/2013
931,3,7520272585,CRPA890528MPLAHU58,8/20/2010
932,15,9109663614,FESJ871216MBCRHE05,10/16/2020
933,18,6239961519,THFT841224MQROII59,5/15/2012
934,2,2234835538,MASA790911FCLXEU22,11/26/2000
935,14,4250033826,HUPF751231FCMNAE48,8/22/2017
936,18,316179929,MACK750122MCLCRI37,6/1/2020
937,19,5145587706,GAVF891225FTSDIR46,1/1/2022
938,10,7781065193,PUOL940815MCHDNA54,2/5/2020
939,18,3127399654,KEEC990619MQTHDO55,3/20/2005
940,12,5953752860,AYBK761021GPLCRA42,5/31/2017
941,8,6421414401,CHML890621FMSAEU73,12/27/2004
942,6,7162775310,VEMC760926FQRNAA13,5/5/2010
943,4,5439605517,AYBK761021GPLCRA42,1/16/2013
944,16,7863093939,ROSE760109MASWUR22,1/28/2020
945,2,9895915431,CRFB880126FPLUEA78,5/16/2001
946,1,2149975222,KRSH740910NOCYIO87,12/8/2006
947,4,6540332595,OSKC980330BYNOUO94,6/7/2013
948,13,4872941086,KRSH740910NOCYIO87,8/14/2005
949,12,5488356494,FESJ871216MBCRHE05,1/11/2012
950,17,1525452873,COMM900506FTSCOA03,5/10/2020
951,8,7863093939,HABA820225FTLRIL45,2/22/2017
952,14,2072120683,KNBK960914FASOOA45,8/5/2012
953,14,948129120,PACA700821FGTULN20,2/16/2014
954,13,4107607262,ALMA830409MSRMAL39,8/30/2021
955,5,9256273763,BUBM970516FOCMRE84,3/13/2015
956,12,159944260,CRPA890528MPLAHU58,10/13/2002
957,18,928939801,VASM801119AHGNLA39,12/27/2017
958,18,4801655704,MUOS760923MNTNPI24,11/20/2011
959,14,1296323035,EBHL720222MCLBAA97,9/3/2007
960,11,1631628833,MCAO920101FHGCCL03,5/7/2001
961,15,245033810,GOFM961107FTCTUO54,11/27/2021
962,1,7806824840,INTL800217FSLKIE81,12/21/2006
963,18,2622026402,SPBH830615MASEEE39,9/23/2009
964,15,3690310707,LOSK880201ATLUAA99,10/7/2020
965,7,6874506970,CHGR981221MMSERU84,3/31/2012
966,2,9138505018,SAMC711103FGTWEH64,10/14/2007
967,3,8749496567,NOGE840522MTCRRV12,2/7/2006
968,12,7951706239,MUOS760923MNTNPI24,12/15/2015
969,16,1857156628,HABA820225FTLRIL45,3/15/2018
970,6,4198127732,SHSS960626FGRECI13,9/15/2003
971,4,1993012544,KLAL900916FDGEIE04,8/4/2005
972,11,981950416,DRND851022BTCIIA89,7/13/2014
973,6,5611880895,SAMC711103FGTWEH64,3/12/2008
974,1,7902276166,VAPC920826MPLRUO86,8/14/2017
975,16,8130641661,STHR841219FTLAAA64,9/27/2006
976,2,7022492940,FAJJ841022MBSLAU69,5/24/2014
977,18,1964011137,CEPY851026FNTSRO85,4/2/2006
978,1,6834540337,PAAC920419FGTTVO87,11/24/2006
979,6,785772867,AYBK761021GPLCRA42,11/16/2015
980,4,4239292817,MACK750122MCLCRI37,4/5/2011
981,17,8991880204,EBHL720222MCLBAA97,2/29/2000
982,9,3764250766,VEMC760926FQRNAA13,5/3/2018
983,14,6874506970,BUBM970516FOCMRE84,6/29/2020
984,13,2232351878,DACK761125FBSRUI38,12/23/2008
985,13,9592633603,DAJR941016MDGLIA11,11/22/2021
986,10,5961478843,PASR941118MDFCTO81,5/19/2022
987,14,6261065648,WHGD870116FVZAUA72,8/2/2018
988,16,2834408264,BEWB981224FPLLOA85,4/10/2005
989,4,5156127706,RYHB770516PCCAEE69,3/13/2003
990,6,4801655704,GAVF891225FTSDIR46,4/24/2020
991,5,678110369,PAME910207FSLWCN51,12/3/2007
992,7,5218562305,BABG810617FHGUIA28,9/17/2000
993,12,2397364889,HUPF751231FCMNAE48,4/13/2001
994,9,8636843289,SHSS960626FGRECI13,3/12/2008
995,15,4450179155,KILT800801FOCTAI84,6/9/2007
996,5,4612344355,TACM870706MVZNRA14,8/26/2011
997,4,1099943705,REMV970310MYNVOA05,1/11/2020
998,12,3868404606,CRDW760222FBSIEA91,8/9/2006
999,8,3863113565,COBI760520MASPAN90,5/25/2008
1000,3,6278379553,ROSE760109MASWUR22,5/10/2016
