ID_COMPRAXPRODUCTO,ID_COMPRA,ID_PRODUCTO,DIA_INGRESO,MES_INGRESO,ANO_INGRESO,DIA_CADUCIDAD,MES_CADUCIDAD,ANO_CADUCIDAD
1,9332588254,34,1,2,2023,24,8,2023
2,6247153480,22,13,1,2023,19,9,2023
3,4130228388,84,21,3,2023,29,9,2023
4,9812497476,6,26,1,2023,11,9,2023
5,9870152514,49,22,3,2023,25,12,2023
6,8645638020,6,22,5,2023,18,10,2023
7,9644971143,61,3,2,2023,18,11,2023
8,7001522037,54,1,4,2023,19,8,2023
9,2602172886,25,18,2,2023,12,6,2023
10,4747993189,29,30,2,2023,5,11,2023
11,5302212880,85,4,3,2023,30,6,2023
12,9101436558,16,24,1,2023,29,6,2023
13,3026049356,2,14,2,2023,16,6,2023
14,2258869404,51,30,5,2023,1,12,2023
15,7641227449,54,8,5,2023,8,12,2023
16,9125521403,18,3,1,2023,5,12,2023
17,6491815127,89,20,1,2023,14,6,2023
18,4055014369,45,24,1,2023,15,7,2023
19,1099943705,51,3,4,2023,30,8,2023
20,5618174994,62,14,5,2023,5,6,2023
21,1296323035,15,28,2,2023,30,7,2023
22,9160142220,71,30,1,2023,13,11,2023
23,2448870393,35,29,4,2023,26,8,2023
24,5042299544,64,22,5,2023,16,11,2023
25,316179929,74,24,3,2023,30,7,2023
26,2643473422,53,21,4,2023,19,6,2023
27,8222977711,68,30,1,2023,22,11,2023
28,6675947923,64,3,5,2023,29,6,2023
29,8170877736,60,15,4,2023,10,8,2023
30,5488356494,57,11,2,2023,15,6,2023
31,1172888208,76,27,5,2023,16,11,2023
32,6489379374,66,1,2,2023,15,11,2023
33,4119860729,22,16,3,2023,6,11,2023
34,6491815127,13,17,2,2023,15,12,2023
35,4877970524,55,1,5,2023,4,8,2023
36,1197135548,68,24,1,2023,1,12,2023
37,7520272585,37,11,3,2023,2,7,2023
38,6812772105,4,6,2,2023,10,11,2023
39,6328452099,53,8,1,2023,27,11,2023
40,2622026402,4,9,1,2023,7,12,2023
41,855684947,81,6,4,2023,3,11,2023
42,9074084910,58,18,5,2023,2,8,2023
43,7074765592,3,10,2,2023,3,7,2023
44,5708553455,88,9,2,2023,11,11,2023
45,699854461,56,17,3,2023,9,9,2023
46,7344312656,89,3,1,2023,17,7,2023
47,6260665937,62,13,4,2023,8,12,2023
48,9553597448,71,29,1,2023,23,11,2023
49,712448798,45,26,3,2023,6,12,2023
50,8186752955,40,6,1,2023,2,8,2023
51,5373459017,26,20,3,2023,19,9,2023
52,6995562679,14,4,5,2023,5,6,2023
53,4344738500,75,26,4,2023,21,6,2023
54,3127399654,60,2,5,2023,12,11,2023
55,6602832435,25,2,5,2023,2,10,2023
56,3535549237,71,25,4,2023,14,9,2023
57,1354965076,25,8,4,2023,7,10,2023
58,2689555612,28,4,3,2023,15,10,2023
59,9111773124,61,16,1,2023,27,8,2023
60,4287524211,64,22,3,2023,26,7,2023
61,8046796263,68,10,1,2023,27,11,2023
62,7806824840,2,29,3,2023,16,8,2023
63,7425254594,87,26,4,2023,29,10,2023
64,8470146819,51,6,2,2023,18,7,2023
65,3593618030,56,16,4,2023,26,12,2023
66,7622458248,37,29,1,2023,4,9,2023
67,988821479,54,13,3,2023,23,7,2023
68,8278643212,44,13,3,2023,21,7,2023
69,9781005878,27,9,3,2023,8,12,2023
70,6812772105,66,17,4,2023,3,8,2023
71,2652836050,7,16,5,2023,2,9,2023
72,7409123160,75,1,1,2023,12,8,2023
73,6858779295,53,19,1,2023,14,12,2023
74,9211515408,14,28,4,2023,2,7,2023
75,6489379374,5,3,3,2023,20,9,2023
76,7696030989,76,12,3,2023,17,12,2023
77,2053016195,58,16,4,2023,5,10,2023
78,7425254594,29,11,2,2023,14,6,2023
79,3243368319,21,9,2,2023,25,10,2023
80,3956135708,49,30,2,2023,12,12,2023
81,3968495012,54,17,4,2023,16,8,2023
82,3764250766,9,23,1,2023,20,6,2023
83,8318047372,85,22,1,2023,8,10,2023
84,8669728408,59,10,1,2023,9,8,2023
85,5564263586,51,27,2,2023,16,11,2023
86,8645638020,8,25,3,2023,9,12,2023
87,8997462768,57,29,2,2023,8,12,2023
88,1264540663,42,2,1,2023,19,6,2023
89,827615794,38,4,1,2023,1,10,2023
90,4015580026,6,7,4,2023,27,11,2023
91,3487550564,1,13,1,2023,4,11,2023
92,884625105,56,5,4,2023,21,12,2023
93,5510048559,53,18,2,2023,10,10,2023
94,866449098,85,7,4,2023,15,8,2023
95,5227177243,67,30,4,2023,10,7,2023
96,8806568984,83,11,2,2023,4,6,2023
97,2335874969,42,24,3,2023,11,12,2023
98,6908484546,36,27,4,2023,2,10,2023
99,3703589703,76,18,1,2023,14,6,2023
100,5102185795,75,5,3,2023,22,12,2023
101,2171110611,7,25,1,2023,4,10,2023
102,1656774333,71,25,1,2023,21,10,2023
103,3297437711,3,4,4,2023,1,7,2023
104,2514619317,81,27,4,2023,19,8,2023
105,9125521403,48,29,3,2023,10,11,2023
106,6787527368,21,11,2,2023,27,8,2023
107,3142905878,37,2,2,2023,7,6,2023
108,4920390270,45,21,2,2023,18,12,2023
109,2415143256,44,11,2,2023,10,7,2023
110,7583482601,10,15,1,2023,23,6,2023
111,2636093399,68,21,4,2023,6,9,2023
112,1322810414,19,5,3,2023,19,7,2023
113,7439467568,40,18,4,2023,28,9,2023
114,8498542570,59,19,1,2023,7,10,2023
115,4450179155,43,5,5,2023,5,8,2023
116,9147525411,47,3,4,2023,8,10,2023
117,2804597813,81,21,3,2023,5,10,2023
118,7314807768,42,9,3,2023,13,12,2023
119,1819764368,10,19,5,2023,28,11,2023
120,7900930689,86,9,5,2023,5,8,2023
121,3298466775,18,13,4,2023,6,9,2023
122,6491815127,74,10,1,2023,21,9,2023
123,6088242113,62,15,1,2023,6,7,2023
124,3190125153,42,8,3,2023,19,8,2023
125,4680967140,5,9,5,2023,15,11,2023
126,1894215344,48,28,4,2023,16,7,2023
127,2431996001,29,21,3,2023,21,8,2023
128,5611880895,55,16,1,2023,23,12,2023
129,5297743601,57,22,5,2023,20,12,2023
130,6019369547,14,24,3,2023,28,9,2023
131,1323826553,72,23,1,2023,14,9,2023
132,2863945605,35,2,2,2023,3,9,2023
133,399610235,61,18,3,2023,24,6,2023
134,9677258099,53,13,2,2023,11,10,2023
135,1915892064,46,3,2,2023,8,8,2023
136,739229547,52,12,3,2023,23,12,2023
137,1172888208,48,14,2,2023,4,10,2023
138,678011887,37,1,1,2023,2,8,2023
139,2573618469,3,14,1,2023,25,8,2023
140,1929985890,50,18,5,2023,2,8,2023
141,4101428445,30,4,2,2023,23,7,2023
142,7589001063,26,17,1,2023,1,11,2023
143,9261732619,54,2,5,2023,17,8,2023
144,8091369987,59,24,3,2023,3,7,2023
145,2772286047,42,11,3,2023,15,9,2023
146,2149975222,14,15,1,2023,24,11,2023
147,4819207158,22,12,2,2023,21,12,2023
148,6291834006,22,5,5,2023,9,9,2023
149,7888477255,66,10,4,2023,28,7,2023
150,9098946515,36,4,5,2023,21,10,2023
151,2232351878,43,28,2,2023,11,8,2023
152,7478773724,29,18,5,2023,28,7,2023
153,5436431249,78,29,2,2023,14,8,2023
154,2437549265,38,23,3,2023,26,11,2023
155,5466059180,48,12,3,2023,24,9,2023
156,5145587706,35,22,3,2023,22,8,2023
157,5925707235,14,14,2,2023,6,8,2023
158,6855580374,31,13,5,2023,16,9,2023
159,6995562679,41,6,2,2023,16,8,2023
160,7462489548,53,5,3,2023,8,6,2023
161,8619065784,64,10,3,2023,28,7,2023
162,56006646,72,23,3,2023,12,9,2023
163,5228838956,17,24,1,2023,30,10,2023
164,3058227755,23,18,2,2023,7,12,2023
165,797068148,90,13,5,2023,13,10,2023
166,8442565312,60,16,4,2023,13,12,2023
167,1604784118,3,7,3,2023,25,11,2023
168,2232351878,21,15,5,2023,28,12,2023
169,7442098875,15,21,5,2023,6,8,2023
170,866449098,43,10,5,2023,10,12,2023
171,9454957928,86,12,5,2023,3,9,2023
172,55509441,22,10,4,2023,1,12,2023
173,4412196922,30,30,4,2023,10,6,2023
174,1486315426,9,15,2,2023,2,12,2023
175,8453514169,5,5,3,2023,3,6,2023
176,5632123893,83,4,1,2023,24,11,2023
177,6675947923,84,9,5,2023,15,6,2023
178,1932265087,76,12,2,2023,29,12,2023
179,855684947,3,22,1,2023,21,11,2023
180,8208438055,3,11,5,2023,24,9,2023
181,9621463000,10,20,5,2023,13,10,2023
182,6019369547,68,17,3,2023,18,7,2023
183,8446432686,25,1,5,2023,10,8,2023
184,9454957928,10,2,3,2023,20,11,2023
185,4857774473,6,14,4,2023,29,6,2023
186,5563213797,36,25,2,2023,4,6,2023
187,2171110611,81,26,1,2023,13,12,2023
188,2221057562,59,12,3,2023,5,8,2023
189,6061447365,72,18,5,2023,10,9,2023
190,9469183295,16,4,2,2023,20,11,2023
191,1913871867,19,23,4,2023,1,9,2023
192,4389012902,3,26,1,2023,13,10,2023
193,7625061679,73,13,2,2023,5,11,2023
194,6781329318,64,30,4,2023,4,10,2023
195,7684604940,22,21,2,2023,8,8,2023
196,8485887948,78,28,1,2023,23,9,2023
197,3942733881,80,1,4,2023,10,9,2023
198,2984876767,1,6,3,2023,25,9,2023
199,7105123195,72,21,3,2023,24,8,2023
200,9322000433,19,22,2,2023,3,9,2023
201,32365959,60,23,3,2023,28,9,2023
202,8453514169,57,9,3,2023,16,10,2023
203,3648837542,31,16,4,2023,6,11,2023
204,2559999860,22,3,3,2023,25,11,2023
205,2301744321,10,21,1,2023,5,9,2023
206,5961478843,31,4,5,2023,13,10,2023
207,2406751615,40,21,5,2023,16,7,2023
208,2377337578,35,16,3,2023,18,12,2023
209,5504132537,23,23,1,2023,10,7,2023
210,9169049643,45,6,3,2023,14,11,2023
211,2622026402,50,3,2,2023,8,9,2023
212,2256247537,77,3,4,2023,28,9,2023
213,1207961944,32,30,4,2023,21,9,2023
214,5962221490,43,18,4,2023,8,10,2023
215,8454020777,58,16,1,2023,11,7,2023
216,2512223602,82,7,3,2023,5,6,2023
217,7073911861,60,27,3,2023,18,9,2023
218,9344824613,58,30,3,2023,29,8,2023
219,7892385355,64,12,4,2023,26,6,2023
220,9644971143,8,19,1,2023,23,11,2023
221,7622458248,3,3,1,2023,30,7,2023
222,7863093939,60,6,3,2023,2,9,2023
223,9987728112,25,2,2,2023,13,7,2023
224,9111773124,11,1,4,2023,18,8,2023
225,6239961519,85,21,2,2023,13,11,2023
226,797068148,21,9,2,2023,20,8,2023
227,3140633742,89,6,1,2023,8,9,2023
228,1157681117,32,2,4,2023,25,10,2023
229,4881290475,80,28,5,2023,5,9,2023
230,5373336761,12,11,1,2023,24,9,2023
231,4723938238,12,21,2,2023,28,6,2023
232,3942733881,20,24,2,2023,15,11,2023
233,1359964080,63,2,3,2023,26,10,2023
234,5259491267,35,24,4,2023,17,8,2023
235,8208036572,29,25,2,2023,25,10,2023
236,7300368443,73,18,4,2023,21,9,2023
237,4769930753,47,4,4,2023,7,6,2023
238,9480579214,85,7,4,2023,17,10,2023
239,9101436558,52,2,2,2023,17,7,2023
240,1997363603,87,24,5,2023,12,12,2023
241,2643473422,64,3,4,2023,8,8,2023
242,9870527627,33,24,2,2023,21,10,2023
243,6469540464,13,14,4,2023,17,9,2023
244,9072674468,43,25,4,2023,12,7,2023
245,3994478309,67,26,3,2023,21,12,2023
246,289041425,43,5,5,2023,11,10,2023
247,6995562679,36,9,5,2023,15,9,2023
248,3095280991,58,8,3,2023,7,10,2023
249,748169131,14,25,3,2023,26,9,2023
250,5373336761,78,16,2,2023,2,7,2023
251,7804434342,47,5,2,2023,20,11,2023
252,6830694797,39,19,2,2023,5,7,2023
253,5708553455,50,11,5,2023,12,11,2023
254,9887280153,62,22,4,2023,25,8,2023
255,7236555344,85,28,2,2023,28,6,2023
256,5259491267,82,5,4,2023,28,7,2023
257,9704724445,41,29,4,2023,18,9,2023
258,1419800352,61,5,1,2023,28,10,2023
259,8674879583,81,1,2,2023,12,10,2023
260,4974564478,25,11,1,2023,11,8,2023
261,7373758969,35,8,3,2023,22,12,2023
262,21575461,38,16,5,2023,2,8,2023
263,9350196257,21,5,2,2023,25,6,2023
264,6654193145,25,21,5,2023,4,12,2023
265,5944534014,70,3,3,2023,9,9,2023
266,4388337870,60,21,1,2023,29,11,2023
267,4267550000,33,2,1,2023,23,9,2023
268,1606380560,20,16,5,2023,24,7,2023
269,2804597813,57,2,3,2023,3,10,2023
270,3809770259,46,21,2,2023,18,11,2023
271,316179929,69,12,2,2023,10,10,2023
272,9536346162,41,8,4,2023,5,11,2023
273,6509185294,11,18,5,2023,4,7,2023
274,5042299544,12,24,3,2023,6,10,2023
275,3297437711,6,28,4,2023,29,6,2023
276,6912755094,27,12,1,2023,1,10,2023
277,1929143069,76,9,2,2023,20,11,2023
278,1003892755,46,30,4,2023,22,11,2023
279,5350525299,15,11,1,2023,9,11,2023
280,4733428579,37,20,4,2023,30,11,2023
281,4477867837,18,28,2,2023,12,10,2023
282,5925707235,68,27,3,2023,1,11,2023
283,2834408264,25,13,1,2023,8,11,2023
284,7390642262,60,21,5,2023,16,7,2023
285,2654190184,52,24,2,2023,3,10,2023
286,9519960627,54,7,1,2023,21,8,2023
287,1352479293,29,23,5,2023,24,11,2023
288,6020196304,11,24,2,2023,29,9,2023
289,1894215344,46,1,1,2023,3,12,2023
290,4130228388,48,12,3,2023,28,7,2023
291,4267550000,31,4,4,2023,1,6,2023
292,7102819423,17,5,3,2023,18,7,2023
293,5322205938,31,27,3,2023,4,9,2023
294,855684947,26,1,2,2023,30,10,2023
295,1362983622,54,2,2,2023,7,10,2023
296,5350525299,53,27,2,2023,3,11,2023
297,8734398267,44,2,5,2023,8,10,2023
298,4372791021,28,13,4,2023,28,9,2023
299,4586636457,51,12,2,2023,14,12,2023
300,5488356494,9,24,3,2023,30,8,2023
301,6057317448,61,28,5,2023,14,9,2023
302,4034076115,61,18,3,2023,28,8,2023
303,2885014630,23,18,3,2023,19,12,2023
304,2327308474,9,5,4,2023,1,8,2023
305,3237193462,6,26,2,2023,18,6,2023
306,3999465968,28,20,1,2023,27,9,2023
307,8245973175,77,15,5,2023,16,12,2023
308,6402731088,87,6,2,2023,16,9,2023
309,6421414401,19,16,2,2023,30,7,2023
310,6935239137,43,3,2,2023,24,8,2023
311,3404293647,6,27,4,2023,10,7,2023
312,9607608701,38,11,1,2023,30,6,2023
313,2920184466,76,5,2,2023,29,9,2023
314,7317707,82,20,2,2023,14,8,2023
315,7779671311,45,20,4,2023,3,9,2023
316,2772282499,22,11,1,2023,3,11,2023
317,9396357302,13,11,3,2023,6,9,2023
318,7317707,33,6,2,2023,7,8,2023
319,8495566542,49,9,1,2023,16,11,2023
320,3932823302,75,23,1,2023,30,7,2023
321,109161308,27,15,4,2023,28,7,2023
322,4713393670,12,21,5,2023,6,10,2023
323,6958083032,20,9,2,2023,28,7,2023
324,5351804533,42,2,2,2023,28,12,2023
325,2598594267,82,27,5,2023,21,10,2023
326,5326266012,57,21,5,2023,15,9,2023
327,4198127732,37,1,5,2023,16,12,2023
328,2652836050,33,1,1,2023,18,6,2023
329,554038817,27,19,3,2023,6,9,2023
330,6491815127,39,23,3,2023,24,11,2023
331,1170098579,4,5,4,2023,9,10,2023
332,82870485,90,23,5,2023,9,7,2023
333,2559999860,22,1,2,2023,26,10,2023
334,6283582873,66,2,5,2023,22,11,2023
335,7951706239,55,13,4,2023,18,6,2023
336,4974564478,80,22,1,2023,23,6,2023
337,6348147242,83,27,3,2023,10,12,2023
338,6527256212,28,26,1,2023,18,12,2023
339,7757380928,31,18,4,2023,12,7,2023
340,6011840296,27,27,2,2023,12,9,2023
341,7625061679,8,22,1,2023,24,12,2023
342,2406751615,20,30,3,2023,1,6,2023
343,8734398267,12,5,3,2023,1,11,2023
344,1323826553,27,7,1,2023,23,7,2023
345,245033810,89,15,4,2023,7,9,2023
346,3535549237,20,2,4,2023,28,8,2023
347,7990150570,43,13,1,2023,21,7,2023
348,896176977,60,3,2,2023,11,6,2023
349,5218562305,48,18,2,2023,23,9,2023
350,1696834259,74,1,4,2023,13,7,2023
351,9132520502,12,29,1,2023,30,8,2023
352,8443152484,83,30,3,2023,28,9,2023
353,2441217245,45,12,3,2023,23,12,2023
354,1172888208,54,7,5,2023,27,8,2023
355,5611880895,72,23,2,2023,16,7,2023
356,3994478309,78,2,1,2023,25,10,2023
357,2005310385,63,6,4,2023,2,9,2023
358,1099943705,17,10,2,2023,16,9,2023
359,7902276166,77,3,3,2023,22,7,2023
360,3510862472,89,8,3,2023,19,8,2023
361,9433262370,40,6,5,2023,2,10,2023
362,1322810414,10,20,5,2023,1,9,2023
363,6787527368,74,2,5,2023,25,9,2023
364,5467856230,14,1,5,2023,2,8,2023
365,7618321202,49,24,3,2023,8,11,2023
366,8636843289,68,1,3,2023,3,12,2023
367,1604784118,36,17,4,2023,1,9,2023
368,7824276278,23,27,2,2023,13,12,2023
369,4034076115,3,21,3,2023,16,12,2023
370,8852245238,39,9,2,2023,1,6,2023
371,1676714399,55,16,4,2023,3,9,2023
372,2162846668,21,18,1,2023,5,9,2023
373,6540332595,8,21,3,2023,1,8,2023
374,4012655104,76,9,3,2023,27,7,2023
375,4886061572,79,20,3,2023,15,11,2023
376,560350193,85,27,1,2023,5,12,2023
377,4969614208,45,25,3,2023,14,12,2023
378,5277228900,27,25,3,2023,9,8,2023
379,9035092784,51,20,4,2023,26,12,2023
380,3857274477,57,11,1,2023,21,6,2023
381,2258869404,74,24,5,2023,4,7,2023
382,6499765265,18,24,2,2023,5,12,2023
383,6348147242,49,14,5,2023,30,11,2023
384,4713393670,80,18,5,2023,17,6,2023
385,6458588320,42,5,4,2023,17,12,2023
386,5803862425,77,6,2,2023,30,8,2023
387,6401091024,86,25,2,2023,16,6,2023
388,6247153480,35,24,5,2023,16,9,2023
389,1419800352,16,16,1,2023,18,6,2023
390,2141291525,78,23,4,2023,10,12,2023
391,9773524930,78,1,2,2023,4,10,2023
392,797068148,62,23,5,2023,29,8,2023
393,7781065193,71,1,1,2023,14,7,2023
394,7094247364,38,14,4,2023,16,10,2023
395,4756430108,13,14,4,2023,18,6,2023
396,3140633742,83,19,2,2023,18,7,2023
397,3456294536,34,18,3,2023,13,11,2023
398,8983180811,49,10,4,2023,2,10,2023
399,6421414401,16,26,3,2023,25,11,2023
400,1276634306,84,13,5,2023,20,7,2023
401,6874506970,63,16,2,2023,18,12,2023
402,3206838692,3,5,4,2023,7,7,2023
403,4642220077,41,14,1,2023,4,9,2023
404,5661922544,64,25,3,2023,13,10,2023
405,1003892755,73,12,1,2023,19,8,2023
406,4647006588,57,30,3,2023,28,6,2023
407,555709318,21,11,4,2023,9,12,2023
408,1051308191,59,6,4,2023,1,11,2023
409,5466059180,39,19,1,2023,5,11,2023
410,3503423987,60,9,2,2023,27,9,2023
411,5264044790,88,6,4,2023,16,10,2023
412,1755065031,84,28,1,2023,6,12,2023
413,4119860729,56,22,4,2023,27,6,2023
414,2772282499,35,12,3,2023,6,12,2023
415,4969614208,50,29,2,2023,5,6,2023
416,917969834,54,6,4,2023,12,6,2023
417,9245766201,10,14,2,2023,15,6,2023
418,5694340572,61,9,1,2023,25,10,2023
419,5741192384,90,14,5,2023,27,8,2023
420,2634954440,55,11,3,2023,4,11,2023
421,5355898349,86,30,4,2023,7,6,2023
422,8678124816,80,30,4,2023,25,6,2023
423,4164715810,67,21,3,2023,22,6,2023
424,7013255885,50,4,4,2023,9,9,2023
425,7996477717,60,22,3,2023,8,9,2023
426,3518766398,1,19,2,2023,14,12,2023
427,8091369987,55,7,5,2023,24,7,2023
428,6225990587,70,18,2,2023,6,11,2023
429,6225990587,41,5,5,2023,21,11,2023
430,9698861285,48,2,5,2023,17,11,2023
431,1606380560,23,12,5,2023,26,7,2023
432,8734398267,9,7,2,2023,8,6,2023
433,5466059180,10,10,2,2023,9,9,2023
434,6421414401,30,6,5,2023,27,8,2023
435,1214436306,23,6,2,2023,14,7,2023
436,8470146819,86,28,2,2023,29,11,2023
437,1997363603,42,16,3,2023,4,8,2023
438,4799923935,7,30,5,2023,11,11,2023
439,8746141435,72,30,4,2023,25,10,2023
440,8993003805,49,1,4,2023,13,10,2023
441,4463989305,21,18,1,2023,10,11,2023
442,9261732619,82,20,1,2023,28,10,2023
443,9427636948,60,12,5,2023,22,10,2023
444,3021247716,5,13,1,2023,16,8,2023
445,1997363603,1,29,1,2023,1,11,2023
446,7344312656,48,10,3,2023,28,8,2023
447,2252787517,38,14,5,2023,4,12,2023
448,4107607262,57,26,3,2023,14,11,2023
449,5488356494,6,28,1,2023,28,9,2023
450,8560689712,31,10,2,2023,24,6,2023
451,3453916062,59,13,1,2023,16,9,2023
452,8478501989,16,25,3,2023,24,12,2023
453,3243368319,60,16,3,2023,6,6,2023
454,9221041448,12,29,3,2023,27,7,2023
455,9836498402,74,17,2,2023,17,8,2023
456,5286479292,35,26,5,2023,5,8,2023
457,6247153480,70,17,5,2023,9,9,2023
458,6105882236,13,28,1,2023,13,8,2023
459,4886061572,85,29,2,2023,4,6,2023
460,6996405651,5,3,3,2023,5,12,2023
461,4239292817,80,11,1,2023,21,6,2023
462,2984876767,89,1,4,2023,17,12,2023
463,3092960719,37,30,3,2023,3,6,2023
464,2671530364,32,9,3,2023,30,12,2023
465,8389772507,44,13,5,2023,9,11,2023
466,4733428579,47,24,3,2023,22,6,2023
467,7306609285,9,6,4,2023,5,9,2023
468,3142905878,48,20,1,2023,14,7,2023
469,4769930753,88,2,4,2023,30,11,2023
470,3703589703,13,3,5,2023,21,9,2023
471,3772329979,67,15,4,2023,27,12,2023
472,7641227449,29,23,3,2023,5,10,2023
473,4254189057,50,23,3,2023,14,9,2023
474,8911860911,32,22,2,2023,2,11,2023
475,2256247537,68,21,3,2023,29,9,2023
476,30694580,55,29,1,2023,9,7,2023
477,2452773137,19,3,3,2023,10,6,2023
478,6526451022,83,19,4,2023,3,11,2023
479,6782905025,89,5,3,2023,20,11,2023
480,554038817,56,3,5,2023,5,12,2023
481,6527256212,35,23,1,2023,2,9,2023
482,3775017552,79,22,1,2023,20,9,2023
483,8758653438,84,11,2,2023,17,6,2023
484,9234382253,23,7,2,2023,24,9,2023
485,6830694797,51,2,4,2023,20,11,2023
486,7764514753,29,21,4,2023,1,8,2023
487,5632123893,62,29,5,2023,30,12,2023
488,4920390270,47,20,2,2023,24,11,2023
489,2542850518,84,4,2,2023,24,7,2023
490,9967052122,2,6,3,2023,13,12,2023
491,5504132537,64,18,1,2023,22,7,2023
492,9773524930,9,29,4,2023,20,12,2023
493,2006417731,32,28,5,2023,5,7,2023
494,2199508992,62,11,3,2023,1,9,2023
495,4489894896,24,9,2,2023,9,12,2023
496,7045488833,5,5,4,2023,19,12,2023
497,1894215344,31,6,1,2023,25,12,2023
498,2376876495,88,19,2,2023,27,10,2023
499,1632801054,13,19,1,2023,12,11,2023
500,9684624243,59,26,1,2023,17,12,2023
501,3290950969,24,29,1,2023,16,11,2023
502,7439467568,8,9,2,2023,3,10,2023
503,4989982195,61,27,1,2023,29,12,2023
504,109161308,20,27,5,2023,21,7,2023
505,1394209489,61,16,4,2023,4,6,2023
506,8065590304,84,24,4,2023,12,11,2023
507,2699938194,83,17,5,2023,22,9,2023
508,7317707,89,29,4,2023,20,11,2023
509,8260687063,66,24,1,2023,20,12,2023
510,5392840536,32,6,5,2023,16,6,2023
511,108932748,45,28,1,2023,25,12,2023
512,613775184,22,27,2,2023,3,12,2023
513,9098946515,29,7,5,2023,20,9,2023
514,3499433312,46,19,3,2023,3,8,2023
515,6995562679,61,12,4,2023,28,9,2023
516,1566036208,52,6,1,2023,7,9,2023
517,2256247537,6,24,2,2023,1,11,2023
518,6108066230,82,20,2,2023,29,6,2023
519,8389772507,37,15,5,2023,15,12,2023
520,88173089,39,12,2,2023,17,11,2023
521,3381306500,1,13,3,2023,16,8,2023
522,2282822200,60,21,2,2023,27,11,2023
523,1913871867,52,24,4,2023,9,12,2023
524,8190841031,81,26,5,2023,9,7,2023
525,5611880895,10,25,3,2023,24,12,2023
526,1696834259,47,29,3,2023,21,6,2023
527,6401091024,37,18,5,2023,30,6,2023
528,3456294536,81,4,4,2023,24,11,2023
529,2768001173,69,26,4,2023,21,6,2023
530,8806568984,13,17,1,2023,2,8,2023
531,3951829041,36,11,2,2023,10,7,2023
532,2189489325,61,19,5,2023,6,6,2023
533,50898070,38,20,3,2023,6,9,2023
534,2738984056,59,14,3,2023,11,12,2023
535,5721441928,36,12,1,2023,29,8,2023
536,3095280991,32,23,2,2023,14,6,2023
537,50898070,69,21,1,2023,12,6,2023
538,742653722,89,20,2,2023,10,8,2023
539,18612685,87,26,4,2023,23,9,2023
540,109161308,49,15,5,2023,19,11,2023
541,8101776546,80,14,1,2023,17,9,2023
542,5201714872,54,27,1,2023,30,8,2023
543,6637725607,26,12,2,2023,18,12,2023
544,510168593,55,24,3,2023,25,6,2023
545,3376519647,35,20,2,2023,2,10,2023
546,3652934298,82,5,4,2023,16,12,2023
547,9813757312,70,24,4,2023,13,12,2023
548,7757380928,34,16,5,2023,1,12,2023
549,123406773,86,1,3,2023,23,11,2023
550,6254195426,39,11,4,2023,9,10,2023
551,7824276278,33,22,5,2023,21,12,2023
552,8453514169,52,18,3,2023,8,12,2023
553,9592633603,78,30,1,2023,11,12,2023
554,6540332595,28,6,5,2023,25,12,2023
555,7425254594,84,25,2,2023,29,10,2023
556,9370432495,19,28,1,2023,16,11,2023
557,2764848569,86,15,4,2023,28,8,2023
558,7910039320,58,11,5,2023,12,11,2023
559,5297743601,4,14,1,2023,8,9,2023
560,2804597813,90,28,3,2023,7,9,2023
561,1725555913,27,26,2,2023,11,12,2023
562,6051285442,21,28,4,2023,21,9,2023
563,7634613094,11,12,1,2023,10,9,2023
564,2490908421,49,12,2,2023,23,12,2023
565,6278379553,81,16,4,2023,20,6,2023
566,2643473422,46,14,2,2023,12,6,2023
567,555709318,8,24,3,2023,17,9,2023
568,242785795,85,24,3,2023,16,10,2023
569,4089707887,81,5,4,2023,3,8,2023
570,4428246513,47,21,3,2023,10,8,2023
571,4170768019,84,2,2,2023,15,7,2023
572,5837876733,27,25,2,2023,11,7,2023
573,4534620157,34,21,2,2023,2,11,2023
574,9811359640,37,24,1,2023,5,10,2023
575,9836498402,19,17,5,2023,5,11,2023
576,4895756640,44,12,5,2023,15,8,2023
577,2258869404,28,24,1,2023,30,8,2023
578,438183334,45,2,5,2023,6,11,2023
579,3999465968,33,2,3,2023,7,6,2023
580,5694340572,69,4,5,2023,23,7,2023
581,7055160779,49,18,2,2023,24,9,2023
582,2598594267,59,10,3,2023,24,11,2023
583,7019221775,28,29,1,2023,27,7,2023
584,7862602560,8,15,1,2023,24,10,2023
585,7194532051,10,26,4,2023,6,12,2023
586,1404339698,43,17,1,2023,20,7,2023
587,2072682649,66,8,5,2023,15,11,2023
588,321067189,36,27,4,2023,25,11,2023
589,2917270523,44,23,4,2023,8,10,2023
590,9720110022,17,4,1,2023,10,12,2023
591,7964800013,26,5,3,2023,19,11,2023
592,1380304031,54,27,4,2023,5,7,2023
593,3487550564,56,22,1,2023,27,7,2023
594,5350525299,64,12,4,2023,6,7,2023
595,9870152514,46,28,2,2023,5,11,2023
596,4489894896,64,17,1,2023,20,11,2023
597,8819601365,79,26,2,2023,27,8,2023
598,3058227755,9,7,4,2023,22,6,2023
599,8093365006,75,17,5,2023,10,9,2023
600,510168593,70,2,1,2023,4,12,2023
601,2942510192,59,8,4,2023,19,10,2023
602,6637725607,69,14,2,2023,11,12,2023
603,2441217245,51,20,4,2023,12,12,2023
604,6057317448,44,3,3,2023,10,6,2023
605,7880356863,27,18,5,2023,9,8,2023
606,3454647334,87,27,1,2023,15,12,2023
607,661512252,33,4,3,2023,7,12,2023
608,4115301683,88,26,5,2023,4,11,2023
609,5510048559,79,15,3,2023,28,7,2023
610,5145587706,75,28,4,2023,26,9,2023
611,6509185294,81,9,4,2023,29,12,2023
612,8446432686,29,23,2,2023,28,8,2023
613,5721441928,34,4,4,2023,15,8,2023
614,5618174994,81,8,1,2023,24,7,2023
615,2733004080,7,7,4,2023,16,11,2023
616,5102915088,55,7,2,2023,3,6,2023
617,2305257430,39,25,1,2023,22,10,2023
618,2335874969,30,27,3,2023,6,7,2023
619,6922320542,40,11,3,2023,28,9,2023
620,8091369987,54,29,5,2023,16,6,2023
621,3707928194,57,25,3,2023,13,8,2023
622,9794543382,16,18,5,2023,27,6,2023
623,3945733075,59,10,2,2023,4,11,2023
624,2666487143,13,3,4,2023,18,11,2023
625,6541549442,87,18,5,2023,17,9,2023
626,356665050,11,10,1,2023,22,10,2023
627,1566036208,34,17,1,2023,14,7,2023
628,9870527627,38,18,3,2023,15,11,2023
629,5436431249,30,8,1,2023,12,10,2023
630,948129120,24,5,5,2023,27,11,2023
631,5373459017,18,10,4,2023,17,12,2023
632,2170586646,4,24,4,2023,25,7,2023
633,9350196257,9,14,1,2023,2,9,2023
634,4723938238,46,3,2,2023,7,11,2023
635,756355837,39,20,2,2023,2,8,2023
636,1423356343,23,10,1,2023,9,7,2023
637,4840856326,12,25,4,2023,16,10,2023
638,9644971143,32,13,2,2023,30,12,2023
639,5741192384,8,25,4,2023,26,9,2023
640,3675394777,31,16,4,2023,18,8,2023
641,8965818408,27,19,1,2023,8,12,2023
642,3659098276,32,17,4,2023,20,6,2023
643,8619065784,89,26,1,2023,2,6,2023
644,1656774333,90,22,5,2023,6,10,2023
645,4339693283,63,15,2,2023,23,12,2023
646,9205250769,84,6,1,2023,1,8,2023
647,144647539,25,26,3,2023,28,8,2023
648,1596425744,56,25,2,2023,12,7,2023
649,5803862425,42,29,1,2023,13,11,2023
650,7439467568,89,2,5,2023,2,12,2023
651,4144197116,88,17,1,2023,16,11,2023
652,8495566542,63,20,3,2023,1,6,2023
653,9531141359,22,22,4,2023,23,9,2023
654,2645005648,82,11,1,2023,24,9,2023
655,4857774473,67,1,1,2023,2,8,2023
656,5440853526,38,29,3,2023,26,10,2023
657,9781005878,5,28,4,2023,1,9,2023
658,6922320542,14,29,5,2023,8,12,2023
659,3453916062,53,11,4,2023,14,8,2023
660,7892385355,21,29,2,2023,15,8,2023
661,7317707,62,18,5,2023,28,8,2023
662,6812772105,16,21,4,2023,7,12,2023
663,4877970524,22,24,4,2023,14,12,2023
664,4647006588,82,15,1,2023,14,8,2023
665,4115301683,49,17,4,2023,27,9,2023
666,4855991826,42,13,1,2023,1,7,2023
667,4015580026,72,3,1,2023,27,7,2023
668,7331466842,28,15,4,2023,3,6,2023
669,8159478560,8,23,4,2023,24,6,2023
670,5625155725,55,13,4,2023,22,12,2023
671,204003540,76,5,2,2023,7,6,2023
672,1296323035,4,6,3,2023,22,6,2023
673,6401091024,69,5,5,2023,9,10,2023
674,3127399654,30,21,5,2023,30,8,2023
675,5302475479,76,30,2,2023,9,7,2023
676,4877970524,26,28,4,2023,4,9,2023
677,7283275785,62,14,2,2023,27,9,2023
678,7567798087,18,18,4,2023,13,11,2023
679,4044293079,24,2,3,2023,8,6,2023
680,4601591860,9,16,3,2023,4,9,2023
681,2282822200,54,10,4,2023,29,11,2023
682,3994478309,63,5,2,2023,12,6,2023
683,6278379553,30,8,5,2023,27,10,2023
684,1932265087,34,4,2,2023,28,10,2023
685,6469540464,25,11,3,2023,15,7,2023
686,2506333615,25,9,1,2023,1,10,2023
687,9211515408,63,9,2,2023,5,7,2023
688,3857274477,43,19,1,2023,23,11,2023
689,4412196922,81,28,4,2023,18,12,2023
690,1676714399,29,6,1,2023,1,8,2023
691,5467856230,58,14,5,2023,17,7,2023
692,1276634306,13,4,1,2023,17,10,2023
693,1814912252,19,17,4,2023,17,6,2023
694,928939801,74,10,2,2023,30,7,2023
695,7233929318,62,24,1,2023,7,6,2023
696,8456356932,59,1,2,2023,5,7,2023
697,4587210570,78,1,3,2023,20,12,2023
698,7629639778,9,15,2,2023,20,11,2023
699,5843659740,75,16,5,2023,26,8,2023
700,4802494855,90,13,5,2023,15,11,2023
701,2305257430,22,13,4,2023,18,9,2023
702,9349431903,19,18,2,2023,19,7,2023
703,7306609285,66,10,3,2023,13,10,2023
704,5534449932,43,15,4,2023,9,12,2023
705,9693604262,78,26,4,2023,16,6,2023
706,4144197116,37,7,4,2023,11,10,2023
707,3816945814,89,1,5,2023,1,8,2023
708,8578062590,19,22,1,2023,26,9,2023
709,7892385355,5,3,5,2023,18,8,2023
710,9467946988,52,2,3,2023,29,7,2023
711,2185451597,54,25,5,2023,24,11,2023
712,5661922544,82,25,5,2023,7,6,2023
713,8669728408,61,21,5,2023,7,10,2023
714,9101436558,42,25,2,2023,21,12,2023
715,8529757474,27,19,2,2023,7,9,2023
716,2376876495,47,3,1,2023,24,7,2023
717,7882521023,47,19,5,2023,17,8,2023
718,8773946297,49,27,2,2023,6,9,2023
719,422290088,67,5,1,2023,5,9,2023
720,6117989366,4,21,5,2023,26,8,2023
721,5953089858,77,28,1,2023,19,11,2023
722,4450179155,15,28,5,2023,4,8,2023
723,2305257430,37,24,4,2023,26,8,2023
724,8991880204,40,4,4,2023,25,12,2023
725,9072674468,42,6,1,2023,25,10,2023
726,1051308191,32,29,1,2023,1,7,2023
727,4299277273,71,22,5,2023,15,7,2023
728,3551463290,39,25,1,2023,29,8,2023
729,6318817708,42,2,5,2023,3,7,2023
730,1725555913,72,27,3,2023,11,6,2023
731,9322000433,68,29,4,2023,18,12,2023
732,6491815127,82,21,4,2023,8,10,2023
733,443440451,76,17,1,2023,28,6,2023
734,9007504490,76,29,1,2023,17,8,2023
735,1755065031,74,28,4,2023,26,6,2023
736,4747993189,40,3,4,2023,17,7,2023
737,6348147242,32,11,4,2023,19,9,2023
738,5661922544,87,29,4,2023,19,6,2023
739,7013255885,58,14,2,2023,14,6,2023
740,7306609285,89,23,2,2023,23,6,2023
741,1632801054,77,21,2,2023,21,6,2023
742,8683635891,76,9,5,2023,14,10,2023
743,2634954440,80,4,4,2023,20,9,2023
744,7800455045,23,13,2,2023,12,8,2023
745,2282822200,55,21,3,2023,13,10,2023
746,3816945814,39,12,3,2023,29,11,2023
747,2441217245,31,11,3,2023,7,7,2023
748,8454020777,14,17,4,2023,23,9,2023
749,4089707887,33,23,5,2023,2,12,2023
750,7462489548,37,16,2,2023,12,12,2023
751,1696834259,10,28,4,2023,6,11,2023
752,554038817,18,16,4,2023,23,12,2023
753,6469092113,26,29,1,2023,20,9,2023
754,2630524421,82,25,4,2023,16,8,2023
755,5721441928,64,20,1,2023,9,9,2023
756,1596425744,3,12,5,2023,29,9,2023
757,8773946297,75,29,4,2023,11,7,2023
758,2630524421,5,4,3,2023,1,9,2023
759,678110369,24,25,4,2023,22,7,2023
760,8590065630,62,8,3,2023,11,8,2023
761,7317707,79,8,5,2023,30,7,2023
762,4647006588,16,17,1,2023,2,11,2023
763,2527778251,55,21,1,2023,3,10,2023
764,7439467568,33,28,1,2023,2,9,2023
765,1223033835,70,29,5,2023,3,11,2023
766,3266911830,22,18,4,2023,5,10,2023
767,2764848569,38,12,5,2023,23,9,2023
768,3121410277,47,22,4,2023,27,7,2023
769,9536346162,66,20,2,2023,12,8,2023
770,9205250769,35,21,4,2023,22,12,2023
771,9403227519,50,13,2,2023,26,7,2023
772,555709318,55,15,2,2023,4,9,2023
773,2652836050,17,18,2,2023,15,11,2023
774,9660512226,2,10,2,2023,20,11,2023
775,7162775310,70,1,4,2023,16,8,2023
776,9531141359,39,20,2,2023,6,8,2023
777,620808031,58,8,5,2023,1,8,2023
778,7331466842,89,20,1,2023,19,12,2023
779,1170098579,44,26,4,2023,12,9,2023
780,6402731088,75,19,1,2023,8,9,2023
781,123406773,53,30,4,2023,28,12,2023
782,9098946515,16,25,1,2023,30,6,2023
783,4022938125,61,11,4,2023,23,8,2023
784,3932823302,11,23,1,2023,9,9,2023
785,4496475141,73,21,4,2023,10,6,2023
786,9741864486,24,25,5,2023,4,12,2023
787,1225687425,33,22,2,2023,21,10,2023
788,2377337578,84,29,1,2023,17,11,2023
789,7832831786,65,29,1,2023,3,12,2023
790,8016680357,65,2,4,2023,30,11,2023
791,3027270511,36,13,1,2023,21,11,2023
792,3362199419,65,26,5,2023,6,7,2023
793,1577678414,42,6,4,2023,15,8,2023
794,742653722,49,16,2,2023,1,9,2023
795,8629189083,73,8,3,2023,27,8,2023
796,845754924,6,17,2,2023,9,10,2023
797,9433950146,32,8,4,2023,2,10,2023
798,1089293594,82,4,3,2023,9,7,2023
799,9098946515,3,25,4,2023,25,7,2023
800,8498542570,77,2,3,2023,8,12,2023
801,5436431249,82,2,5,2023,28,9,2023
802,7862602560,18,8,2,2023,24,6,2023
803,3388732384,76,20,5,2023,11,9,2023
804,3454647334,74,23,1,2023,16,6,2023
805,6959067204,44,28,1,2023,1,12,2023
806,554038817,61,26,3,2023,2,9,2023
807,6718116596,64,27,2,2023,11,9,2023
808,329380863,27,21,3,2023,25,7,2023
809,6117989366,68,12,1,2023,11,9,2023
810,5090034434,79,16,2,2023,24,12,2023
811,3257751208,63,9,3,2023,11,11,2023
812,3868965482,62,27,5,2023,24,9,2023
813,4187924945,3,10,3,2023,3,7,2023
814,1655705084,54,17,1,2023,26,12,2023
815,4055014369,68,3,4,2023,2,11,2023
816,6839946496,50,27,4,2023,9,6,2023
817,5227177243,6,21,4,2023,23,8,2023
818,180367387,13,3,5,2023,28,7,2023
819,6499383004,82,21,1,2023,1,8,2023
820,4170768019,7,8,1,2023,22,11,2023
821,2494148686,71,17,4,2023,22,9,2023
822,4740858735,88,27,2,2023,18,8,2023
823,8599360885,62,12,4,2023,24,6,2023
824,3127399654,14,25,4,2023,28,11,2023
825,1099943705,88,30,3,2023,3,8,2023
826,8389772507,29,1,4,2023,1,9,2023
827,6011840296,25,4,1,2023,10,12,2023
828,2406751615,40,15,5,2023,12,9,2023
829,4283347082,35,26,4,2023,18,8,2023
830,4254189057,32,16,3,2023,26,7,2023
831,4268913690,63,13,1,2023,30,7,2023
832,5218562305,3,5,5,2023,11,6,2023
833,2172826882,30,11,4,2023,15,7,2023
834,4642220077,38,16,2,2023,21,8,2023
835,3809770259,89,5,4,2023,23,7,2023
836,8046796263,85,28,4,2023,4,11,2023
837,8278643212,51,7,4,2023,22,11,2023
838,9773524930,64,6,3,2023,10,12,2023
839,1696834259,83,3,4,2023,5,10,2023
840,948129120,54,28,2,2023,25,9,2023
841,242785795,9,26,2,2023,8,9,2023
842,9169049643,45,19,3,2023,17,8,2023
843,2494148686,51,21,3,2023,14,7,2023
844,7964800013,49,19,4,2023,24,10,2023
845,2976167790,67,24,1,2023,12,11,2023
846,1932265087,73,19,2,2023,13,9,2023
847,8636843289,17,29,2,2023,19,9,2023
848,1276634306,74,1,3,2023,11,12,2023
849,3317698545,34,1,2,2023,26,9,2023
850,2232089381,43,10,5,2023,25,7,2023
851,9812497476,46,12,5,2023,14,11,2023
852,4740858735,3,27,5,2023,8,6,2023
853,6405299281,32,12,5,2023,12,10,2023
854,1763677616,80,9,4,2023,16,10,2023
855,356665050,27,7,3,2023,29,7,2023
856,8749496567,19,16,1,2023,12,6,2023
857,159944260,40,23,3,2023,15,11,2023
858,8678124816,79,18,3,2023,20,6,2023
859,6499765265,76,25,5,2023,3,6,2023
860,129686162,62,24,3,2023,7,11,2023
861,903967809,85,1,5,2023,23,10,2023
862,9221041448,7,8,5,2023,4,6,2023
863,9132520502,84,21,1,2023,16,7,2023
864,230541311,10,18,1,2023,24,8,2023
865,1549634775,42,26,4,2023,1,11,2023
866,5618174994,46,2,4,2023,12,6,2023
867,7641227449,53,1,1,2023,11,12,2023
868,2189489325,28,26,1,2023,9,7,2023
869,1339812248,1,11,1,2023,13,9,2023
870,8997462768,52,8,5,2023,9,10,2023
871,9101436558,38,22,2,2023,6,6,2023
872,2148295464,14,26,3,2023,18,9,2023
873,2622375004,10,13,3,2023,24,8,2023
874,6787527368,52,12,4,2023,25,9,2023
875,8674879583,82,3,5,2023,17,6,2023
876,1612092251,20,11,4,2023,20,11,2023
877,742653722,79,23,1,2023,11,11,2023
878,7373758969,39,28,1,2023,9,10,2023
879,2258869404,44,1,5,2023,8,9,2023
880,7442098875,6,24,3,2023,8,8,2023
881,4088684551,64,23,4,2023,1,11,2023
882,7074123526,4,20,3,2023,5,12,2023
883,3386531504,19,3,2,2023,27,9,2023
884,5042299544,83,30,3,2023,24,8,2023
885,4756430108,72,7,4,2023,4,9,2023
886,731712789,52,23,1,2023,13,10,2023
887,1964011137,9,4,1,2023,29,11,2023
888,9350196257,68,16,5,2023,7,10,2023
889,699854461,57,16,2,2023,2,7,2023
890,6096804274,33,21,4,2023,15,9,2023
891,2689555612,87,26,3,2023,30,10,2023
892,7409123160,68,12,5,2023,2,11,2023
893,246106528,12,28,5,2023,29,9,2023
894,7997177856,17,3,1,2023,28,11,2023
895,6782905025,19,7,5,2023,25,6,2023
896,3510862472,49,6,5,2023,17,9,2023
897,4388337870,43,17,5,2023,19,11,2023
898,2772286047,19,24,5,2023,7,6,2023
899,7331466842,48,21,5,2023,21,7,2023
900,3376519647,50,28,3,2023,14,9,2023
901,920587366,65,24,5,2023,11,6,2023
902,6959067204,53,25,1,2023,30,10,2023
903,7244490508,22,4,3,2023,15,10,2023
904,3503423987,88,15,2,2023,28,6,2023
905,2063350953,5,30,1,2023,22,9,2023
906,7658414996,63,24,5,2023,21,9,2023
907,5504132537,11,6,2,2023,1,7,2023
908,7622458248,75,4,4,2023,22,11,2023
909,896176977,38,1,1,2023,27,8,2023
910,8619065784,86,15,2,2023,30,9,2023
911,2017292147,39,12,2,2023,15,10,2023
912,4388337870,29,27,3,2023,23,6,2023
913,2131012971,30,27,5,2023,19,12,2023
914,1223033835,71,10,2,2023,6,10,2023
915,7112416631,52,11,3,2023,6,12,2023
916,2215674436,18,8,3,2023,28,10,2023
917,7407101183,32,15,2,2023,13,6,2023
918,7233929318,86,25,5,2023,10,8,2023
919,5876038787,16,1,3,2023,9,6,2023
920,7233929318,59,13,2,2023,8,10,2023
921,6261065648,35,10,4,2023,5,9,2023
922,9889174519,27,22,5,2023,28,12,2023
923,4961066695,81,26,1,2023,15,9,2023
924,1339812248,76,8,5,2023,6,7,2023
925,245033810,49,24,2,2023,9,7,2023
926,4217939384,85,30,4,2023,16,9,2023
927,2005310385,43,2,2,2023,17,10,2023
928,8485887948,87,6,1,2023,12,8,2023
929,4343025393,5,25,1,2023,13,7,2023
930,4217939384,88,9,4,2023,4,9,2023
931,2005310385,34,6,4,2023,30,6,2023
932,3082814300,25,21,2,2023,5,7,2023
933,7382004032,17,15,5,2023,14,6,2023
934,1322810414,25,2,4,2023,10,9,2023
935,3868404606,25,17,1,2023,15,8,2023
936,7589001063,73,3,4,2023,25,12,2023
937,7781065193,66,4,3,2023,13,10,2023
938,597142697,8,24,2,2023,24,9,2023
939,756106436,10,28,4,2023,22,7,2023
940,3390929973,15,21,4,2023,16,8,2023
941,6868479678,57,26,4,2023,8,12,2023
942,9350196257,9,8,1,2023,13,11,2023
943,9706112457,40,23,1,2023,18,7,2023
944,122997964,44,2,3,2023,29,10,2023
945,2573618469,49,21,2,2023,3,6,2023
946,4217939384,84,20,2,2023,12,7,2023
947,3317698545,43,13,3,2023,26,6,2023
948,4372791021,32,11,3,2023,6,11,2023
949,7630151730,5,29,5,2023,13,10,2023
950,5690778611,77,24,1,2023,11,9,2023
951,3362199419,51,23,3,2023,18,8,2023
952,4022938125,9,19,3,2023,14,7,2023
953,3058227755,16,6,4,2023,6,9,2023
954,7606835251,14,24,1,2023,4,8,2023
955,1797425467,65,10,2,2023,23,12,2023
956,2250900819,32,26,5,2023,12,8,2023
957,2939218337,15,22,5,2023,28,6,2023
958,9870527627,77,19,2,2023,1,8,2023
959,1366137907,8,21,1,2023,9,6,2023
960,3392393927,89,26,2,2023,21,7,2023
961,6019369547,32,5,1,2023,25,7,2023
962,6393861540,5,20,5,2023,24,12,2023
963,5090034434,33,3,3,2023,22,10,2023
964,180367387,86,25,2,2023,7,12,2023
965,5325546099,8,29,4,2023,15,11,2023
966,9889174519,72,17,2,2023,24,7,2023
967,6364420745,21,8,5,2023,7,12,2023
968,8181807524,82,16,3,2023,27,8,2023
969,7382004032,4,20,1,2023,9,8,2023
970,9234382253,5,7,5,2023,13,8,2023
971,3404293647,1,26,4,2023,30,8,2023
972,3257751208,46,1,3,2023,18,7,2023
973,6019369547,29,22,4,2023,20,6,2023
974,2671530364,20,10,4,2023,17,11,2023
975,4239292817,14,30,3,2023,13,10,2023
976,2301744321,73,22,2,2023,13,9,2023
977,9519960627,40,2,4,2023,26,8,2023
978,9147525411,11,5,4,2023,23,12,2023
979,9205250769,30,5,2,2023,25,8,2023
980,6541549442,89,6,5,2023,12,8,2023
981,25488792,30,12,1,2023,15,6,2023
982,4268913690,46,29,4,2023,27,12,2023
983,7153666181,28,17,3,2023,27,11,2023
984,5050645996,48,3,1,2023,16,10,2023
985,7055160779,71,20,3,2023,23,6,2023
986,8443152484,67,6,1,2023,24,8,2023
987,3793070921,17,13,2,2023,23,9,2023
988,9098946515,14,28,1,2023,29,8,2023
989,5325546099,1,27,1,2023,21,7,2023
990,6555169542,62,22,2,2023,15,12,2023
991,1566036208,20,7,3,2023,9,6,2023
992,2512223602,68,5,4,2023,22,11,2023
993,4366972661,62,19,5,2023,3,8,2023
994,1676714399,41,13,5,2023,2,7,2023
995,5189498551,21,23,2,2023,2,6,2023
996,6174017446,69,28,4,2023,8,9,2023
997,2308194632,40,4,1,2023,14,8,2023
998,2415143256,2,17,3,2023,5,10,2023
999,5373459017,51,3,5,2023,19,7,2023
1000,9423696579,75,26,4,2023,13,8,2023
