ID_TICKET,ID_CAJA,CURP,ID_SUCURSAL,FECHA,HORA,CLIENTE,NO_PRODUCTOS,TIPO_PAGO,TOTAL_COMPRA
110,33,MAEP901211MGTCNA73,7,1/14/2015,01:26,Cliente0065,17,tarjeta,389
166,71,SAMC711103FGTWEH64,7,6/17/2012,08:40,Cliente0066,18,efectivo,264
297,4,TACM870706MVZNRA14,8,05/04/2012,11:04,Cliente0067,2,tarjeta,100
810,74,BETL920711FDGRWA64,1,6/19/2016,17:24,Cliente0068,6,efectivo,335
576,76,COHJ760326MDFSUU07,10,12/07/2013,03:27,Cliente0069,8,tarjeta,200
935,92,MACK750122MCLCRI37,11,5/18/2016,23:21,Cliente0070,7,efectivo,147
441,30,EBHL720222MCLBAA97,1,04/04/2014,04:26,Cliente0071,12,tarjeta,292
972,65,FAJJ841022MBSLAU69,13,11/14/2015,19:32,Cliente0072,5,efectivo,94
370,57,KEEC990619MQTHDO55,14,6/27/2012,20:28,Cliente0073,7,tarjeta,336
893,19,DABR930520MPLRIA38,8,11/29/2011,02:13,Cliente0074,4,efectivo,32
994,25,DUUS830112FTSIRT54,16,7/16/2011,03:29,Cliente0075,9,tarjeta,13.5
234,39,TRPL890731GDFUEA46,17,4/24/2012,01:01,Cliente0076,10,efectivo,261
730,31,FESJ871216MBCRHE05,10,01/06/2014,00:22,Cliente0077,18,tarjeta,236
823,41,CRFB880126FPLUEA78,19,3/25/2011,12:00,Cliente0078,12,efectivo,345
550,67,PACA700821FGTULN20,20,05/12/2016,19:43,Cliente0079,1,tarjeta,8
236,16,HUVR861220MTCGEO09,1,5/31/2016,15:35,Cliente0080,3,efectivo,63
246,33,HABA820225FTLRIL45,2,02/03/2017,03:45,Cliente0081,16,tarjeta,156
663,98,CACA880301FCHMRU20,14,9/15/2018,19:16,Cliente0082,9,efectivo,114
493,90,BUBM970516FOCMRE84,4,5/25/2020,17:19,Cliente0083,6,tarjeta,150
599,53,SAMC711103FGTWEH64,5,1/31/2015,11:12,Cliente0084,11,efectivo,145
764,91,SHSS960626FGRECI13,8,1/17/2014,22:15,Cliente0085,22,tarjeta,578
518,27,SMDH870821NDFAUA60,7,3/26/2011,10:32,Cliente0086,11,efectivo,850
424,57,STHR841219FTLAAA64,8,09/06/2018,08:49,Cliente0087,8,tarjeta,317.5
712,29,KABH790308MBSROA03,5,12/06/2012,07:27,Cliente0088,12,efectivo,246
904,15,GIWG820104FNLLAE76,10,07/04/2017,10:03,Cliente0089,15,tarjeta,719
614,79,BETL920711FDGRWA64,11,07/05/2015,21:25,Cliente0090,10,efectivo,170
336,50,DRKR870309MTCOIO34,5,10/25/2016,08:30,Cliente0091,8,tarjeta,160
922,87,HERS800926FCHBUT83,13,05/07/2012,15:17,Cliente0092,3,efectivo,105
225,22,ARWJ970404MQTROO60,14,10/22/2013,06:42,Cliente0093,5,tarjeta,75
556,37,CRDW760222FBSIEA91,2,1/13/2019,20:24,Cliente0094,9,efectivo,145
395,29,COGD820217MOCTRO55,16,10/28/2015,20:09,Cliente0095,4,tarjeta,60
272,37,DISG740707FSLLWW28,17,4/16/2015,22:16,Cliente0096,8,efectivo,64
442,72,FAIG991004MSPRTE27,1,9/13/2013,18:01,Cliente0097,8,tarjeta,154
892,88,OSKC980330BYNOUO94,19,9/26/2012,09:51,Cliente0098,4,efectivo,60
347,92,HUPF751231FCMNAE48,20,11/29/2019,17:19,Cliente0099,11,tarjeta,189
906,8,DETE720227MMCDRP41,1,8/24/2019,06:38,Cliente0100,7,efectivo,245
145,14,THFT841224MQROII59,2,04/04/2019,20:37,Cliente0101,7,tarjeta,175
557,3,DRND851022BTCIIA89,20,7/17/2015,00:57,Cliente0102,25,efectivo,862
817,90,FESJ871216MBCRHE05,4,10/08/2014,00:52,Cliente0103,5,tarjeta,346
746,42,PIGO910404FMNDED41,5,6/28/2019,02:39,Cliente0104,8,efectivo,135
962,53,OSKC980330BYNOUO94,13,3/22/2014,08:39,Cliente0105,9,tarjeta,135
327,20,AYBK761021GPLCRA42,7,5/20/2017,05:58,Cliente0106,5,efectivo,75
173,63,VASM801119AHGNLA39,8,02/06/2014,00:04,Cliente0107,25,tarjeta,956
172,50,GHCF761019BMCEHI76,10,12/25/2011,18:58,Cliente0108,13,efectivo,420
116,94,BUBM970516FOCMRE84,10,2/23/2012,18:26,Cliente0109,9,tarjeta,108
767,20,MASA790911FCLXEU22,11,8/22/2016,22:48,Cliente0110,11,efectivo,275
714,28,CACH800731MMSZLE85,5,8/16/2016,16:16,Cliente0111,10,tarjeta,186
695,27,MABP780714MMNFRA82,13,3/29/2019,06:37,Cliente0112,9,efectivo,225
384,82,BRBL860509FJCOAY25,14,6/21/2020,09:51,Cliente0113,9,tarjeta,54
591,55,BALS870921MCSUAC68,17,12/13/2017,02:25,Cliente0114,12,efectivo,219
757,41,BABG810617FHGUIA28,16,6/28/2019,19:05,Cliente0115,8,tarjeta,80
162,64,VAPC920826MPLRUO86,17,06/11/2016,23:02,Cliente0116,8,efectivo,109
738,32,SHCJ990110FCHAAU13,13,04/08/2018,10:27,Cliente0117,10,tarjeta,192
978,79,GOFM961107FTCTUO54,19,12/19/2019,11:22,Cliente0118,10,efectivo,210
604,62,VEMC760926FQRNAA13,20,9/20/2017,10:32,Cliente0119,11,tarjeta,125
268,25,INTL800217FSLKIE81,1,6/15/2017,18:57,Cliente0120,12,efectivo,590
648,4,GIHN980222MCMLAI09,2,8/28/2018,02:43,Cliente0121,10,tarjeta,119
198,31,COHJ760326MDFSUU07,13,6/18/2012,12:01,Cliente0122,12,efectivo,489
958,50,DOBL850516BQRNOI91,4,12/26/2011,09:43,Cliente0123,15,tarjeta,345
832,76,LIMD721115MJCMIO09,5,05/01/2012,04:05,Cliente0124,5,efectivo,175
184,12,KILT800801FOCTAI84,19,11/02/2020,05:14,Cliente0125,9,tarjeta,106
756,10,GOFM961107FTCTUO54,7,08/05/2020,09:44,Cliente0126,1,efectivo,25
140,25,GLGL840412FNLAOO81,8,07/01/2020,15:04,Cliente0127,15,tarjeta,313
492,97,FAJJ841022MBSLAU69,2,02/11/2017,04:17,Cliente0128,3,efectivo,18
200,79,DRKR870309MTCOIO34,10,7/19/2015,14:59,Cliente0129,2,tarjeta,50
252,8,KLAL900916FDGEIE04,11,2/27/2016,02:50,Cliente0130,4,efectivo,48
342,63,KUWS910402NNLBEI94,5,01/02/2012,11:40,Cliente0131,13,tarjeta,96
659,84,GHCF761019BMCEHI76,13,11/03/2012,16:24,Cliente0132,8,efectivo,165
762,4,VEMC760926FQRNAA13,14,10/02/2014,18:50,Cliente0133,1,tarjeta,21
244,81,PAAC920419FGTTVO87,5,12/05/2014,17:43,Cliente0134,4,efectivo,360
238,70,ANQS780903FQTDUA20,16,8/17/2014,12:40,Cliente0135,13,tarjeta,177
311,66,HERS800926FCHBUT83,17,8/31/2014,21:41,Cliente0136,6,efectivo,168
393,37,CACH800731MMSZLE85,17,09/09/2014,00:25,Cliente0137,21,tarjeta,1040
115,77,HABA820225FTLRIL45,19,12/30/2016,11:24,Cliente0138,13,efectivo,1100
517,95,GOFM961107FTCTUO54,20,11/02/2016,04:24,Cliente0139,18,tarjeta,278
802,21,CRFB880126FPLUEA78,1,5/23/2020,21:35,Cliente0140,14,efectivo,114
241,59,THFT841224MQROII59,2,9/16/2016,09:19,Cliente0141,17,tarjeta,501
533,46,GADA911027FHGSIG96,10,04/04/2016,00:23,Cliente0142,3,efectivo,45
428,33,MACK750122MCLCRI37,4,07/10/2014,01:36,Cliente0143,11,tarjeta,344
478,36,WHGD870116FVZAUA72,5,10/27/2019,18:04,Cliente0144,7,efectivo,147
281,70,COGD820217MOCTRO55,5,12/03/2010,09:44,Cliente0145,2,tarjeta,16
827,19,MABP780714MMNFRA82,7,12/28/2010,13:15,Cliente0146,4,efectivo,72
945,15,PAAC920419FGTTVO87,8,07/01/2015,02:55,Cliente0147,5,tarjeta,60
766,97,LOSK880201ATLUAA99,14,2/15/2011,00:11,Cliente0148,18,efectivo,328
940,60,DAJR941016MDGLIA11,10,5/25/2011,21:51,Cliente0149,1,tarjeta,50
703,85,MCAO920101FHGCCL03,11,1/20/2011,13:08,Cliente0150,13,efectivo,435
76,47,KEEC990619MQTHDO55,4,10/16/2018,00:50,Cliente0151,5,tarjeta,125
733,46,GOFM961107FTCTUO54,13,3/27/2013,12:24,Cliente0152,18,efectivo,275
563,7,BETL920711FDGRWA64,14,08/09/2012,05:18,Cliente0153,14,tarjeta,380
713,74,DOBL850516BQRNOI91,8,11/08/2012,23:29,Cliente0154,5,efectivo,141
253,96,PACA700821FGTULN20,16,01/09/2017,12:08,Cliente0155,1,tarjeta,2
444,70,HEMD820611MGTAEU67,17,8/30/2018,12:31,Cliente0156,5,efectivo,230
887,32,VASM801119AHGNLA39,7,4/26/2016,04:03,Cliente0157,7,tarjeta,56
179,5,PACA700821FGTULN20,19,10/06/2017,18:03,Cliente0158,22,efectivo,899
555,32,STWL800319GMCUAO28,20,8/16/2011,04:21,Cliente0159,2,tarjeta,180
930,45,KNBK960914FASOOA45,1,01/08/2011,05:19,Cliente0160,14,efectivo,490
274,83,LEBC850828PSPTLO16,2,11/22/2018,16:26,Cliente0161,17,tarjeta,390
645,1,HERS800926FCHBUT83,16,11/07/2020,12:45,Cliente0162,12,efectivo,485
840,99,GAVF891225FTSDIR46,4,08/11/2013,02:06,Cliente0163,24,tarjeta,222
414,94,MCCS951214FNLCHH80,5,4/13/2020,16:37,Cliente0164,10,efectivo,181.5
624,92,KLAL900916FDGEIE04,7,09/04/2013,07:16,Cliente0165,28,tarjeta,635
256,64,CEPY851026FNTSRO85,7,4/16/2019,02:22,Cliente0166,8,efectivo,13.5
87,54,OSKC980330BYNOUO94,8,5/28/2016,15:03,Cliente0167,5,tarjeta,355
403,31,VAJJ860909FJCSIA20,1,04/08/2019,15:59,Cliente0168,17,efectivo,240
429,56,GIHN980222MCMLAI09,10,02/02/2020,13:50,Cliente0169,32,tarjeta,613
396,75,DOBL850516BQRNOI91,11,12/30/2012,21:01,Cliente0170,13,efectivo,530
416,24,NOGE840522MTCRRV12,19,12/31/2015,11:41,Cliente0171,7,tarjeta,385
783,80,BRBL860509FJCOAY25,13,9/22/2015,01:28,Cliente0172,9,efectivo,108
232,21,LEBC850828PSPTLO16,14,1/31/2016,06:17,Cliente0173,1,tarjeta,21
193,90,MAEP901211MGTCNA73,19,09/02/2017,15:48,Cliente0174,14,efectivo,595
574,12,GIHN980222MCMLAI09,16,05/10/2012,20:23,Cliente0175,11,tarjeta,168
133,65,FAIG991004MSPRTE27,17,7/23/2011,12:24,Cliente0176,17,efectivo,167
132,59,GELG970223FGTIEL29,7,11/11/2020,00:03,Cliente0177,19,tarjeta,186
316,36,HINA980519MOCNAD56,19,03/07/2014,16:51,Cliente0178,1,efectivo,15
902,41,CRPA890528MPLAHU58,20,9/19/2020,14:50,Cliente0179,13,tarjeta,245
605,7,NOGE840522MTCRRV12,1,01/09/2017,11:14,Cliente0180,21,efectivo,925
361,71,DOEB820928MDFMNE22,2,05/01/2011,20:14,Cliente0181,10,tarjeta,820
210,24,REMV970310MYNVOA05,7,12/21/2012,04:03,Cliente0182,16,efectivo,424
422,6,AYBK761021GPLCRA42,4,1/18/2014,00:17,Cliente0183,13,tarjeta,345
657,82,DETE720227MMCDRP41,5,11/12/2020,07:37,Cliente0184,7,efectivo,135
820,75,CRPA890528MPLAHU58,10,8/28/2017,10:33,Cliente0185,11,tarjeta,165
579,53,HEMD820611MGTAEU67,7,11/21/2020,15:17,Cliente0186,1,efectivo,15
453,25,VASM801119AHGNLA39,8,5/17/2011,19:03,Cliente0187,10,tarjeta,124
522,26,TRPL890731GDFUEA46,13,6/23/2013,10:04,Cliente0188,7,efectivo,111
266,96,VAJJ860909FJCSIA20,10,11/03/2019,09:10,Cliente0189,6,tarjeta,75
544,98,SHSS960626FGRECI13,11,11/01/2020,15:56,Cliente0190,17,efectivo,410
629,72,DRND851022BTCIIA89,14,7/15/2014,22:14,Cliente0191,11,tarjeta,315
758,29,VEEH800225MCSRRU48,13,02/09/2012,12:18,Cliente0192,29,efectivo,1285
69,22,DRND851022BTCIIA89,14,3/14/2011,19:46,Cliente0193,7,tarjeta,35
77,28,MCAO920101FHGCCL03,1,6/19/2017,14:26,Cliente0194,6,efectivo,48
734,68,ALMA830409MSRMAL39,16,2/28/2015,05:45,Cliente0195,8,tarjeta,100
368,62,HUVR861220MTCGEO09,17,4/15/2012,15:57,Cliente0196,12,efectivo,210
479,86,DABR930520MPLRIA38,20,07/01/2013,16:07,Cliente0197,7,tarjeta,210
105,42,TACM870706MVZNRA14,19,11/16/2016,16:38,Cliente0198,17,efectivo,453
830,37,MASA790911FCLXEU22,20,8/21/2016,09:25,Cliente0199,8,tarjeta,198
811,93,NOGE840522MTCRRV12,1,06/08/2013,03:29,Cliente0200,9,efectivo,189
300,62,CACA880301FCHMRU20,2,02/09/2019,12:34,Cliente0201,17,tarjeta,1045
898,52,WHGD870116FVZAUA72,1,7/26/2017,15:29,Cliente0202,4,efectivo,72
131,8,STWL800319GMCUAO28,4,05/11/2015,12:28,Cliente0203,3,tarjeta,75
641,85,GOFM961107FTCTUO54,5,05/04/2018,13:49,Cliente0204,9,efectivo,252
176,31,HUPF751231FCMNAE48,14,12/10/2012,01:15,Cliente0205,14,tarjeta,441
566,25,MABP780714MMNFRA82,7,01/12/2011,05:10,Cliente0206,5,efectivo,110
690,38,DRND851022BTCIIA89,8,1/15/2019,13:30,Cliente0207,8,tarjeta,158
539,11,RYHB770516PCCAEE69,13,08/01/2016,07:23,Cliente0208,5,efectivo,90
103,65,MAWA931112FCHRAB49,10,5/18/2012,02:27,Cliente0209,13,tarjeta,355
700,33,OSKC980330BYNOUO94,11,01/12/2018,07:08,Cliente0210,14,efectivo,158
79,68,PIGO910404FMNDED41,17,7/31/2017,00:43,Cliente0211,14,tarjeta,283
65,40,KNBK960914FASOOA45,13,3/28/2018,09:09,Cliente0212,4,efectivo,120
502,93,CHML890621FMSAEU73,14,8/18/2017,01:02,Cliente0213,3,tarjeta,54
417,77,BABG810617FHGUIA28,7,02/08/2020,11:06,Cliente0214,6,efectivo,15
174,54,LOSK880201ATLUAA99,16,11/25/2014,22:30,Cliente0215,9,tarjeta,135
828,41,SMDH870821NDFAUA60,17,02/03/2015,00:26,Cliente0216,5,efectivo,105
326,7,GIWG820104FNLLAE76,16,07/09/2013,19:59,Cliente0217,10,tarjeta,430
285,68,PACA700821FGTULN20,19,06/10/2018,00:44,Cliente0218,7,efectivo,195
667,41,RYHB770516PCCAEE69,20,04/12/2011,21:40,Cliente0219,13,tarjeta,265
405,31,LOSK880201ATLUAA99,1,3/17/2014,17:52,Cliente0220,13,efectivo,314
531,22,MAEP901211MGTCNA73,2,4/13/2020,02:42,Cliente0221,18,tarjeta,246
798,95,CRFB880126FPLUEA78,5,11/16/2012,13:59,Cliente0222,14,efectivo,320
415,70,PRGL701222FMCIII62,4,2/15/2017,15:41,Cliente0223,21,tarjeta,1045
461,36,COBI760520MASPAN90,5,12/29/2018,06:41,Cliente0224,10,efectivo,72
660,52,FAJJ841022MBSLAU69,1,2/17/2015,01:36,Cliente0225,9,tarjeta,135
773,7,LEBC850828PSPTLO16,7,4/26/2016,20:32,Cliente0226,5,efectivo,90
692,14,RYHB770516PCCAEE69,8,07/11/2016,22:21,Cliente0227,5,tarjeta,275
463,71,GHCF761019BMCEHI76,13,10/28/2017,14:36,Cliente0228,13,efectivo,195
927,82,HINA980519MOCNAD56,10,08/11/2016,17:46,Cliente0229,9,tarjeta,578
385,6,STHR841219FTLAAA64,11,05/01/2011,20:58,Cliente0230,3,efectivo,45
380,92,CRDW760222FBSIEA91,13,04/09/2020,07:05,Cliente0231,8,tarjeta,174
465,59,SHCJ990110FCHAAU13,13,09/05/2014,21:14,Cliente0232,21,efectivo,251
963,64,HERS800926FCHBUT83,14,07/03/2016,06:01,Cliente0233,3,tarjeta,33
797,99,TACM870706MVZNRA14,11,8/19/2011,05:34,Cliente0234,10,efectivo,168
809,53,GELG970223FGTIEL29,16,12/10/2017,23:40,Cliente0235,15,tarjeta,315
924,5,BUBM970516FOCMRE84,17,7/15/2017,22:07,Cliente0236,2,efectivo,24
911,44,PASR941118MDFCTO81,20,08/09/2017,07:43,Cliente0237,10,tarjeta,159
675,2,DABR930520MPLRIA38,19,6/15/2013,08:42,Cliente0238,13,efectivo,181
540,37,MCAO920101FHGCCL03,20,10/08/2020,19:01,Cliente0239,18,tarjeta,368
524,53,DETE720227MMCDRP41,1,3/19/2020,15:19,Cliente0240,12,efectivo,230
100,52,DABR930520MPLRIA38,2,10/17/2020,18:49,Cliente0241,16,tarjeta,531
278,53,THFT841224MQROII59,14,08/07/2014,05:16,Cliente0242,8,efectivo,240
213,4,NEAG970216FMSWBR17,4,10/24/2014,09:09,Cliente0243,5,tarjeta,93
508,51,TRPL890731GDFUEA46,5,6/14/2011,17:27,Cliente0244,23,efectivo,570
315,24,ALMA830409MSRMAL39,11,08/08/2014,13:34,Cliente0245,6,tarjeta,90
925,59,THFT841224MQROII59,7,10/13/2018,13:45,Cliente0246,12,efectivo,375
967,92,REMV970310MYNVOA05,8,5/31/2015,13:44,Cliente0247,1,tarjeta,12
585,1,HERS800926FCHBUT83,11,4/29/2014,17:32,Cliente0248,7,efectivo,175
400,49,CACA880301FCHMRU20,10,04/11/2014,17:50,Cliente0249,4,tarjeta,60
267,41,DAJR941016MDGLIA11,11,10/06/2012,06:02,Cliente0250,15,efectivo,177
954,31,GIHN980222MCMLAI09,16,03/07/2016,23:03,Cliente0251,9,tarjeta,78
119,52,DABR930520MPLRIA38,13,07/11/2015,06:48,Cliente0252,16,efectivo,264
677,83,DACK761125FBSRUI38,14,12/08/2010,11:20,Cliente0253,4,tarjeta,84
500,65,KRSH740910NOCYIO87,7,6/18/2013,14:59,Cliente0254,11,efectivo,106.5
235,63,MASA790911FCLXEU22,16,5/31/2012,01:44,Cliente0255,19,tarjeta,376
567,20,SAMC711103FGTWEH64,17,8/24/2015,07:45,Cliente0256,7,efectivo,145
863,21,ROSE760109MASWUR22,13,10/07/2019,13:50,Cliente0257,10,tarjeta,132
282,44,ROSE760109MASWUR22,19,11/18/2014,00:17,Cliente0258,7,efectivo,125
504,25,PAME910207FSLWCN51,20,11/06/2016,23:05,Cliente0259,9,tarjeta,123
638,24,DETE720227MMCDRP41,1,02/09/2013,16:47,Cliente0260,4,efectivo,120
737,24,MABP780714MMNFRA82,2,10/22/2012,17:39,Cliente0261,18,tarjeta,360
705,79,MASA790911FCLXEU22,1,8/18/2020,01:22,Cliente0262,6,efectivo,150
649,96,DISG740707FSLLWW28,4,05/07/2019,14:48,Cliente0263,5,tarjeta,75
269,79,DISG740707FSLLWW28,5,12/01/2012,14:37,Cliente0264,13,efectivo,438
445,87,CHML890621FMSAEU73,17,10/12/2017,09:09,Cliente0265,4,tarjeta,100
698,16,FAJJ841022MBSLAU69,7,1/15/2020,09:33,Cliente0266,14,efectivo,250
814,13,CHML890621FMSAEU73,8,7/23/2018,09:11,Cliente0267,7,tarjeta,123
819,47,HUVR861220MTCGEO09,1,12/11/2017,10:33,Cliente0268,2,efectivo,16
239,60,COBI760520MASPAN90,10,1/14/2012,02:48,Cliente0269,15,tarjeta,230
592,14,VASM801119AHGNLA39,11,03/03/2011,19:50,Cliente0270,12,efectivo,92.5
125,86,CHGR981221MMSERU84,4,12/12/2019,13:02,Cliente0271,5,tarjeta,500
402,92,HERS800926FCHBUT83,13,11/13/2013,14:45,Cliente0272,4,efectivo,112
704,38,BEWB981224FPLLOA85,14,12/27/2019,18:00,Cliente0273,16,tarjeta,192
351,53,OSKC980330BYNOUO94,20,9/29/2016,10:05,Cliente0274,9,efectivo,180
793,56,HERS800926FCHBUT83,16,8/27/2012,06:41,Cliente0275,2,tarjeta,20
254,21,MACK750122MCLCRI37,17,3/20/2012,01:43,Cliente0276,15,efectivo,249
420,82,MABP780714MMNFRA82,8,11/27/2017,20:14,Cliente0277,3,tarjeta,54
248,12,HERS800926FCHBUT83,19,6/18/2013,09:13,Cliente0278,5,efectivo,75
434,96,MCAO920101FHGCCL03,20,08/09/2017,15:20,Cliente0279,5,tarjeta,175
104,56,MUOS760923MNTNPI24,1,6/21/2014,10:28,Cliente0280,8,efectivo,12
879,87,CHML890621FMSAEU73,2,10/25/2019,08:11,Cliente0281,8,tarjeta,720
324,16,CACH800731MMSZLE85,5,02/12/2012,15:11,Cliente0282,9,efectivo,530
975,28,SHSS960626FGRECI13,4,12/14/2013,01:52,Cliente0283,7,tarjeta,245
354,56,GAVF891225FTSDIR46,5,5/27/2019,21:52,Cliente0284,12,efectivo,258
334,26,BEWB981224FPLLOA85,17,5/23/2016,21:42,Cliente0285,8,tarjeta,12
359,62,MAWA931112FCHRAB49,7,6/21/2016,11:46,Cliente0286,3,efectivo,24
389,91,AYBK761021GPLCRA42,8,7/31/2015,09:54,Cliente0287,1,tarjeta,75
255,62,CRPA890528MPLAHU58,8,10/02/2013,03:12,Cliente0288,8,efectivo,198
909,54,THFT841224MQROII59,10,4/27/2014,22:59,Cliente0289,12,tarjeta,410
825,72,GAVF891225FTSDIR46,11,7/27/2013,23:04,Cliente0290,1,efectivo,30
355,73,CHRH921025MTLEOA42,1,1/22/2014,02:23,Cliente0291,4,tarjeta,72
407,36,CRPA890528MPLAHU58,13,1/22/2020,15:51,Cliente0292,12,efectivo,159
992,46,STHR841219FTLAAA64,14,7/16/2012,11:18,Cliente0293,7,tarjeta,10.5
111,97,NEAG970216FMSWBR17,16,7/15/2020,19:14,Cliente0294,1,efectivo,55
912,66,DOEB820928MDFMNE22,16,5/30/2020,19:25,Cliente0295,9,tarjeta,156
93,6,DRKR870309MTCOIO34,17,3/18/2018,01:46,Cliente0296,17,efectivo,485
637,52,DABR930520MPLRIA38,5,05/05/2014,15:34,Cliente0297,6,tarjeta,168
183,47,BRBL860509FJCOAY25,19,7/19/2020,01:23,Cliente0298,29,efectivo,1375
947,5,VAJJ860909FJCSIA20,20,3/20/2017,03:21,Cliente0299,5,tarjeta,60
212,76,GIHN980222MCMLAI09,1,3/28/2019,23:00,Cliente0300,16,efectivo,129
432,12,GHCF761019BMCEHI76,2,09/05/2017,12:16,Cliente0301,14,tarjeta,326
196,25,HABA820225FTLRIL45,11,8/19/2011,23:15,Cliente0302,12,efectivo,765
865,67,CUCL990924MASRHA62,4,5/30/2017,13:23,Cliente0303,4,tarjeta,60
507,63,VASM801119AHGNLA39,5,12/06/2010,16:44,Cliente0304,14,efectivo,108
123,28,KLAL900916FDGEIE04,10,1/25/2019,20:56,Cliente0305,8,tarjeta,96
529,33,GHCF761019BMCEHI76,7,6/19/2012,09:42,Cliente0306,9,efectivo,108
494,95,INTL800217FSLKIE81,8,03/06/2016,18:08,Cliente0307,8,tarjeta,120
220,30,COBI760520MASPAN90,7,1/17/2014,06:27,Cliente0308,14,efectivo,356.5
748,50,LIMD721115MJCMIO09,10,11/19/2016,10:52,Cliente0309,8,tarjeta,196
774,18,ARWJ970404MQTROO60,11,9/13/2011,03:56,Cliente0310,5,efectivo,52
864,13,WHGD870116FVZAUA72,14,5/17/2015,01:43,Cliente0311,10,tarjeta,714
785,30,KEEC990619MQTHDO55,13,12/09/2014,08:08,Cliente0312,9,efectivo,108
674,31,DOEB820928MDFMNE22,14,09/06/2014,21:24,Cliente0313,4,tarjeta,100
710,49,ALMA830409MSRMAL39,10,10/01/2011,03:49,Cliente0314,2,efectivo,86
722,70,GIHN980222MCMLAI09,16,03/10/2016,18:04,Cliente0315,11,tarjeta,111
245,12,KABH790308MBSROA03,17,7/24/2013,07:15,Cliente0316,11,efectivo,144
578,99,LIMD721115MJCMIO09,17,3/28/2015,18:48,Cliente0317,17,tarjeta,425
317,34,FAIG991004MSPRTE27,19,4/18/2012,20:40,Cliente0318,2,efectivo,180
181,20,ROSE760109MASWUR22,20,9/28/2017,08:56,Cliente0319,14,tarjeta,211
862,78,BRBL860509FJCOAY25,1,06/07/2013,15:00,Cliente0320,9,efectivo,180
107,25,NOGE840522MTCRRV12,2,6/16/2012,08:59,Cliente0321,2,tarjeta,30
419,79,SPBH830615MASEEE39,1,10/30/2019,20:43,Cliente0322,7,efectivo,420
547,62,GELG970223FGTIEL29,4,7/21/2020,20:58,Cliente0323,12,tarjeta,146
312,65,GHCF761019BMCEHI76,5,2/15/2016,14:50,Cliente0324,1,efectivo,25
792,34,RYHB770516PCCAEE69,20,12/19/2017,11:15,Cliente0325,6,tarjeta,24
219,74,AYBK761021GPLCRA42,7,3/16/2011,02:03,Cliente0326,1,efectivo,25
836,84,COMM900506FTSCOA03,8,09/03/2018,06:26,Cliente0327,3,tarjeta,36
352,35,DUUS830112FTSIRT54,14,1/23/2011,09:12,Cliente0328,11,efectivo,118
679,6,AYBK761021GPLCRA42,10,7/14/2020,09:15,Cliente0329,7,tarjeta,156
753,99,DOBL850516BQRNOI91,11,8/31/2012,14:29,Cliente0330,17,efectivo,710
331,73,MCCS951214FNLCHH80,7,12/21/2011,03:11,Cliente0331,12,tarjeta,680
768,9,FESJ871216MBCRHE05,13,11/22/2017,22:44,Cliente0332,15,efectivo,555
652,80,COHJ760326MDFSUU07,14,09/06/2016,12:01,Cliente0333,10,tarjeta,192
816,83,CHML890621FMSAEU73,7,01/12/2014,15:04,Cliente0334,2,efectivo,16
527,20,FAJJ841022MBSLAU69,16,02/03/2017,10:41,Cliente0335,2,tarjeta,24
644,72,THFT841224MQROII59,17,12/02/2013,12:04,Cliente0336,9,efectivo,270
951,4,COGD820217MOCTRO55,20,09/06/2012,12:48,Cliente0337,8,tarjeta,400
71,72,CUCL990924MASRHA62,19,7/17/2018,12:38,Cliente0338,2,efectivo,60
997,74,STWL800319GMCUAO28,20,03/06/2011,03:38,Cliente0339,9,tarjeta,132
458,38,SHSS960626FGRECI13,1,8/23/2020,15:02,Cliente0340,3,efectivo,45
723,93,MACK750122MCLCRI37,2,07/01/2012,03:50,Cliente0341,5,tarjeta,65
584,65,GHCF761019BMCEHI76,13,7/31/2017,15:03,Cliente0342,1,efectivo,5
341,65,DOBL850516BQRNOI91,4,5/16/2017,23:07,Cliente0343,7,tarjeta,70
750,89,STHR841219FTLAAA64,5,9/14/2018,09:51,Cliente0344,22,efectivo,661
888,29,INTL800217FSLKIE81,20,5/19/2017,18:41,Cliente0345,8,tarjeta,120
914,36,MACK750122MCLCRI37,7,6/18/2017,04:50,Cliente0346,1,efectivo,25
160,57,THFT841224MQROII59,8,03/02/2016,04:51,Cliente0347,5,tarjeta,139
303,93,SMDH870821NDFAUA60,14,2/14/2012,15:43,Cliente0348,10,efectivo,340
501,16,MAEP901211MGTCNA73,10,3/21/2016,13:36,Cliente0349,4,tarjeta,105
404,85,HEMD820611MGTAEU67,11,2/18/2017,21:35,Cliente0350,8,efectivo,159
206,42,REMV970310MYNVOA05,19,10/09/2016,13:41,Cliente0351,4,tarjeta,60
233,29,KEEC990619MQTHDO55,13,3/20/2011,03:58,Cliente0352,5,efectivo,60
451,24,CRDW760222FBSIEA91,14,08/09/2016,18:38,Cliente0353,5,tarjeta,75
264,98,GIHN980222MCMLAI09,1,10/20/2012,09:58,Cliente0354,7,efectivo,299
583,42,DABR930520MPLRIA38,16,2/26/2013,15:35,Cliente0355,3,tarjeta,90
665,16,DOEB820928MDFMNE22,17,3/19/2020,13:54,Cliente0356,18,efectivo,285
554,76,DOEB820928MDFMNE22,20,04/02/2013,20:08,Cliente0357,5,tarjeta,225
134,50,SHCJ990110FCHAAU13,19,10/22/2018,15:36,Cliente0358,3,efectivo,74
728,26,OSKC980330BYNOUO94,20,09/09/2020,17:14,Cliente0359,3,tarjeta,67
565,32,VAPC920826MPLRUO86,1,03/12/2019,04:38,Cliente0360,14,efectivo,194
318,29,BEWB981224FPLLOA85,2,11/06/2016,16:19,Cliente0361,9,tarjeta,284
996,13,CRPA890528MPLAHU58,7,03/03/2013,17:49,Cliente0362,9,efectivo,50
987,76,DRKR870309MTCOIO34,4,2/16/2020,04:06,Cliente0363,12,tarjeta,885
91,56,DETE720227MMCDRP41,5,8/23/2015,01:43,Cliente0364,15,efectivo,405
688,41,SMDH870821NDFAUA60,19,7/29/2014,01:41,Cliente0365,17,tarjeta,127
122,85,LEBC850828PSPTLO16,7,03/04/2016,07:52,Cliente0366,11,efectivo,930
650,26,MUOS760923MNTNPI24,8,11/11/2017,18:14,Cliente0367,16,tarjeta,160
237,70,LIMD721115MJCMIO09,8,01/11/2015,14:12,Cliente0368,1,efectivo,4
113,51,MUOS760923MNTNPI24,10,07/05/2012,08:35,Cliente0369,4,tarjeta,48
838,23,GIWG820104FNLLAE76,11,08/06/2016,02:47,Cliente0370,14,efectivo,460
953,43,CHRH921025MTLEOA42,13,2/25/2017,15:30,Cliente0371,8,tarjeta,128
928,69,PASR941118MDFCTO81,13,03/11/2011,09:54,Cliente0372,13,efectivo,340
869,3,EBHL720222MCLBAA97,14,9/20/2017,14:49,Cliente0373,10,tarjeta,126
276,19,EBHL720222MCLBAA97,17,5/17/2018,08:13,Cliente0374,13,efectivo,87
982,45,KNBK960914FASOOA45,16,1/17/2015,03:04,Cliente0375,7,tarjeta,21
427,79,GHCF761019BMCEHI76,17,12/21/2011,06:32,Cliente0376,15,efectivo,585
900,15,LEBC850828PSPTLO16,8,3/19/2016,02:14,Cliente0377,5,tarjeta,101
447,15,GLGL840412FNLAOO81,19,1/16/2020,01:09,Cliente0378,17,efectivo,210
790,74,VEMC760926FQRNAA13,20,08/07/2020,01:15,Cliente0379,4,tarjeta,40
882,3,BETL920711FDGRWA64,1,4/24/2019,12:00,Cliente0380,4,efectivo,100
330,60,ROSE760109MASWUR22,2,3/19/2015,06:49,Cliente0381,13,tarjeta,810
72,82,DUUS830112FTSIRT54,2,2/24/2012,15:08,Cliente0382,4,efectivo,112
106,55,PRGL701222FMCIII62,4,6/23/2012,04:37,Cliente0383,12,tarjeta,138
745,50,HUPF751231FCMNAE48,5,03/02/2011,16:50,Cliente0384,5,efectivo,50
299,22,LEBC850828PSPTLO16,5,9/15/2012,15:22,Cliente0385,4,tarjeta,72
640,4,DABR930520MPLRIA38,7,9/15/2012,22:04,Cliente0386,25,efectivo,634
747,89,MABP780714MMNFRA82,8,12/17/2013,05:55,Cliente0387,8,tarjeta,286
715,77,SHSS960626FGRECI13,17,08/05/2019,23:46,Cliente0388,10,efectivo,603
542,69,MUOS760923MNTNPI24,10,03/01/2012,01:49,Cliente0389,1,tarjeta,60
552,90,HINA980519MOCNAD56,11,7/21/2014,23:20,Cliente0390,16,efectivo,664
842,7,KABH790308MBSROA03,20,11/01/2011,04:38,Cliente0391,19,tarjeta,428
625,14,SHCJ990110FCHAAU13,13,9/24/2012,12:30,Cliente0392,7,efectivo,84
549,94,COBI760520MASPAN90,14,08/11/2020,22:54,Cliente0393,8,tarjeta,120
406,53,GAVF891225FTSDIR46,4,6/18/2018,03:53,Cliente0394,8,efectivo,195
805,11,COMM900506FTSCOA03,16,04/11/2013,09:41,Cliente0395,4,tarjeta,59
290,61,GIWG820104FNLLAE76,17,11/05/2020,17:19,Cliente0396,15,efectivo,720
946,19,PACA700821FGTULN20,17,03/02/2012,06:37,Cliente0397,10,tarjeta,150
654,19,GIHN980222MCMLAI09,19,12/17/2014,12:30,Cliente0398,8,efectivo,176
859,45,GELG970223FGTIEL29,20,04/09/2013,21:48,Cliente0399,2,tarjeta,40
653,55,CEPY851026FNTSRO85,1,12/26/2015,12:37,Cliente0400,2,efectivo,24
647,11,GIWG820104FNLLAE76,2,10/11/2020,04:09,Cliente0401,6,tarjeta,24
890,6,VEEH800225MCSRRU48,17,07/03/2017,13:26,Cliente0402,14,efectivo,330
548,77,THFT841224MQROII59,4,06/10/2014,03:19,Cliente0403,14,tarjeta,189
340,30,DOEB820928MDFMNE22,5,04/05/2016,18:31,Cliente0404,2,efectivo,50
124,30,GAVF891225FTSDIR46,17,06/09/2015,19:07,Cliente0405,1,tarjeta,2.5
651,46,SMDH870821NDFAUA60,7,8/25/2015,04:52,Cliente0406,2,efectivo,90
666,90,WHGD870116FVZAUA72,8,12/16/2012,01:47,Cliente0407,7,tarjeta,525
291,41,VAJJ860909FJCSIA20,2,03/11/2015,14:16,Cliente0408,6,efectivo,600
260,20,BUBM970516FOCMRE84,10,10/09/2017,15:07,Cliente0409,8,tarjeta,129
319,52,KEEC990619MQTHDO55,11,09/11/2014,21:04,Cliente0410,5,efectivo,60
383,68,VAPC920826MPLRUO86,4,12/27/2018,18:29,Cliente0411,8,tarjeta,108
335,1,DAJR941016MDGLIA11,13,09/06/2013,00:02,Cliente0412,13,efectivo,140
634,18,VASM801119AHGNLA39,14,12/13/2010,12:41,Cliente0413,8,tarjeta,120
776,90,DUUS830112FTSIRT54,11,10/01/2020,18:03,Cliente0414,9,efectivo,270
908,70,DOEB820928MDFMNE22,16,08/02/2012,07:47,Cliente0415,4,tarjeta,72
673,42,LIMD721115MJCMIO09,17,6/24/2017,10:54,Cliente0416,19,efectivo,526
298,91,CACH800731MMSZLE85,13,11/25/2020,04:35,Cliente0417,2,tarjeta,110
611,95,TACM870706MVZNRA14,19,7/14/2014,04:55,Cliente0418,9,efectivo,315
356,55,DABR930520MPLRIA38,20,10/14/2015,07:52,Cliente0419,6,tarjeta,458
570,31,STWL800319GMCUAO28,1,09/07/2020,22:32,Cliente0420,7,efectivo,274
185,92,ROSE760109MASWUR22,2,12/24/2014,13:14,Cliente0421,16,tarjeta,360
899,1,THFT841224MQROII59,7,6/29/2020,00:17,Cliente0422,6,efectivo,30
214,31,VASM801119AHGNLA39,4,02/05/2014,03:15,Cliente0423,6,tarjeta,210
136,24,GIWG820104FNLLAE76,5,3/24/2015,11:28,Cliente0424,11,efectivo,290
986,58,VAJJ860909FJCSIA20,2,1/30/2016,16:00,Cliente0425,7,tarjeta,175
74,84,MUOS760923MNTNPI24,7,4/21/2011,09:32,Cliente0426,6,efectivo,90
154,38,PUOL940815MCHDNA54,8,5/19/2020,20:12,Cliente0427,8,tarjeta,155
92,37,RYHB770516PCCAEE69,7,9/14/2018,15:51,Cliente0428,11,efectivo,520
661,36,DETE720227MMCDRP41,10,04/12/2020,13:52,Cliente0429,3,tarjeta,129
845,22,TACM870706MVZNRA14,11,12/22/2015,19:13,Cliente0430,1,efectivo,25
867,45,DACK761125FBSRUI38,5,3/30/2012,11:38,Cliente0431,1,tarjeta,15
686,21,FESJ871216MBCRHE05,13,04/05/2013,21:28,Cliente0432,4,efectivo,140
257,32,GLGL840412FNLAOO81,14,12/11/2014,05:36,Cliente0433,11,tarjeta,295
187,45,HEMD820611MGTAEU67,11,12/24/2010,06:11,Cliente0434,5,efectivo,60
794,79,HUVR861220MTCGEO09,16,5/23/2020,21:23,Cliente0435,5,tarjeta,34
678,74,CHGR981221MMSERU84,17,9/23/2012,16:00,Cliente0436,2,efectivo,45
484,41,PIGO910404FMNDED41,5,06/05/2014,02:21,Cliente0437,14,tarjeta,341
606,63,CHGR981221MMSERU84,19,1/13/2018,17:08,Cliente0438,1,efectivo,18
310,3,SMDH870821NDFAUA60,20,03/01/2018,12:50,Cliente0439,8,tarjeta,120
934,2,TACM870706MVZNRA14,1,08/03/2017,09:05,Cliente0440,15,efectivo,458
854,50,FAIG991004MSPRTE27,2,6/20/2011,05:38,Cliente0441,1,tarjeta,30
468,78,GIWG820104FNLLAE76,20,06/05/2011,00:32,Cliente0442,6,efectivo,120
856,72,MCCS951214FNLCHH80,4,7/29/2015,14:53,Cliente0443,12,tarjeta,351
369,85,WHGD870116FVZAUA72,5,11/09/2014,03:26,Cliente0444,14,efectivo,447
589,47,DRKR870309MTCOIO34,11,8/29/2012,14:11,Cliente0445,17,tarjeta,580
456,70,FAIG991004MSPRTE27,7,10/27/2016,01:10,Cliente0446,7,efectivo,105
375,99,PASR941118MDFCTO81,8,7/14/2011,17:41,Cliente0447,5,tarjeta,180
426,80,HABA820225FTLRIL45,7,03/04/2016,10:25,Cliente0448,12,efectivo,168
376,57,MACK750122MCLCRI37,10,7/28/2014,16:36,Cliente0449,8,tarjeta,64
208,95,COHJ760326MDFSUU07,11,8/24/2016,07:44,Cliente0450,1,efectivo,12
112,20,REMV970310MYNVOA05,14,11/19/2013,16:23,Cliente0451,2,tarjeta,30
270,66,PRGL701222FMCIII62,13,12/23/2017,18:59,Cliente0452,11,efectivo,150
697,16,FAIG991004MSPRTE27,14,12/13/2013,06:55,Cliente0453,5,tarjeta,75
959,69,KEEC990619MQTHDO55,5,7/18/2016,07:18,Cliente0454,8,efectivo,240
534,54,BUBM970516FOCMRE84,16,2/29/2016,18:58,Cliente0455,2,tarjeta,12
525,79,DACK761125FBSRUI38,17,02/10/2015,02:36,Cliente0456,9,efectivo,72
971,79,LEBC850828PSPTLO16,5,9/14/2012,17:14,Cliente0457,11,tarjeta,165
564,57,VEMC760926FQRNAA13,19,11/03/2014,17:07,Cliente0458,8,efectivo,131
169,39,DETE720227MMCDRP41,20,9/26/2015,18:48,Cliente0459,17,tarjeta,1605
259,8,SPBH830615MASEEE39,1,11/27/2017,14:06,Cliente0460,1,efectivo,15
561,53,MUOS760923MNTNPI24,2,12/22/2012,11:49,Cliente0461,5,tarjeta,50
639,79,VAPC920826MPLRUO86,2,3/14/2011,22:41,Cliente0462,2,efectivo,30
189,85,HERS800926FCHBUT83,4,12/26/2013,19:40,Cliente0463,1,tarjeta,15
144,11,KNBK960914FASOOA45,5,9/22/2014,01:11,Cliente0464,18,efectivo,1055
139,46,GADA911027FHGSIG96,16,6/22/2011,18:34,Cliente0465,2,tarjeta,68
366,56,NEAG970216FMSWBR17,7,04/12/2014,08:22,Cliente0466,7,efectivo,105
305,16,CUCL990924MASRHA62,8,01/09/2019,04:14,Cliente0467,14,tarjeta,1025
452,69,CHRH921025MTLEOA42,13,7/20/2014,09:28,Cliente0468,10,efectivo,290
265,88,CRPA890528MPLAHU58,10,6/17/2019,04:58,Cliente0469,9,tarjeta,108
765,32,DUUS830112FTSIRT54,11,12/29/2014,21:27,Cliente0470,8,efectivo,280
70,50,GOFM961107FTCTUO54,20,11/06/2020,09:49,Cliente0471,9,tarjeta,180
497,5,CEPY851026FNTSRO85,13,5/17/2011,12:56,Cliente0472,1,efectivo,8
682,63,MABP780714MMNFRA82,14,01/04/2019,06:12,Cliente0473,5,tarjeta,40
192,70,RYHB770516PCCAEE69,14,12/19/2019,17:59,Cliente0474,10,efectivo,120
824,59,CHGR981221MMSERU84,16,3/27/2012,17:46,Cliente0475,7,tarjeta,228
164,34,RYHB770516PCCAEE69,17,04/11/2017,14:39,Cliente0476,1,efectivo,5
217,53,MUOS760923MNTNPI24,20,05/12/2019,13:04,Cliente0477,8,tarjeta,240
322,88,MASA790911FCLXEU22,19,11/13/2012,00:09,Cliente0478,8,efectivo,125
413,68,STHR841219FTLAAA64,20,12/11/2018,11:28,Cliente0479,14,tarjeta,310
847,97,GIHN980222MCMLAI09,1,7/29/2020,08:55,Cliente0480,2,efectivo,36
146,29,GLGL840412FNLAOO81,2,06/01/2018,15:55,Cliente0481,8,tarjeta,96
486,4,BEWB981224FPLLOA85,20,9/25/2014,21:31,Cliente0482,9,efectivo,210
942,10,INTL800217FSLKIE81,4,11/15/2012,21:14,Cliente0483,5,tarjeta,75
155,10,MACK750122MCLCRI37,5,12/26/2012,01:45,Cliente0484,2,efectivo,42
668,42,DOBL850516BQRNOI91,20,01/03/2011,06:20,Cliente0485,8,tarjeta,64
371,74,DAJR941016MDGLIA11,7,05/02/2012,12:15,Cliente0486,13,efectivo,255
602,19,CRFB880126FPLUEA78,8,05/09/2011,01:57,Cliente0487,14,tarjeta,210
754,54,SMDH870821NDFAUA60,14,2/22/2019,21:34,Cliente0488,1,efectivo,12
363,20,GADA911027FHGSIG96,10,10/19/2014,00:08,Cliente0489,4,tarjeta,80
410,72,HERS800926FCHBUT83,11,05/12/2018,08:37,Cliente0490,2,efectivo,24
984,46,OSKC980330BYNOUO94,5,10/10/2015,00:53,Cliente0491,9,tarjeta,27
90,10,KEEC990619MQTHDO55,13,05/03/2016,01:41,Cliente0492,1,efectivo,35
683,84,KLAL900916FDGEIE04,14,08/06/2020,16:50,Cliente0493,4,tarjeta,60
163,90,KABH790308MBSROA03,4,2/20/2014,23:12,Cliente0494,27,efectivo,1801
741,42,SHSS960626FGRECI13,16,01/12/2011,07:12,Cliente0495,2,tarjeta,50
593,67,COGD820217MOCTRO55,17,8/31/2012,21:06,Cliente0496,2,efectivo,86
171,12,COGD820217MOCTRO55,16,04/07/2012,15:55,Cliente0497,13,tarjeta,220
365,68,GADA911027FHGSIG96,19,09/07/2018,05:10,Cliente0498,7,efectivo,105
320,93,SPBH830615MASEEE39,20,04/09/2020,09:02,Cliente0499,3,tarjeta,36
716,71,REMV970310MYNVOA05,1,08/12/2020,12:41,Cliente0500,5,efectivo,25
989,14,OSKC980330BYNOUO94,2,09/08/2016,16:01,Cliente0501,3,tarjeta,9
191,34,PIGO910404FMNDED41,11,11/29/2012,13:12,Cliente0502,1,efectivo,12
806,11,MCCS951214FNLCHH80,4,10/05/2011,21:29,Cliente0503,14,tarjeta,168
727,37,GAVF891225FTSDIR46,5,9/28/2013,20:04,Cliente0504,11,efectivo,834
861,79,KRSH740910NOCYIO87,20,07/05/2013,01:06,Cliente0505,7,tarjeta,105
476,96,GIWG820104FNLLAE76,7,5/30/2011,18:30,Cliente0506,5,efectivo,15
462,34,HUVR861220MTCGEO09,8,01/02/2017,16:45,Cliente0507,7,tarjeta,105
223,95,FAIG991004MSPRTE27,7,04/05/2019,12:13,Cliente0508,9,efectivo,232
273,67,DOBL850516BQRNOI91,10,02/07/2018,16:38,Cliente0509,18,tarjeta,268
761,67,AYBK761021GPLCRA42,11,11/05/2013,03:43,Cliente0510,8,efectivo,243
386,56,MAWA931112FCHRAB49,20,03/09/2016,15:34,Cliente0511,20,tarjeta,272
696,19,SPBH830615MASEEE39,13,3/16/2012,19:16,Cliente0512,6,efectivo,270
708,53,KNBK960914FASOOA45,14,2/22/2011,17:31,Cliente0513,5,tarjeta,500
913,24,DACK761125FBSRUI38,8,12/09/2015,21:19,Cliente0514,4,efectivo,22
572,71,SHCJ990110FCHAAU13,16,8/27/2011,21:05,Cliente0515,2,tarjeta,30
742,33,KEEC990619MQTHDO55,17,05/06/2019,00:31,Cliente0516,5,efectivo,145
397,3,CHML890621FMSAEU73,11,07/05/2013,22:53,Cliente0517,6,tarjeta,180
619,54,MCAO920101FHGCCL03,19,3/13/2018,05:39,Cliente0518,7,efectivo,56
577,24,BUBM970516FOCMRE84,20,08/10/2013,23:06,Cliente0519,5,tarjeta,140
917,65,HUVR861220MTCGEO09,1,7/14/2018,04:24,Cliente0520,12,efectivo,1170
156,65,WHGD870116FVZAUA72,2,2/15/2016,23:01,Cliente0521,2,tarjeta,24
243,60,KNBK960914FASOOA45,13,12/21/2017,04:45,Cliente0522,4,efectivo,40
771,50,MABP780714MMNFRA82,4,04/05/2019,13:56,Cliente0523,4,tarjeta,100
73,99,CACA880301FCHMRU20,5,08/02/2019,23:51,Cliente0524,3,efectivo,105
961,58,CRDW760222FBSIEA91,16,4/18/2013,17:31,Cliente0525,9,tarjeta,225
157,68,ROSE760109MASWUR22,7,06/10/2013,22:48,Cliente0526,2,efectivo,110
779,41,MCCS951214FNLCHH80,8,8/16/2020,00:55,Cliente0527,4,tarjeta,100
229,78,RYHB770516PCCAEE69,7,11/20/2016,18:33,Cliente0528,7,efectivo,140
75,87,LEBC850828PSPTLO16,10,3/31/2019,12:40,Cliente0529,2,tarjeta,180
289,21,FAIG991004MSPRTE27,11,12/25/2016,18:35,Cliente0530,7,efectivo,210
286,40,DACK761125FBSRUI38,16,7/18/2014,23:25,Cliente0531,9,tarjeta,270
800,23,HINA980519MOCNAD56,13,11/06/2013,23:04,Cliente0532,1,efectivo,90
778,37,VASM801119AHGNLA39,14,12/10/2019,18:24,Cliente0533,4,tarjeta,60
610,58,DUUS830112FTSIRT54,1,9/16/2011,04:25,Cliente0534,8,efectivo,200
450,9,GAVF891225FTSDIR46,16,3/20/2013,09:41,Cliente0535,4,tarjeta,60
137,52,PRGL701222FMCIII62,17,10/25/2014,17:54,Cliente0536,3,efectivo,90
464,71,FAJJ841022MBSLAU69,1,12/25/2017,15:52,Cliente0537,3,tarjeta,129
152,57,GIWG820104FNLLAE76,19,7/30/2015,03:56,Cliente0538,5,efectivo,75
390,90,KABH790308MBSROA03,20,3/16/2018,04:39,Cliente0539,21,tarjeta,516
491,13,BABG810617FHGUIA28,1,11/25/2015,04:42,Cliente0540,1,efectivo,4
138,81,LOSK880201ATLUAA99,2,8/27/2015,01:51,Cliente0541,5,tarjeta,375
891,88,SHCJ990110FCHAAU13,1,3/14/2015,15:14,Cliente0542,12,efectivo,236
907,71,HUVR861220MTCGEO09,4,8/13/2018,07:50,Cliente0543,5,tarjeta,15
108,74,FAIG991004MSPRTE27,5,11/16/2016,04:21,Cliente0544,6,efectivo,210
829,62,VAJJ860909FJCSIA20,4,11/13/2014,18:18,Cliente0545,1,tarjeta,8
880,72,GIHN980222MCMLAI09,7,8/24/2020,11:57,Cliente0546,2,efectivo,60
367,72,HERS800926FCHBUT83,8,1/15/2011,08:22,Cliente0547,5,tarjeta,40
541,73,LIMD721115MJCMIO09,10,10/05/2015,16:49,Cliente0548,6,efectivo,60
180,12,REMV970310MYNVOA05,10,8/29/2020,22:30,Cliente0549,4,tarjeta,240
860,72,CRFB880126FPLUEA78,11,12/31/2011,01:09,Cliente0550,9,efectivo,370
834,7,PRGL701222FMCIII62,19,6/29/2016,01:39,Cliente0551,5,tarjeta,105
457,89,KUWS910402NNLBEI94,13,2/14/2020,16:46,Cliente0552,9,efectivo,225
770,38,PUOL940815MCHDNA54,14,7/25/2017,20:18,Cliente0553,9,tarjeta,1593
306,71,GELG970223FGTIEL29,8,8/19/2011,05:03,Cliente0554,5,efectivo,109
120,87,CHGR981221MMSERU84,16,06/12/2013,12:05,Cliente0555,6,tarjeta,150
618,8,WHGD870116FVZAUA72,17,5/25/2015,14:39,Cliente0556,5,efectivo,50
516,35,MCCS951214FNLCHH80,4,05/07/2017,19:42,Cliente0557,3,tarjeta,45
573,33,CHGR981221MMSERU84,19,08/01/2015,15:10,Cliente0558,2,efectivo,30
228,64,PAAC920419FGTTVO87,20,3/27/2011,17:45,Cliente0559,5,tarjeta,75
364,42,HINA980519MOCNAD56,1,11/23/2011,19:03,Cliente0560,1,efectivo,35
968,22,KLAL900916FDGEIE04,2,01/03/2017,18:30,Cliente0561,9,tarjeta,124
227,36,PACA700821FGTULN20,8,11/19/2012,02:15,Cliente0562,2,efectivo,200
313,86,DACK761125FBSRUI38,4,02/05/2017,21:59,Cliente0563,12,tarjeta,388
449,52,WHGD870116FVZAUA72,5,11/22/2012,15:56,Cliente0564,7,efectivo,245
314,60,KNBK960914FASOOA45,7,9/27/2019,07:25,Cliente0565,3,tarjeta,36
881,34,INTL800217FSLKIE81,7,07/03/2019,07:10,Cliente0566,4,efectivo,112
345,48,SHCJ990110FCHAAU13,8,3/24/2018,01:42,Cliente0567,7,tarjeta,126
411,16,THFT841224MQROII59,14,12/13/2011,11:45,Cliente0568,17,efectivo,615
813,10,DOBL850516BQRNOI91,10,12/28/2015,06:32,Cliente0569,7,tarjeta,70
377,28,FAIG991004MSPRTE27,11,1/28/2012,16:29,Cliente0570,3,efectivo,36
873,94,GIWG820104FNLLAE76,19,6/16/2018,08:50,Cliente0571,4,tarjeta,100
884,61,HABA820225FTLRIL45,13,06/11/2017,16:19,Cliente0572,8,efectivo,176
627,44,KABH790308MBSROA03,14,10/20/2014,04:05,Cliente0573,12,tarjeta,555
182,12,VASM801119AHGNLA39,10,1/27/2014,15:00,Cliente0574,4,efectivo,12
642,64,MCCS951214FNLCHH80,16,3/15/2015,01:01,Cliente0575,3,tarjeta,54
858,18,VEEH800225MCSRRU48,17,10/29/2014,11:41,Cliente0576,8,efectivo,168
127,36,KLAL900916FDGEIE04,19,04/06/2012,11:25,Cliente0577,4,tarjeta,60
204,1,BABG810617FHGUIA28,19,1/17/2015,02:33,Cliente0578,3,efectivo,15
130,73,HUVR861220MTCGEO09,20,11/29/2017,19:45,Cliente0579,4,tarjeta,100
399,59,HUVR861220MTCGEO09,1,2/16/2015,21:50,Cliente0580,7,efectivo,385
437,25,CHML890621FMSAEU73,2,8/22/2014,00:02,Cliente0581,2,tarjeta,40
398,10,MASA790911FCLXEU22,14,6/30/2020,07:37,Cliente0582,5,efectivo,75
664,79,DOBL850516BQRNOI91,4,01/05/2011,19:24,Cliente0583,11,tarjeta,287
307,69,GADA911027FHGSIG96,5,11/07/2011,16:07,Cliente0584,1,efectivo,25
175,82,HABA820225FTLRIL45,7,08/07/2014,22:58,Cliente0585,6,tarjeta,270
528,19,PIGO910404FMNDED41,7,02/12/2018,22:12,Cliente0586,1,efectivo,5
769,21,CACH800731MMSZLE85,8,1/22/2014,15:37,Cliente0587,9,tarjeta,315
826,37,EBHL720222MCLBAA97,13,4/14/2011,07:13,Cliente0588,5,efectivo,60
658,80,MASA790911FCLXEU22,10,7/21/2019,00:30,Cliente0589,8,tarjeta,120
662,24,CUCL990924MASRHA62,11,03/06/2020,10:19,Cliente0590,8,efectivo,718
729,59,BETL920711FDGRWA64,13,08/07/2015,04:08,Cliente0591,1,tarjeta,35
99,16,MCAO920101FHGCCL03,13,10/03/2013,14:56,Cliente0592,9,efectivo,130
343,63,BRBL860509FJCOAY25,14,10/09/2014,14:20,Cliente0593,4,tarjeta,84
288,54,MABP780714MMNFRA82,17,06/04/2020,14:46,Cliente0594,3,efectivo,24
977,28,TRPL890731GDFUEA46,16,4/15/2016,11:31,Cliente0595,5,tarjeta,175
580,67,GOFM961107FTCTUO54,17,05/07/2018,19:15,Cliente0596,8,efectivo,120
896,52,DOBL850516BQRNOI91,16,7/16/2012,14:52,Cliente0597,5,tarjeta,90
188,97,COGD820217MOCTRO55,19,5/31/2016,10:44,Cliente0598,4,efectivo,100
436,74,WHGD870116FVZAUA72,20,06/02/2019,06:58,Cliente0599,8,tarjeta,440
186,82,PUOL940815MCHDNA54,1,7/15/2012,12:11,Cliente0600,4,efectivo,40
240,70,VEMC760926FQRNAA13,2,3/27/2014,15:14,Cliente0601,1,tarjeta,20
520,97,NEAG970216FMSWBR17,4,1/19/2018,00:45,Cliente0602,4,efectivo,60
631,96,CACH800731MMSZLE85,4,08/11/2019,06:44,Cliente0603,1,tarjeta,45
929,38,CHRH921025MTLEOA42,5,7/30/2013,02:10,Cliente0604,4,efectivo,220
568,72,VAPC920826MPLRUO86,4,04/06/2016,19:45,Cliente0605,6,tarjeta,108
815,37,VASM801119AHGNLA39,7,09/03/2012,12:32,Cliente0606,2,efectivo,50
170,90,DABR930520MPLRIA38,8,10/11/2015,11:07,Cliente0607,9,tarjeta,729
607,72,MASA790911FCLXEU22,11,9/24/2016,17:25,Cliente0608,10,efectivo,230
503,4,HINA980519MOCNAD56,10,10/03/2012,15:35,Cliente0609,4,tarjeta,80
435,8,KEEC990619MQTHDO55,11,2/27/2019,10:58,Cliente0610,6,efectivo,90
96,3,PACA700821FGTULN20,13,02/05/2018,09:01,Cliente0611,9,tarjeta,135
251,53,INTL800217FSLKIE81,13,11/07/2020,00:52,Cliente0612,3,efectivo,24
353,53,PASR941118MDFCTO81,14,12/08/2010,16:29,Cliente0613,6,tarjeta,108
328,13,FAIG991004MSPRTE27,19,11/27/2018,15:46,Cliente0614,8,efectivo,200
275,94,KUWS910402NNLBEI94,16,05/10/2012,16:11,Cliente0615,7,tarjeta,154
118,48,PAAC920419FGTTVO87,17,2/18/2013,08:52,Cliente0616,5,efectivo,75
920,32,FESJ871216MBCRHE05,1,10/17/2014,23:32,Cliente0617,11,tarjeta,148
581,84,GIHN980222MCMLAI09,19,7/22/2014,11:28,Cliente0618,9,efectivo,495
490,53,EBHL720222MCLBAA97,20,09/11/2012,05:44,Cliente0619,1,tarjeta,8
84,57,LIMD721115MJCMIO09,1,3/27/2016,01:15,Cliente0620,5,efectivo,110
372,81,MASA790911FCLXEU22,2,10/10/2014,14:56,Cliente0621,9,tarjeta,108
875,14,MAWA931112FCHRAB49,5,6/13/2017,08:40,Cliente0622,4,efectivo,180
294,39,CHRH921025MTLEOA42,4,1/22/2014,04:34,Cliente0623,4,tarjeta,140
560,90,OSKC980330BYNOUO94,5,8/30/2016,08:36,Cliente0624,3,efectivo,180
128,77,DOEB820928MDFMNE22,13,12/18/2015,03:02,Cliente0625,6,tarjeta,90
988,13,AYBK761021GPLCRA42,7,8/30/2012,05:06,Cliente0626,2,efectivo,24
510,67,HINA980519MOCNAD56,8,03/03/2018,22:53,Cliente0627,6,tarjeta,210
878,45,BETL920711FDGRWA64,14,1/13/2018,16:48,Cliente0628,6,efectivo,300
974,23,GLGL840412FNLAOO81,10,09/05/2018,14:15,Cliente0629,4,tarjeta,300
837,20,NOGE840522MTCRRV12,11,9/25/2012,02:23,Cliente0630,5,efectivo,75
597,25,MUOS760923MNTNPI24,11,06/05/2011,16:15,Cliente0631,8,tarjeta,440
635,49,TACM870706MVZNRA14,13,04/07/2011,09:47,Cliente0632,1,efectivo,8
394,74,MABP780714MMNFRA82,14,4/20/2015,13:06,Cliente0633,3,tarjeta,9
582,39,VAJJ860909FJCSIA20,1,09/06/2013,19:06,Cliente0634,5,efectivo,25
190,46,TRPL890731GDFUEA46,16,3/29/2013,11:41,Cliente0635,9,tarjeta,315
438,24,KNBK960914FASOOA45,17,07/01/2015,10:20,Cliente0636,9,efectivo,135
421,39,GIWG820104FNLLAE76,10,5/13/2011,01:17,Cliente0637,7,tarjeta,17.5
258,60,STWL800319GMCUAO28,19,6/27/2011,18:09,Cliente0638,2,efectivo,42
559,11,DUUS830112FTSIRT54,20,6/26/2013,19:09,Cliente0639,5,tarjeta,125
571,29,CRPA890528MPLAHU58,1,05/10/2016,11:09,Cliente0640,6,efectivo,270
530,91,AYBK761021GPLCRA42,2,1/15/2012,16:20,Cliente0641,1,tarjeta,10
788,86,SAMC711103FGTWEH64,20,03/10/2019,23:24,Cliente0642,3,efectivo,135
931,9,COHJ760326MDFSUU07,4,10/10/2014,13:03,Cliente0643,1,tarjeta,10
473,64,DAJR941016MDGLIA11,5,7/15/2017,05:48,Cliente0644,3,efectivo,36
339,4,MAEP901211MGTCNA73,4,11/12/2014,21:47,Cliente0645,6,tarjeta,168
222,6,GAVF891225FTSDIR46,7,6/25/2012,03:40,Cliente0646,5,efectivo,60
295,54,KNBK960914FASOOA45,8,10/04/2018,00:55,Cliente0647,3,tarjeta,45
822,51,DRKR870309MTCOIO34,10,02/07/2015,19:50,Cliente0648,4,efectivo,16
782,70,CRPA890528MPLAHU58,10,11/08/2016,11:05,Cliente0649,9,tarjeta,495
526,19,DRND851022BTCIIA89,11,11/08/2020,17:39,Cliente0650,12,efectivo,900
781,13,INTL800217FSLKIE81,11,11/12/2014,08:54,Cliente0651,2,tarjeta,24
81,9,TRPL890731GDFUEA46,13,05/05/2019,21:28,Cliente0652,9,efectivo,315
562,92,BUBM970516FOCMRE84,14,2/19/2011,17:45,Cliente0653,5,tarjeta,125
249,98,BEWB981224FPLLOA85,16,4/19/2014,20:30,Cliente0654,3,efectivo,45
926,14,ANQS780903FQTDUA20,16,6/26/2015,15:14,Cliente0655,1,tarjeta,12
721,77,CACA880301FCHMRU20,17,07/06/2014,11:35,Cliente0656,9,efectivo,180
851,85,PUOL940815MCHDNA54,16,03/05/2016,11:52,Cliente0657,7,tarjeta,420
980,77,COHJ760326MDFSUU07,19,2/28/2019,09:34,Cliente0658,3,efectivo,7.5
215,48,SPBH830615MASEEE39,20,3/30/2016,04:13,Cliente0659,5,tarjeta,100
509,7,DRKR870309MTCOIO34,1,12/11/2012,01:55,Cliente0660,4,efectivo,80
786,83,CUCL990924MASRHA62,2,11/11/2013,00:18,Cliente0661,9,tarjeta,225
535,21,LIMD721115MJCMIO09,17,4/23/2018,11:08,Cliente0662,9,efectivo,108
759,49,PUOL940815MCHDNA54,4,01/09/2019,13:15,Cliente0663,3,tarjeta,45
471,10,VEMC760926FQRNAA13,5,01/01/2018,16:30,Cliente0664,3,efectivo,165
194,16,HERS800926FCHBUT83,17,4/29/2017,04:58,Cliente0665,5,tarjeta,12.5
973,3,KEEC990619MQTHDO55,7,6/14/2020,21:36,Cliente0666,6,efectivo,72
262,5,KLAL900916FDGEIE04,8,7/26/2013,09:26,Cliente0667,7,tarjeta,350
689,37,AYBK761021GPLCRA42,14,8/15/2013,16:53,Cliente0668,4,efectivo,100
167,96,KILT800801FOCTAI84,10,06/02/2016,19:04,Cliente0669,3,tarjeta,75
261,22,ROSE760109MASWUR22,11,12/14/2014,07:37,Cliente0670,6,efectivo,168
612,74,MABP780714MMNFRA82,17,10/03/2015,12:25,Cliente0671,5,tarjeta,25
671,1,GAVF891225FTSDIR46,13,09/08/2015,22:22,Cliente0672,9,efectivo,225
707,81,SHSS960626FGRECI13,14,8/26/2020,19:54,Cliente0673,1,tarjeta,18
903,67,BUBM970516FOCMRE84,10,10/16/2018,22:52,Cliente0674,1,efectivo,8
755,51,CRPA890528MPLAHU58,16,12/13/2015,13:49,Cliente0675,8,tarjeta,120
496,31,GIHN980222MCMLAI09,17,2/23/2019,13:55,Cliente0676,7,efectivo,700