Id,yearID,S,2B,3B,HR,BB,HBP,SH,SF,OIP,SO,GIDP,SB,CS
2331,2000,948,272,23,183,632,54,89,45,2097,1120,114,93,37
2477,2005,980,296,27,189,447,54,40,42,2429,902,145,83,37
798,1925,1198,251,71,56,541,44,208,0,2402,420,0,135,92
2159,1994,771,211,36,124,388,29,53,42,1524,738,83,119,51
2630,2010,940,298,27,149,479,50,60,38,2111,1236,124,55,31
357,1898,1136,150,71,32,375,66,141,,2798,424,,235,
204,1887,780,149,63,47,269,41,,,2626,339,,334,
1375,1961,1046,236,51,103,494,33,70,40,2381,745,108,46,28
1369,1961,931,215,40,167,597,33,67,42,2344,840,141,47,43
956,1935,1031,291,51,73,591,14,116,,2640,558,,45,25
1190,1950,1069,285,50,114,722,19,110,,2369,481,162,23,40
482,1907,1018,149,33,5,421,48,181,,2690,525,,175,
1486,1967,974,259,46,93,537,26,65,43,2406,934,123,88,38
2168,1994,687,238,21,99,417,33,28,38,1652,680,85,59,37
429,1903,965,138,65,8,277,34,96,,2584,522,,171,
213,1888,778,142,61,19,288,57,,,2645,598,,257,
1156,1948,904,221,37,104,477,16,79,0,2586,582,121,42,0
441,1904,961,197,77,31,313,40,137,,2732,600,,137,
1884,1983,1072,238,29,121,497,19,84,38,2439,873,121,124,77
652,1916,1017,181,50,14,626,42,164,,2423,638,,234,118
163,1885,677,149,66,25,216,,,,2189,451,,,
122,1883,701,120,58,13,164,,,,2551,,,,
2224,1996,1056,304,40,178,624,53,45,50,2211,986,115,101,48
2157,1994,798,175,39,121,497,20,51,46,1536,568,91,77,27
2420,2003,903,303,19,220,519,58,43,41,2333,916,132,77,29
305,1894,1189,272,94,103,535,47,64,,2446,261,,241,
2658,2011,1010,352,35,203,578,50,22,50,2166,1108,136,102,42
2205,1995,842,229,33,152,472,57,79,24,1931,1060,92,138,46
1204,1951,973,215,33,88,415,11,64,0,2784,577,125,44,40
1443,1965,992,198,21,156,506,33,90,40,2479,857,97,109,46
2514,2006,1011,294,40,203,430,45,45,36,2285,1133,120,60,40
2424,2003,913,330,31,198,619,52,55,38,2008,1134,140,63,37
2744,2013,918,259,27,161,464,40,68,39,2153,1192,115,88,28
2417,2003,1021,321,31,235,545,49,65,49,2297,933,124,68,22
308,1894,1074,241,90,37,471,24,77,,2449,301,,220,
1133,1946,1024,265,56,81,530,21,97,0,2666,537,95,58,0
1743,1978,1139,218,34,129,563,31,57,47,2543,695,145,90,38
575,1913,996,220,101,17,466,39,167,0,2428,535,0,189,0
2536,2007,1031,328,27,176,534,49,55,47,2156,1149,137,64,30
1124,1946,958,206,33,65,493,28,122,0,2681,603,102,82,0
454,1905,952,190,54,13,375,40,180,,2587,581,,129,
1389,1962,953,204,38,181,581,34,47,35,2277,975,133,57,27
1753,1978,991,248,32,133,552,42,61,49,2381,866,93,152,58
2018,1988,1062,207,33,71,484,22,105,48,2549,827,110,234,64
1215,1952,958,233,34,113,542,31,66,,2399,737,133,59,47
1786,1979,980,253,34,95,448,36,65,38,2680,663,131,75,56
804,1926,1144,242,120,35,454,34,239,,2719,333,,51,
1818,1981,614,138,29,57,342,13,53,30,1581,611,78,72,41
1874,1983,1016,239,60,97,517,19,81,54,2474,869,76,164,95
701,1919,942,163,52,18,304,18,142,0,2531,418,0,148,0
1721,1977,1132,273,60,123,563,43,81,56,2439,754,115,105,65
2552,2007,1097,326,32,201,637,78,41,54,2122,991,138,123,40
1546,1970,973,228,44,179,607,20,75,36,2375,844,110,39,16
2053,1990,1017,284,40,125,466,42,88,42,2409,913,99,166,66
796,1925,1138,304,68,110,497,31,143,0,2771,373,0,85,78
404,1902,1045,133,40,6,358,44,156,,2522,566,,229,
1209,1951,974,262,43,102,677,34,61,0,2442,564,118,47,36
0,1871,316,70,37,3,60,,,,859,19,8,73,16
59,1877,524,79,30,0,57,,,,1472,111,,,
2518,2006,1042,309,29,159,486,42,31,53,2418,914,126,148,57
2718,2013,996,363,29,178,581,72,24,50,1913,1308,137,123,19
1614,1973,1078,229,48,119,648,43,58,49,2387,752,126,146,64
535,1910,1073,204,83,31,562,57,193,,2369,489,,282,
1880,1983,1073,269,40,153,533,37,37,41,2614,686,148,84,42
2654,2010,925,250,31,149,503,60,71,47,2037,1220,125,110,41
2355,2001,988,275,26,158,494,77,46,53,2324,1001,109,116,52
1453,1965,1121,217,57,111,419,35,67,42,2471,1008,138,51,38
2700,2012,901,300,39,202,466,90,76,35,2097,1240,111,158,39
1995,1988,967,228,28,96,432,21,74,46,2564,848,136,95,69
2710,2012,1040,290,37,159,533,53,69,49,2065,1192,135,91,37
2406,2002,897,325,41,165,640,53,67,39,2072,1095,129,104,43
507,1908,978,162,98,25,420,40,184,,2745,457,,186,
1010,1939,1111,220,56,64,579,21,154,,2464,502,108,113,61
1248,1954,1028,244,41,123,654,23,78,53,2347,660,148,51,30
348,1897,993,140,108,25,359,67,98,,2467,333,,170,
2358,2001,937,262,24,136,514,77,38,49,2325,989,121,133,53
115,1883,706,164,48,13,166,,,,2251,378,,,
2435,2003,881,317,24,176,556,59,22,53,2393,898,118,48,14
1924,1985,1064,254,31,116,492,15,38,48,2513,817,139,132,72
705,1920,1081,168,86,23,385,33,166,,2788,488,0,88,98
1081,1943,975,174,44,26,430,29,95,,2874,465,132,55,42
2441,2003,1010,342,32,196,580,73,87,54,2210,952,136,82,32
910,1932,1101,303,100,61,505,26,95,0,2882,442,0,70,48
2925,2020,311,101,12,58,181,36,1,23,776,461,37,23,7
512,1909,907,176,59,16,330,20,173,,2731,644,,141,
2030,1989,952,239,28,97,530,27,83,44,2576,860,80,144,62
1853,1982,1013,270,38,133,503,35,85,41,2516,816,107,156,56
1655,1974,1056,233,50,95,469,26,84,44,2503,822,112,115,58
621,1915,979,163,102,25,583,71,270,0,2146,575,0,233,183
413,1902,1063,116,37,10,273,52,107,,2654,439,,158,
2494,2005,991,310,20,155,537,52,19,40,2536,819,148,31,22
1296,1957,964,231,32,153,622,25,41,38,2271,736,154,29,21
2192,1995,1012,260,22,109,566,69,78,47,1828,992,114,176,60
2867,2018,872,242,15,188,422,57,13,35,2119,1412,132,81,22
1037,1940,1068,266,61,119,479,21,88,0,2684,610,103,97,0
1814,1981,619,165,11,88,404,15,26,24,1600,454,110,41,34
1473,1966,1124,238,66,158,405,35,73,40,2415,1011,111,64,60
1252,1954,955,221,46,147,557,29,101,51,2379,645,103,47,30
693,1919,918,254,72,24,498,38,224,0,2170,367,0,113,0
564,1912,1017,183,89,21,479,25,175,0,2634,492,0,248,0
2679,2011,900,282,24,121,448,52,62,43,2315,1122,117,85,51
24,1873,171,25,8,0,9,,,,619,30,7,4,4
1170,1949,1024,207,66,43,702,13,84,0,2336,593,136,62,55
1736,1978,976,248,19,154,552,22,41,42,2368,864,136,75,61
1750,1978,1098,228,38,125,505,42,37,52,2637,695,126,98,42
1916,1984,1069,275,68,143,460,52,35,49,2629,816,91,193,67
1144,1947,1022,230,72,115,610,27,86,0,2443,581,122,27,23
2793,2015,862,295,17,177,488,68,29,32,2139,1290,130,51,25
2839,2017,933,256,37,186,401,76,35,33,2035,1397,124,71,31
2682,2011,1047,310,32,210,475,39,39,49,2393,930,135,143,45
550,1911,1188,230,96,30,471,49,181,,3049,,,276,
2483,2005,1013,280,34,150,509,64,88,34,2142,1103,125,65,32
1634,1973,1027,212,52,161,590,35,75,37,2322,913,113,112,52
211,1888,975,177,72,51,307,46,,,2825,396,,193,
1029,1940,973,287,61,101,519,16,61,0,2634,598,111,53,36
1543,1970,967,252,28,203,594,40,34,47,2378,855,137,50,48
466,1906,922,152,52,7,453,50,226,,2571,492,,216,
611,1914,964,185,75,17,423,35,146,,2393,863,,233,189
1357,1960,918,213,48,138,501,31,52,35,2341,792,118,48,35
1394,1962,1081,235,32,204,523,42,76,48,2405,822,120,73,50
2010,1988,1037,272,12,148,588,30,36,51,2353,935,130,146,39
1278,1955,965,178,54,80,537,36,79,38,2397,651,127,25,32
32,1874,590,87,4,4,32,,,,1672,54,19,32,12
1994,1987,984,277,38,215,555,38,30,35,2357,970,136,126,50
83,1880,637,114,34,8,89,,,,2128,186,,,
1896,1984,992,240,47,136,567,29,59,51,2247,967,102,154,66
1138,1947,1045,211,41,53,491,15,56,0,2692,528,142,91,57
657,1917,1014,169,75,22,427,45,182,0,2680,587,0,155,0
1488,1967,962,203,38,82,485,43,91,35,2503,881,133,56,47
1651,1974,1039,201,29,86,652,33,106,56,2202,812,127,124,49
2215,1996,912,259,36,191,604,34,71,49,2050,1134,115,171,63
2440,2003,950,281,29,180,593,40,76,39,2158,980,130,53,37
1911,1984,1067,207,42,109,472,24,64,55,2522,810,132,152,68
2796,2015,1003,292,27,140,461,89,63,41,2078,1322,115,98,45
1116,1945,987,215,37,63,500,15,124,0,2629,555,102,25,31
2689,2012,941,228,29,211,461,65,31,36,2201,1203,112,109,43
1857,1982,1035,245,25,112,506,24,85,38,2419,831,134,128,76
1912,1984,1022,244,34,129,519,42,66,38,2480,871,101,116,62
113,1883,659,101,79,15,134,,,,2565,,,,
2400,2002,932,269,29,139,500,55,79,34,2109,1125,144,94,50
2918,2019,784,254,28,239,588,58,14,37,1834,1581,83,115,47
1827,1981,628,146,28,81,368,16,63,30,1659,498,74,138,40
2564,2007,952,309,31,123,524,53,63,41,2153,1128,143,69,23
1895,1984,925,225,38,172,523,39,37,44,2516,883,111,109,49
161,1885,766,184,75,54,340,,,,2245,429,,,
2216,1996,1089,335,23,218,671,43,34,57,2203,844,164,160,50
309,1894,912,173,89,42,355,53,93,,2434,368,,219,
837,1928,1144,298,62,34,376,36,190,,2841,410,,49,52
2113,1992,979,263,37,102,463,43,82,55,2373,976,104,196,63
2114,1992,1000,281,18,163,536,42,26,55,2431,903,138,78,37
1259,1954,981,243,58,102,604,10,84,55,2284,620,143,30,27
1800,1980,1018,298,36,203,455,25,58,51,2666,745,98,131,56
2231,1996,1043,285,24,147,601,50,59,52,2234,1014,146,109,55
709,1920,1144,301,95,35,574,36,254,0,2388,376,0,73,93
2183,1995,907,286,31,175,560,65,45,49,1827,923,129,99,44
2011,1988,960,251,24,152,544,32,65,56,2388,842,94,140,51
1004,1938,1097,273,36,92,589,20,106,0,2595,525,0,51,40
2308,1999,1087,294,52,151,535,64,46,56,2251,932,156,127,39
275,1891,992,180,51,21,482,58,,,2733,412,,232,
133,1884,722,147,49,16,170,,,,2254,576,,,
1635,1973,1068,240,35,75,531,29,89,50,2416,796,149,100,46
2012,1988,1045,251,22,156,580,65,54,55,2306,926,142,129,54
1697,1976,1172,222,51,81,550,41,93,49,2480,714,121,146,75
581,1913,1053,206,74,16,420,53,208,0,2444,557,0,191,0
1485,1967,935,192,36,152,626,51,78,35,2197,994,114,37,21
558,1911,1079,159,54,16,466,80,150,,3061,,,215,
1690,1976,1041,216,24,105,490,30,75,41,2537,834,126,74,74
2184,1995,927,252,25,186,564,36,33,38,1954,889,115,58,39
1537,1969,945,179,27,125,626,34,72,29,2281,1015,111,167,59
2919,2019,839,300,26,167,475,50,24,42,2110,1435,111,47,28
841,1928,1051,326,75,89,529,37,196,0,2503,435,0,61,54
124,1884,185,30,6,2,22,,,,654,,,,
172,1885,679,121,21,8,214,,,,2303,412,,,
2836,2017,987,289,26,165,474,66,59,32,2165,1184,137,77,31
862,1929,1087,244,66,48,554,19,187,0,2635,397,0,87,61
1277,1955,968,228,36,143,458,31,56,44,2583,597,122,64,59
1347,1960,914,230,40,140,512,34,60,45,2346,858,110,73,37
2810,2016,887,293,30,199,656,96,42,37,1817,1339,107,66,34
287,1892,1050,225,95,50,528,54,,,2896,515,,216,
322,1895,1011,191,90,32,454,30,38,,2467,292,,292,
1472,1966,1058,224,49,117,510,29,78,32,2428,969,113,56,42
2829,2016,973,280,54,130,572,42,42,46,2199,1107,120,79,36
635,1915,1005,166,65,19,472,43,173,0,2404,765,0,202,160
1601,1972,971,182,31,93,478,35,73,28,2309,905,129,53,41
1054,1941,1113,257,80,52,470,14,62,0,2870,488,115,79,36
1221,1952,991,211,49,148,626,20,84,0,2328,749,124,46,39
1393,1962,1055,240,65,108,432,17,54,49,2504,836,123,50,39
2738,2013,864,249,17,188,529,31,26,28,2151,1353,122,49,23
1811,1980,1202,263,27,124,480,23,70,56,2700,589,156,91,49
1758,1978,965,263,44,79,420,22,55,53,2670,713,131,97,42
846,1928,1103,277,93,40,479,30,180,,2736,385,,108,58
261,1890,868,152,108,24,486,71,,,2866,,,421,
1021,1939,1109,332,62,98,475,27,167,0,2496,566,115,44,0
2892,2018,824,266,24,194,555,88,33,34,1847,1484,104,74,35
1678,1975,972,220,33,151,609,51,74,35,2317,846,107,183,82
2620,2009,953,294,29,160,528,61,68,43,2161,1041,127,75,31
443,1904,1052,164,102,15,391,47,116,,2757,516,,178,
2381,2001,964,274,32,199,529,65,83,50,2040,1089,125,91,35
1757,1978,933,240,41,117,554,17,127,40,2377,814,104,87,54
2539,2007,882,249,20,190,532,52,41,35,2153,1149,138,78,45
373,1899,1207,172,88,47,468,33,108,,2917,264,,210,
396,1901,1104,182,92,29,386,52,117,,2454,497,,203,
711,1920,1095,210,76,46,432,26,124,,2755,545,,131,113
1,1871,240,52,21,10,60,,,,785,22,6,69,21
2290,1998,1061,292,26,161,678,44,81,53,2069,1040,123,102,51
1672,1975,989,217,31,118,611,31,104,47,2357,825,123,138,52
2204,1995,899,276,20,182,549,39,52,34,1965,871,109,110,41
1034,1940,935,180,35,75,435,14,87,,2734,527,115,25,
2842,2017,875,333,29,212,604,50,23,45,2062,1153,125,88,23
187,1886,742,183,46,30,235,,,,2358,656,,156,
1603,1972,936,156,22,91,474,49,108,30,2366,828,96,68,66
217,1888,808,151,46,16,268,51,,,2703,485,,246,
1540,1969,1006,171,40,148,630,32,51,36,2275,900,158,52,40
2889,2018,906,255,30,133,448,49,33,42,2065,1467,113,77,34
267,1891,880,148,90,40,414,44,,,2736,439,,244,
1747,1978,1084,259,47,82,604,33,109,55,2426,684,139,99,56
25,1873,530,51,36,5,43,,,,1506,22,18,16,7
37,1875,263,33,6,2,8,,,,1205,36,9,1,5
1602,1972,927,167,22,88,472,29,78,30,2299,868,144,64,57
2833,2016,843,276,18,221,632,55,26,40,1853,1362,153,54,24
2446,2004,933,295,38,135,441,35,56,37,2415,1022,137,53,32
770,1924,1157,255,59,41,608,35,234,0,2434,417,0,137,89
660,1917,1063,196,100,26,312,34,131,0,2912,477,0,153,0
292,1893,899,173,83,45,473,40,,,2502,296,,213,
425,1903,909,227,68,32,268,32,101,,2525,511,,157,
1203,1951,977,200,47,103,477,22,56,0,2639,647,139,63,30
844,1928,1017,276,76,63,543,29,211,0,2530,474,0,80,43
2389,2002,1002,348,33,177,545,72,22,53,2305,944,139,80,28
2374,2001,923,273,18,147,545,65,52,35,2215,1062,124,66,48
2811,2016,929,277,33,164,452,52,58,44,2065,1284,129,139,51
2909,2019,897,265,18,146,395,73,31,33,2046,1469,139,55,30
1552,1970,1128,233,67,87,541,24,72,50,2450,841,113,138,57
1338,1959,890,196,38,113,498,34,59,35,2277,858,111,39,46
174,1886,969,196,80,16,433,18,,,3341,,,248,
2641,2010,1020,318,41,142,559,39,38,53,2232,967,159,68,28
2425,2003,919,201,39,153,443,47,65,49,2337,1099,114,98,63
265,1891,949,181,81,53,533,82,,,2540,537,,289,
1974,1987,989,244,33,209,504,21,59,30,2321,1064,109,109,48
1657,1974,917,196,27,99,564,20,83,35,2469,900,105,85,45
2676,2011,906,277,35,107,489,34,75,44,2023,1308,123,108,52
1613,1973,1038,219,34,206,608,34,65,46,2399,870,112,84,40
834,1928,1073,231,76,24,463,31,201,0,2625,485,0,144,82
1358,1960,888,205,43,147,584,48,86,38,2196,883,130,52,43
854,1929,1129,337,96,110,515,20,124,,2769,493,,95,74
2293,1998,1090,314,32,201,595,39,41,54,2124,1045,137,82,47
246,1890,906,150,120,27,433,51,,,2580,377,,312,
663,1917,1080,170,71,39,373,52,151,,2742,533,,162,
2245,1997,1063,269,40,239,562,63,73,35,2061,1060,138,137,65
1836,1981,683,158,45,50,379,16,46,35,1548,495,82,88,45
119,1883,755,149,50,20,199,,,,2540,,,,
1442,1965,1032,268,61,183,538,50,73,36,2294,1003,120,82,40
2356,2001,967,284,35,208,587,57,71,36,2193,1052,105,71,38
2940,2020,266,83,5,75,221,35,0,10,590,582,53,15,11
1436,1964,894,199,28,125,514,28,66,33,2266,1124,119,47,30
2248,1997,940,314,40,133,633,100,74,53,2026,1085,104,171,74
689,1919,973,142,62,24,355,42,156,,2511,481,,145,
814,1926,1142,244,97,43,555,37,194,0,2548,363,0,117,90
346,1897,1149,188,84,31,412,67,45,,2565,330,,332,
1333,1959,960,196,30,160,580,44,73,40,2292,735,101,34,17
1508,1968,921,207,41,105,445,49,69,38,2426,966,106,98,54
1279,1956,919,198,34,91,561,22,84,31,2292,725,133,39,42
2167,1994,727,239,23,103,359,41,22,34,1676,635,93,94,30
1510,1968,963,178,30,81,379,43,75,27,2420,1203,104,72,45
1230,1952,963,225,44,50,580,30,79,0,2644,605,137,48,37
243,1890,979,236,79,58,661,43,,,2249,449,,426,
1545,1970,1059,192,20,123,477,42,51,48,2498,872,132,53,33
933,1934,1064,340,46,100,524,19,87,0,2782,434,0,52,32
2313,1999,1037,302,36,193,718,55,22,53,2037,978,137,104,57
2311,1999,1030,285,30,105,500,49,24,56,2287,978,151,118,60
1205,1951,963,208,35,140,605,27,63,0,2452,632,125,52,35
1775,1979,987,273,42,143,432,27,67,38,2443,890,123,121,56
1239,1953,1036,195,45,176,499,28,67,0,2579,608,129,31,21
1900,1984,1097,222,67,79,494,17,87,55,2505,837,88,105,61
2864,2017,920,311,31,215,542,31,43,45,1972,1327,116,108,30
2061,1990,979,227,43,114,576,26,87,47,2234,1024,96,235,99
1020,1939,1070,242,50,91,558,20,132,0,2532,606,121,48,38
1538,1969,974,187,28,136,711,66,82,42,2073,1054,121,71,32
559,1912,1022,269,84,29,565,45,191,0,2866,,0,185,0
1149,1947,1047,235,65,115,612,29,68,0,2604,511,136,28,0
1832,1981,659,176,30,55,278,15,54,36,1719,494,60,122,52
780,1924,1146,264,62,67,459,35,192,0,2647,350,0,85,85
138,1884,679,129,62,20,125,22,,,2776,,,,
1088,1944,1088,255,51,56,485,14,117,0,2765,453,109,45,0
368,1899,1129,142,50,12,289,65,57,,3255,280,,127,
1254,1954,1005,215,41,90,492,19,80,41,2499,603,148,48,44
2349,2000,957,300,26,198,775,48,63,61,1867,1073,129,122,56
845,1928,1030,292,70,113,568,32,187,0,2627,438,0,82,0
2593,2008,992,303,32,126,521,59,48,56,2278,938,150,80,27
1181,1949,1076,281,54,102,569,25,94,0,2656,482,124,17,0
567,1912,1084,231,89,47,514,69,152,0,2384,497,0,319,0
1414,1963,1004,206,35,197,441,45,72,39,2526,889,125,55,49
2255,1997,993,274,28,153,550,57,58,59,2201,1029,122,97,74
2082,1991,983,240,43,79,502,35,63,43,2402,1027,87,125,68
872,1930,1123,298,110,152,644,19,162,0,2370,569,0,91,60
1595,1972,935,214,44,124,606,37,65,54,2139,914,109,140,63
473,1906,912,213,49,32,385,43,164,,2419,666,,166,
605,1914,1052,222,59,30,447,57,139,,2661,479,,239,
2214,1996,927,267,19,175,523,61,66,48,2229,1090,126,108,50
670,1917,991,173,70,4,500,43,179,,2608,574,,166,
646,1916,1056,202,96,17,545,29,202,0,2517,529,0,190,59
2301,1999,932,255,35,189,571,39,65,44,2062,1170,120,60,44
2028,1989,966,221,26,127,499,35,72,41,2433,934,109,74,51
1628,1973,1075,212,17,131,489,22,27,34,2663,680,142,47,43
2662,2011,910,290,26,154,494,65,31,43,2116,1269,111,89,42
230,1889,982,170,75,22,320,41,,,2824,521,,203,
1588,1971,914,189,30,86,575,28,58,35,2292,956,127,68,45
1026,1940,1125,238,63,73,497,10,110,,2579,569,122,52,60
1844,1982,1049,239,46,102,460,25,76,49,2519,869,97,132,70
81,1880,537,130,52,7,76,,,,1963,237,,,
1334,1959,992,231,43,117,481,33,69,38,2356,780,124,34,24
2287,1998,982,271,35,107,393,91,78,56,2318,1060,102,159,51
485,1907,961,182,68,11,335,56,177,,2601,677,,193,
1480,1967,944,170,37,114,453,31,88,23,2312,1021,114,40,36
1984,1987,994,239,16,196,604,28,38,38,2259,949,150,105,43
2107,1992,957,256,16,182,675,24,43,53,2130,1055,124,66,45
1567,1971,925,246,28,161,552,32,75,47,2318,871,146,51,34
1954,1986,997,232,14,130,478,32,81,39,2393,966,109,155,67
1332,1959,982,216,25,167,433,39,60,40,2486,721,119,33,36
2354,2000,969,328,21,244,526,60,29,34,2310,1026,130,89,34
1877,1983,1001,280,41,141,467,29,29,45,2616,802,150,44,29
946,1935,1082,262,42,74,580,19,112,0,2738,405,0,46,28
1778,1979,948,188,32,108,482,20,75,46,2567,751,131,104,69
2217,1996,1052,297,37,221,527,82,81,52,2015,1108,118,201,66
2712,2012,991,303,32,200,478,57,36,53,2216,1103,121,91,44
470,1906,967,154,64,10,333,33,178,,2674,517,,206,
475,1906,1070,164,67,12,424,42,190,,2676,385,,162,
2083,1991,1027,290,41,117,523,35,53,47,2356,969,126,119,68
2716,2013,905,247,21,181,542,55,58,35,1894,1384,119,64,31
417,1903,897,176,47,25,398,59,101,,2484,495,,159,
2097,1991,1043,288,31,177,596,42,59,41,2259,1039,128,102,50
1317,1958,1005,229,41,109,463,22,75,51,2394,678,127,48,32
2462,2004,907,276,27,151,496,35,100,33,2409,925,115,109,38
2783,2015,970,274,49,186,388,33,44,34,2197,1283,114,97,43
675,1918,909,164,53,21,358,27,190,,2260,343,,159,
220,1888,767,98,49,30,246,43,,,2814,499,,331,
637,1915,1026,159,92,20,457,42,175,,2477,658,,162,144
1587,1971,1168,225,54,95,543,25,63,59,2482,757,139,124,53
2771,2014,957,263,24,117,527,66,43,53,2207,1124,135,63,27
1639,1974,1073,236,31,109,569,33,64,49,2396,811,128,104,58
519,1909,1060,173,68,26,530,52,149,,2663,487,,240,
1860,1982,1009,259,33,130,456,22,42,35,2721,806,113,131,82
2155,1994,677,222,19,120,404,31,38,33,1586,723,87,81,38
1897,1984,968,238,30,106,566,12,71,53,2377,978,99,160,63
2191,1995,891,214,29,144,517,49,69,48,1904,916,105,131,53
2188,1995,952,279,23,207,542,35,31,48,2017,766,128,132,53
1038,1940,1068,266,67,52,465,18,61,0,2765,504,99,94,40
1686,1976,966,213,28,119,519,23,57,35,2495,883,119,150,61
2153,1994,678,198,18,137,377,22,60,29,1570,668,104,48,31
2324,1999,1017,337,14,212,578,76,28,45,2129,1077,129,119,48
2727,2013,1003,270,39,164,523,48,37,64,2069,1221,150,82,34
1465,1966,935,224,45,179,551,33,67,37,2321,987,128,41,34
1479,1967,981,216,39,158,522,31,85,40,2276,1020,103,68,59
1171,1949,974,212,53,97,396,26,87,0,2675,573,121,53,0
1768,1979,1015,206,29,138,657,42,70,60,2251,786,122,143,90
2930,2020,258,82,8,74,229,52,1,13,591,568,42,24,10
806,1926,1140,281,90,36,598,33,238,,2474,423,,88,71
669,1917,993,159,93,26,359,24,160,0,2617,652,0,159,0
1626,1973,985,229,40,145,563,42,61,35,2335,977,114,110,66
2059,1990,1038,281,39,100,445,53,40,49,2557,749,148,96,53
2451,2004,936,308,29,235,489,38,78,48,2267,1080,120,66,28
897,1932,1082,262,53,63,347,19,105,0,3079,496,0,36,0
1518,1969,1027,234,29,175,634,43,74,59,2299,806,138,82,45
476,1906,1019,145,60,20,366,47,171,,2610,592,,221,
1496,1967,903,168,25,115,472,37,63,31,2476,1037,114,53,37
2337,2000,973,289,36,249,673,83,57,61,1866,1129,154,114,52
1065,1942,1023,213,46,33,441,23,74,,2814,489,129,44,45
2913,2019,906,280,17,242,516,95,28,27,2000,1384,129,56,27
2875,2018,889,278,18,205,565,61,14,45,2025,1197,156,71,26
86,1881,578,157,50,12,108,,,,1844,270,,,
1260,1954,946,181,57,76,566,25,99,58,2218,737,125,21,13
1664,1975,1033,195,41,55,593,27,97,47,2380,811,98,220,108
952,1935,1033,255,70,104,604,28,71,,2580,469,,68,46
879,1931,1050,289,34,37,407,11,68,0,2917,565,0,43,43
1309,1957,1087,235,43,132,493,18,45,54,2575,672,118,58,44
2726,2013,1043,254,34,112,422,42,37,42,2384,1048,131,153,32
2906,2019,873,281,40,162,456,59,24,42,2041,1405,113,117,39
2752,2014,962,284,23,142,504,42,51,49,2203,1189,126,104,27
2068,1990,1035,251,26,107,596,40,41,54,2435,749,140,105,51
2466,2004,964,303,23,215,645,58,64,46,2069,1133,123,100,27
68,1878,465,65,20,2,69,,,,1377,214,,,
1245,1953,997,281,56,140,574,39,55,0,2497,617,141,18,22
1137,1947,1052,265,42,85,558,14,129,0,2476,502,130,58,0
536,1910,995,164,75,20,464,71,176,,2452,634,,288,
1267,1955,881,187,55,164,428,22,69,33,2462,806,107,37,35
2033,1989,1112,278,35,117,478,39,51,58,2544,743,126,111,53
790,1925,1212,277,84,50,639,32,220,0,2473,384,0,97,63
1925,1985,912,254,45,202,526,27,40,53,2509,926,81,75,41
1257,1954,993,215,59,133,650,20,84,47,2299,632,94,34,41
2043,1989,931,241,52,141,508,40,82,39,2280,1071,84,87,54
807,1926,1090,214,58,73,339,22,139,0,2812,420,0,94,0
2468,2004,1046,304,32,139,566,56,52,66,2274,910,128,52,25
1883,1983,973,209,45,125,640,26,80,46,2244,906,132,143,75
598,1914,985,227,50,52,520,41,167,,2436,620,,171,
1951,1986,985,234,30,198,613,43,52,49,2324,885,99,138,58
1551,1970,1001,202,41,97,514,21,63,27,2453,958,126,97,53
522,1909,978,185,53,12,369,54,236,,2657,490,,185,
2597,2009,1022,307,19,160,517,39,13,46,2351,1013,131,76,37
1902,1984,978,213,23,102,488,14,92,48,2492,829,120,109,69
2336,2000,978,274,29,160,540,60,42,51,2091,1184,100,168,55
1141,1947,995,234,51,112,501,14,93,0,2653,607,107,29,25
2910,2019,820,279,17,250,629,72,20,38,1734,1563,120,101,25
2437,2003,1009,275,45,163,529,87,79,38,2195,1049,112,86,37
603,1914,1121,230,90,33,470,38,223,,2330,641,,273,
758,1923,1200,269,69,41,592,56,257,0,2393,384,0,87,62
883,1931,1088,340,66,84,577,25,125,,2505,641,,49,
2004,1988,972,239,31,96,474,38,77,44,2580,840,103,198,71
191,1887,923,185,94,53,340,37,,,2507,392,,373,
1402,1963,902,214,29,169,469,40,88,43,2335,1102,105,59,36
2366,2001,940,325,30,166,470,67,60,45,2176,1145,118,89,40
2115,1992,885,259,17,93,572,28,74,45,2294,956,117,129,52
207,1888,871,167,89,56,282,32,,,2813,524,,293,
769,1924,1084,194,52,25,354,26,104,0,2993,451,0,74,68
1355,1960,1081,236,56,120,486,20,69,48,2424,747,119,34,24
696,1919,988,193,49,45,386,32,170,,2433,479,,101,
2691,2012,879,296,30,172,481,47,73,37,2096,1266,100,87,27
1243,1953,971,178,49,99,524,36,89,0,2475,715,117,41,39
1424,1964,941,162,41,70,381,49,87,39,2548,872,113,40,48
836,1928,1121,229,67,32,386,26,212,,2781,330,,83,
568,1912,1055,168,79,18,463,65,152,,3092,,,247,
342,1897,1032,189,97,38,430,49,103,,2538,327,,264,
2607,2009,961,276,51,144,457,42,38,32,2305,1091,135,88,29
1102,1944,1125,186,42,33,469,29,108,0,2740,476,111,127,59
2402,2002,934,300,36,162,575,46,108,42,2049,1104,123,118,64
757,1923,1156,301,75,59,626,49,198,0,2432,381,0,79,79
2714,2012,948,301,25,194,479,41,50,36,2106,1325,110,105,35
400,1902,1024,195,95,42,275,42,100,,2731,371,,132,
1985,1987,986,287,34,192,592,31,70,39,2264,1012,94,159,49
1993,1987,985,264,35,194,567,24,42,51,2205,1081,116,120,71
927,1934,1057,287,70,51,610,11,85,,2632,535,,116,47
1596,1972,925,186,18,91,420,26,83,33,2551,762,112,49,53
761,1923,1061,229,64,53,452,44,171,0,2599,523,0,72,62
312,1894,1069,223,125,48,444,68,163,,2350,210,,257,
1099,1944,1044,248,80,70,573,18,79,0,2579,616,122,87,0
2428,2003,1037,288,39,162,476,75,63,57,2317,926,128,120,42
2645,2010,961,290,34,166,560,63,44,43,2236,1064,120,108,21
2707,2012,903,272,43,121,539,54,63,34,2055,1238,100,155,46
1417,1964,946,229,20,162,537,27,69,47,2281,1019,126,78,38
2022,1989,969,238,33,129,593,30,63,47,2241,957,140,118,55
655,1917,967,198,64,14,466,34,310,,2522,473,,105,
2041,1989,993,215,32,120,552,9,95,41,2237,1013,115,136,67
1972,1987,951,257,26,172,590,35,70,36,2392,926,115,125,44
679,1918,865,150,53,13,271,33,121,,2293,365,,130,
465,1906,920,136,43,16,356,52,119,,2602,681,,93,
1085,1943,1114,259,72,70,428,19,173,,2771,437,92,40,
2291,1998,899,292,30,223,676,42,68,34,2033,1179,117,133,41
1976,1987,992,267,30,187,489,31,44,42,2444,977,103,140,54
678,1918,853,141,56,13,452,22,142,,2203,380,,123,
487,1907,991,160,48,23,516,69,165,,2394,508,,205,
2639,2010,949,270,29,120,533,46,85,50,2037,1184,123,92,50
76,1879,507,61,19,5,28,,,,1753,238,,,
2239,1997,1016,264,22,196,586,65,46,59,2257,952,121,63,26
136,1884,820,118,63,26,147,,,,2612,,,,
2024,1989,1032,208,37,145,429,28,54,46,2441,1011,114,89,40
2777,2015,887,246,20,217,418,51,20,32,2136,1331,127,44,25
916,1933,988,208,37,34,349,33,115,,2877,354,161,30,
2190,1995,788,228,29,159,551,41,35,43,1883,987,121,73,36
1952,1986,987,244,32,125,536,24,53,41,2357,916,126,163,75
1450,1965,910,196,31,149,489,19,72,31,2504,951,118,35,20
2006,1988,1005,217,25,99,437,32,95,50,2406,947,118,131,46
1186,1950,1056,172,47,93,549,28,106,0,2486,567,156,19,22
2503,2005,998,307,39,136,486,89,21,56,2368,955,126,72,35
2841,2017,884,249,38,219,565,72,50,42,1920,1329,116,120,39
1403,1963,1009,195,36,148,592,38,64,48,2335,908,127,73,32
1406,1963,1037,208,38,95,448,43,84,46,2481,916,110,43,30
1427,1964,1077,180,39,79,438,19,120,44,2505,893,105,141,60
1669,1975,1003,171,39,125,383,28,37,38,2550,872,120,63,57
1458,1966,973,243,35,175,514,39,82,35,2388,926,119,55,43
2091,1991,940,248,33,111,490,21,52,49,2437,1026,114,92,30
615,1915,950,196,53,36,470,37,178,,2521,619,,128,
855,1929,1160,251,47,136,482,36,154,0,2717,405,0,85,0
2544,2007,1073,352,50,177,474,56,31,45,2317,1054,128,103,30
937,1934,1062,236,50,144,490,13,99,,2641,585,,57,35
62,1877,539,75,36,9,58,,,,1498,140,,,
1667,1975,1076,278,37,124,691,35,66,45,2191,916,122,168,36
1459,1966,901,228,44,145,542,32,65,38,2352,1020,131,35,24
1324,1958,937,250,42,170,531,34,68,45,2305,817,119,64,29
2488,2005,1065,278,30,147,447,29,43,39,2573,848,125,161,57
2556,2007,962,322,31,148,463,71,60,51,2196,1135,130,68,30
2272,1998,977,298,28,138,608,37,78,49,2043,1107,133,95,42
1368,1961,968,193,40,157,596,23,96,36,2167,796,117,86,45
255,1890,1001,187,113,49,431,51,,,2702,321,,203,
717,1920,1223,238,96,32,373,26,192,0,2831,484,0,126,114
1815,1981,777,168,17,90,378,13,37,33,1689,520,98,32,31
2720,2013,820,297,18,172,439,67,43,30,2262,1230,120,63,32
2277,1998,1058,326,28,166,621,72,58,49,1995,1122,146,155,51
2251,1997,1045,305,40,132,495,60,20,56,2243,1121,117,151,52
2419,2003,1018,371,40,238,620,53,24,64,2272,943,126,88,35
2740,2013,1027,322,20,125,481,64,56,44,2154,1110,154,45,22
2278,1998,1011,274,40,134,475,60,45,65,2340,984,118,135,50
2388,2002,850,311,27,165,452,64,40,49,2412,993,128,110,48
2438,2003,1025,257,32,128,565,57,50,42,2160,1073,142,76,39
629,1915,1025,195,68,24,315,48,122,,2874,547,,155,137
1386,1962,973,232,35,137,602,29,82,43,2339,917,110,46,27
1019,1939,1069,261,60,63,477,21,156,0,2614,420,128,44,0
2809,2016,950,277,33,168,455,53,29,44,2134,1285,122,77,36
329,1896,1135,175,75,36,414,51,118,,2444,275,,243,
1679,1975,1056,283,42,125,610,31,88,42,2241,960,114,126,57
2208,1995,867,275,27,140,492,44,33,45,2088,906,119,75,16
288,1892,999,143,108,38,435,44,,,3249,453,,222,
2614,2009,1001,307,21,135,527,50,31,54,2282,1046,130,133,48
2320,1999,994,307,18,188,696,60,87,42,2014,1028,129,109,56
574,1912,990,202,86,20,472,38,141,0,3126,,0,274,0
2014,1988,932,240,45,110,553,32,66,60,2297,947,97,119,60
2788,2015,870,263,26,187,563,60,49,30,1944,1258,135,59,34
2824,2016,892,270,21,169,442,33,13,34,2339,1145,142,50,23
978,1937,1055,280,76,67,549,19,111,0,2673,447,0,70,34
1919,1985,1130,292,31,162,562,30,50,57,2426,816,164,66,27
2931,2020,221,76,3,90,239,33,0,7,595,534,44,29,9
2008,1988,1012,258,26,113,439,37,59,41,2469,911,123,159,55
1299,1957,911,223,31,147,461,26,58,33,2385,989,105,28,25
1821,1981,680,148,29,65,404,18,50,37,1571,500,98,61,37
2165,1994,702,211,38,100,376,33,32,38,1611,698,72,140,62
2621,2009,902,297,36,199,642,49,25,45,1934,1229,104,194,61
2339,2000,904,265,28,211,668,51,66,46,2030,1083,129,95,42
1905,1984,993,242,36,96,470,25,74,34,2586,782,101,131,38
1513,1968,1100,180,44,80,422,33,96,43,2485,953,133,130,59
1119,1946,1014,268,50,109,687,15,106,0,2275,661,133,45,36
229,1889,1000,162,76,18,430,66,,,2569,626,,472,
538,1910,1003,223,71,22,506,43,205,,2539,559,,199,
1197,1950,946,255,50,102,606,23,73,0,2433,604,123,23,0
2517,2006,1019,335,37,124,474,64,52,48,2266,1040,130,65,34
2629,2010,1006,263,21,177,467,79,50,38,2313,922,148,160,74
1484,1967,903,213,35,131,413,50,85,28,2517,984,102,53,65
94,1882,647,146,47,18,116,,,,1926,228,,,
1805,1980,1074,272,54,117,472,33,77,58,2640,708,120,140,62
1326,1958,920,161,38,121,477,35,57,38,2425,751,133,22,41
1707,1976,1069,243,57,63,512,22,86,45,2432,860,127,123,55
2750,2014,857,270,31,157,442,54,57,41,2028,1477,94,65,40
446,1904,932,171,57,10,283,59,115,,2766,756,,150,
1281,1956,888,212,36,179,649,17,86,34,2113,738,146,65,37
1650,1974,938,228,49,120,500,27,56,35,2508,909,102,106,75
570,1912,999,244,68,43,464,34,179,0,2431,615,0,159,0
1058,1942,940,214,36,25,497,16,90,0,2604,425,102,114,70
1962,1986,949,273,33,111,569,20,68,44,2328,929,132,152,84
2736,2013,877,273,35,161,469,88,62,29,2042,1330,120,94,42
609,1914,952,148,79,18,416,36,156,0,2732,608,0,147,0
402,1902,983,142,39,14,398,43,131,,2495,483,,189,
511,1909,1068,151,70,20,348,77,170,,2484,592,,215,
1321,1958,1003,212,39,164,537,26,72,42,2274,818,107,48,32
1344,1960,969,234,32,124,570,25,70,51,2188,799,153,34,28
2521,2006,1156,275,34,143,490,50,31,55,2333,872,163,101,42
2471,2004,987,319,24,214,548,51,73,70,2063,1085,121,111,47
627,1915,912,200,66,28,368,46,202,,2631,484,,144,
304,1894,1111,231,130,42,467,35,100,,2440,295,,282,
2460,2004,896,295,32,135,540,68,56,40,1989,1312,120,138,40
2171,1994,664,164,21,117,336,52,59,31,1548,807,70,25,26
525,1909,1023,148,56,15,568,62,121,,2467,648,,163,
225,1889,952,131,59,25,429,38,,,2622,417,,237,
456,1905,981,163,61,23,360,67,151,,2617,534,,200,
1412,1963,982,228,54,126,403,44,87,34,2512,955,99,56,39
1490,1967,942,166,17,100,532,30,78,35,2385,1043,115,63,37
922,1933,1098,240,41,60,381,29,125,0,2680,479,128,55,0
1987,1987,922,248,51,169,587,25,63,40,2128,1109,133,111,49
2284,1998,976,289,24,136,572,37,88,48,2165,1049,126,62,46
2633,2010,955,270,54,173,585,47,56,47,1966,1274,103,99,42
347,1897,1056,213,83,40,399,42,97,,2524,302,,163,
2051,1990,992,251,44,106,478,36,75,47,2358,903,112,140,90
1200,1951,1041,249,37,184,603,44,75,,2463,649,147,89,70
1965,1986,982,269,29,114,536,37,101,34,2229,1087,83,148,93
486,1907,1118,179,75,11,315,44,158,,2755,549,,196,
1734,1977,996,230,41,100,499,23,81,34,2440,819,156,65,55
106,1882,560,116,59,12,109,,,,1903,298,,,
2081,1991,878,259,26,209,699,31,38,44,2088,1185,90,109,47
1645,1974,1009,200,35,131,436,24,41,37,2739,784,132,67,38
2555,2007,978,326,41,213,641,90,65,52,1952,1205,125,138,19
2276,1998,954,277,36,114,525,45,70,29,2267,1120,121,115,57
341,1897,1216,230,83,45,423,47,114,,2516,263,,233,
2893,2018,783,320,16,217,499,58,5,37,2037,1387,118,47,30
1847,1982,1035,237,40,177,470,26,41,39,2619,807,99,93,66
1103,1945,1074,225,44,50,541,23,87,,2672,534,117,72,50
52,1876,488,51,12,4,41,,,,1640,136,,,
813,1926,1110,259,82,90,478,33,212,0,2599,518,0,83,0
355,1898,1121,207,101,19,455,59,136,,2939,297,,165,
1337,1959,980,224,40,153,457,30,76,38,2452,828,101,45,22
1855,1982,1011,227,26,97,456,25,64,53,2434,1005,112,137,58
2656,2011,912,244,16,173,504,28,75,30,2173,1260,113,77,44
384,1901,1029,183,104,37,331,47,105,,2749,281,,157,
994,1938,1078,239,55,67,515,14,78,0,2664,489,0,56,39
2469,2004,1112,276,20,136,492,54,46,48,2349,1058,131,110,42
40,1875,742,92,35,2,34,,,,2365,64,22,65,33
2490,2005,892,327,19,175,531,73,66,38,2028,1162,137,79,34
1530,1969,940,202,33,125,529,38,57,30,2371,962,132,52,52
1193,1950,1004,204,53,100,685,23,73,0,2409,491,170,42,25
1212,1951,932,223,47,86,521,16,92,0,2459,692,151,35,38
548,1911,1073,180,105,21,578,35,185,,2520,594,,290,
810,1926,1110,244,50,75,422,22,153,,2699,479,,47,
887,1931,1138,251,64,101,383,26,59,0,2955,395,0,83,0
2603,2009,868,300,50,190,660,47,76,60,1759,1277,111,106,55
95,1882,452,58,23,4,73,,,,1969,,,,
839,1928,1147,276,59,118,444,27,173,0,2839,376,0,62,0
56,1876,525,79,35,7,27,,,,1678,36,,,
2307,1999,979,293,23,168,728,52,79,58,1840,1138,127,166,75
57,1876,540,73,27,2,59,,,,1714,63,,,
33,1874,485,86,18,2,31,,,,1445,63,14,42,21
2759,2014,987,254,36,122,501,35,71,39,1931,1419,143,58,21
2305,1999,898,289,34,212,458,82,35,39,2277,1049,108,108,70
1977,1987,1004,274,32,225,653,46,39,56,2299,913,108,106,50
2667,2011,1065,325,41,129,442,39,55,57,2392,1006,121,153,58
19,1872,92,6,1,0,1,,,,348,3,0,0,0
302,1893,972,180,83,23,523,63,,,2661,237,,154,
794,1925,1152,288,58,100,456,34,133,0,2649,542,0,48,59
1817,1981,744,135,27,76,322,43,48,36,1576,518,90,86,44
2235,1996,1046,323,32,221,660,31,32,69,2119,1041,128,83,26
595,1914,999,213,60,35,502,50,221,0,2509,617,0,139,0
2885,2018,813,241,30,186,582,64,32,32,1822,1520,102,69,26
1016,1939,1041,259,55,166,701,36,92,0,2308,543,99,72,37
631,1915,933,183,72,16,436,54,137,0,2616,634,0,127,89
1505,1968,878,190,39,185,521,61,73,34,2421,964,124,26,32
421,1903,908,231,95,31,259,40,153,,2468,588,,175,
66,1878,535,67,22,5,58,,,,1453,141,,,
2705,2012,957,271,28,158,454,63,72,39,2294,1094,114,116,23
1062,1942,983,217,37,76,508,19,73,,2804,472,138,39,40
2120,1992,1015,278,24,149,474,38,52,51,2494,841,148,100,55
1176,1949,1006,215,60,115,729,32,84,0,2275,539,141,58,30
150,1884,765,151,60,11,172,39,,,2754,,,,
2342,2000,952,310,35,178,476,29,78,34,2284,1048,111,58,48
2743,2013,916,273,24,185,510,38,29,38,2268,1123,133,112,41
1740,1978,1117,224,48,72,562,21,84,59,2474,746,125,110,58
1165,1948,995,238,58,105,590,22,76,0,2570,523,125,24,0
445,1904,1027,175,66,24,343,46,126,,2783,514,,199,
1846,1982,1092,225,32,109,651,35,74,40,2533,625,143,151,68
789,1925,1219,284,58,52,521,28,180,,2719,379,,90,77
182,1886,849,108,72,18,330,33,,,3273,,,120,
2160,1994,738,240,20,167,382,18,33,38,1677,629,80,131,48
1199,1951,1036,233,32,127,756,18,59,0,2354,594,169,20,21
1632,1973,1010,257,44,154,432,27,60,40,2612,842,130,23,30
2312,1999,943,320,47,163,438,53,71,28,2419,939,138,70,51
2196,1995,910,249,42,128,502,46,41,42,2135,800,105,105,40
221,1889,966,155,68,20,418,82,,,2511,536,,311,
2147,1993,966,239,28,153,443,59,80,50,2328,1046,111,92,41
912,1933,1076,224,51,62,397,18,90,0,2857,453,139,82,0
1666,1975,1054,229,41,95,650,30,107,66,2284,802,112,67,55
2292,1998,1029,267,43,111,473,37,53,38,2270,1107,127,120,73
468,1906,971,140,71,16,395,58,157,,2685,532,,170,
1808,1980,1009,211,35,104,483,19,106,44,2615,727,136,116,62
75,1879,794,142,55,12,91,,,,2126,172,,,
2408,2002,985,243,29,136,547,30,45,41,2265,1062,132,71,44
2137,1993,1001,294,35,125,428,52,48,51,2445,936,107,100,75
120,1883,627,181,48,3,141,,,,2221,355,,,
734,1921,1089,242,97,42,457,58,185,0,2656,466,0,112,66
783,1925,1014,257,64,41,509,29,134,0,2699,421,0,42,56
2936,2020,313,97,7,68,172,18,8,10,740,527,28,49,20
755,1923,1131,243,52,90,455,31,151,0,2621,485,0,181,143
2944,2020,257,91,11,71,238,39,2,14,617,524,44,26,3
540,1910,902,131,60,12,415,36,143,,2537,841,,169,
601,1914,1004,178,70,10,450,39,155,0,2566,685,0,167,157
1756,1978,964,229,37,97,522,22,68,53,2552,702,112,123,47
2916,2019,981,315,38,163,425,63,47,34,2259,1213,119,64,29
2605,2009,1013,296,25,159,568,63,70,39,2003,1226,110,75,35
231,1889,982,208,77,52,538,27,,,2401,386,,292,
914,1933,1122,231,53,43,537,27,108,0,2778,419,0,43,46
2832,2016,951,257,23,215,436,70,18,40,2181,1220,114,99,36
683,1918,822,107,72,15,371,25,180,,2214,285,,200,
1371,1961,987,194,40,240,543,35,57,45,2513,785,120,28,18
822,1927,1099,281,101,51,590,25,198,0,2535,420,0,139,73
2256,1997,957,274,23,197,642,49,49,40,2044,1181,133,71,36
964,1936,1097,224,73,82,410,34,67,0,2701,584,121,68,0
2156,1994,728,178,16,120,402,27,42,29,1602,715,84,65,54
1121,1946,1047,238,48,44,558,22,135,0,2556,466,111,60,0
2573,2008,964,310,28,160,570,57,90,38,2012,1209,119,141,37
134,1884,658,107,96,40,196,59,,,2603,,,,
244,1890,997,147,60,67,516,46,,,2544,514,,329,
169,1885,670,114,30,6,265,,,,2212,430,,,
2436,2003,930,325,27,166,651,55,46,38,2030,1155,120,72,29
1464,1966,964,156,25,155,450,27,56,33,2581,914,113,53,41
2123,1992,939,266,23,159,550,50,56,45,2298,1036,115,81,44
1765,1979,1055,290,33,127,454,36,58,45,2546,668,151,97,62
685,1918,828,147,64,27,329,24,141,0,2348,461,,119,0
190,1887,974,200,82,25,456,51,,,2768,357,,409,
905,1932,1079,303,52,172,650,21,94,,2535,629,,37,24
252,1890,1026,204,97,66,486,31,,,2639,364,,231,
2902,2019,827,286,18,223,563,50,40,46,1930,1332,110,103,35
1599,1972,993,220,26,78,534,34,72,38,2327,711,134,85,44
2247,1997,974,272,28,136,686,61,71,42,1963,1074,132,115,58
2601,2009,886,280,25,158,531,53,100,41,2156,1129,103,96,40
1074,1943,1025,193,46,33,561,22,72,0,2610,582,110,173,87
2365,2001,949,291,60,139,466,51,41,49,2399,972,120,133,61
2887,2018,847,250,30,162,471,31,35,36,1979,1523,122,95,36
1022,1939,1111,249,79,44,547,11,134,0,2598,458,103,94,47
1311,1958,911,195,19,108,483,28,62,36,2404,731,134,33,35
1091,1944,1072,236,46,71,520,21,105,0,2766,520,105,53,0
824,1927,1092,291,103,158,642,22,204,0,2232,610,0,90,64
800,1926,1000,246,62,40,475,27,158,0,2658,464,0,76,0
1755,1978,1024,208,42,75,536,32,114,39,2361,848,81,152,70
1569,1971,993,185,30,138,562,51,81,38,2329,870,105,83,65
890,1931,1070,299,52,81,437,23,100,0,2821,492,0,42,0
203,1887,1172,261,78,39,442,67,,,2647,342,,581,
281,1892,1037,203,51,34,526,62,,,2896,492,,338,
990,1937,1183,245,84,47,591,23,67,,2832,506,,61,35
1720,1977,1042,223,28,191,588,23,83,44,2368,896,103,114,62
210,1888,915,132,82,32,345,60,,,2676,559,,469,
2746,2014,931,240,22,123,472,43,53,27,2067,1369,121,95,33
2392,2002,899,297,21,169,583,66,95,40,1993,1188,119,116,52
1428,1964,919,227,46,221,553,44,74,37,2350,1019,120,46,22
2937,2020,311,97,8,85,239,25,6,18,692,490,49,21,8
2203,1995,978,231,20,116,447,35,56,38,2032,872,125,124,46
293,1893,1065,178,50,65,561,46,,,2421,292,,243,
412,1902,956,208,61,29,373,38,104,,2643,324,,137,
301,1893,1028,152,98,10,524,63,,,2753,251,,250,
2807,2016,889,265,6,253,468,44,17,36,2103,1324,119,19,13
1289,1956,886,192,45,145,402,21,59,37,2630,659,114,67,34
2551,2007,1033,273,36,118,512,48,34,45,2435,839,149,112,30
2000,1988,1060,262,46,113,403,21,57,46,2648,910,109,120,46
2755,2014,895,240,19,163,495,55,22,36,1958,1442,122,122,37
1405,1963,998,225,38,95,529,25,77,46,2508,829,125,47,26
2917,2019,814,224,24,219,504,55,37,31,1782,1581,120,70,37
1608,1972,1097,251,47,110,404,25,52,50,2473,871,110,49,30
1674,1975,921,242,34,146,553,28,73,49,2279,922,131,65,64
2021,1989,930,201,22,128,485,24,65,42,2476,996,94,83,54
778,1924,1053,256,56,94,382,36,131,,2846,452,,57,67
314,1894,922,218,118,59,617,69,56,,2147,375,,249,
667,1917,1000,160,61,9,399,46,174,,2740,580,,150,
276,1891,900,148,71,29,427,50,,,2666,503,,205,
337,1896,913,134,78,37,332,35,101,,2590,300,,185,
188,1886,647,135,51,23,265,,,,2379,582,,143,
1112,1945,1000,189,61,93,619,36,95,,2415,566,102,64,43
251,1890,928,208,89,25,350,50,,,2705,477,,289,
1109,1945,920,216,48,65,505,14,119,0,2318,577,116,19,31
2512,2006,1002,351,27,196,556,54,30,43,2029,1204,127,55,23
607,1914,1118,165,80,29,545,52,218,,2402,517,,231,188
1207,1951,963,201,53,179,671,40,82,0,2431,624,116,55,34
1159,1948,929,210,49,164,597,19,65,0,2488,643,113,51,0
2193,1995,881,240,35,119,475,43,66,39,2051,849,105,120,53
264,1891,1026,163,100,52,651,66,,,2332,499,,447,
579,1913,939,195,96,59,554,41,158,,2346,634,,181,
1013,1939,1035,291,79,85,556,14,120,,2457,571,108,72,46
382,1900,1162,141,81,36,406,81,80,,2572,318,,243,
986,1937,1084,258,37,103,478,16,75,0,2624,640,109,66,0
2345,2000,958,281,23,239,750,52,26,44,1881,1159,147,40,15
590,1913,1025,156,81,19,440,42,114,0,2602,595,0,287,0
1233,1953,992,226,53,74,600,54,120,0,2418,529,146,73,55
1729,1977,983,245,49,120,602,29,90,30,2295,1057,102,133,57
111,1883,649,277,61,13,129,,,,2130,399,,,
2671,2011,970,259,25,103,440,37,31,25,2434,1048,115,92,39
11,1872,331,35,10,1,19,,,,1029,25,7,19,16
891,1931,1071,243,70,41,493,16,130,0,2842,454,0,59,0
2895,2019,871,288,40,220,540,70,31,40,2053,1360,120,88,14
2126,1993,1002,287,24,157,655,41,49,56,2176,930,131,73,54
1374,1961,945,219,32,183,506,30,70,48,2312,764,124,79,54
1122,1946,1077,206,44,37,499,20,78,0,2615,602,134,78,64
2595,2009,883,307,45,173,571,37,54,41,2063,1298,93,102,40
154,1884,73,8,8,2,22,,,,408,,,,
1431,1964,1043,195,31,103,353,48,52,26,2636,932,147,36,31
2670,2011,930,276,31,185,481,56,85,44,2162,1083,114,94,31
2505,2006,977,331,38,160,504,67,61,53,2353,965,136,76,30
1806,1980,1066,249,38,116,452,25,75,56,2573,760,107,209,102
2036,1989,1088,229,23,130,502,27,58,49,2391,831,130,137,60
2328,2000,992,310,22,184,558,49,27,54,2305,900,148,126,65
478,1906,945,144,65,26,306,49,144,,2677,600,,233,
858,1929,1184,305,51,153,573,24,135,,2589,470,,59,
553,1911,1175,237,93,35,424,65,232,0,2938,,0,226,0
126,1884,647,133,84,32,211,64,,,2674,,,,
226,1889,945,171,95,36,507,42,,,2411,609,,304,
2903,2019,914,323,41,224,489,43,51,43,1918,1503,111,71,31
931,1934,1086,263,44,101,375,26,93,0,2617,630,112,59,0
1532,1969,977,184,41,109,527,33,82,33,2247,1089,105,66,43
2387,2002,959,280,25,164,558,54,67,49,2164,1028,147,76,39
2888,2018,938,256,32,176,430,70,29,41,2192,1221,128,79,37
361,1898,1073,149,55,13,383,84,117,,2935,405,,104,
130,1884,709,168,32,19,128,,,,2884,,,,
1413,1963,1047,181,49,108,454,29,63,28,2500,940,137,57,41
965,1936,1153,357,82,123,512,16,77,0,2856,470,0,66,53
372,1899,1236,196,121,29,386,63,144,,2967,344,,179,
2465,2004,1005,336,15,189,608,55,25,43,2249,1061,142,47,22
177,1886,940,145,95,45,374,65,,,3251,,,185,
1590,1972,831,193,29,100,507,36,65,40,2179,935,113,78,41
2132,1993,1111,264,31,141,488,49,39,72,2450,843,131,159,55
2233,1996,981,245,21,153,615,48,77,43,2053,1189,108,113,53
1624,1973,1115,219,29,110,497,28,81,57,2550,795,123,109,50
2863,2017,824,269,5,222,542,51,25,35,2046,1327,153,53,24
4,1871,338,43,21,1,33,,,,946,15,7,46,15
195,1887,1010,213,126,55,352,38,,,2637,258,,267,
1258,1954,902,191,41,94,504,28,54,31,2578,677,106,30,29
624,1915,1030,194,84,15,360,53,192,0,2791,512,0,156,142
334,1896,1097,159,87,40,439,54,72,,2442,271,,274,
2479,2005,974,253,23,200,435,79,53,49,2339,1002,122,137,67
2923,2019,761,270,21,247,509,45,14,28,1977,1514,107,51,20
27,1873,534,83,20,8,62,,,,1559,41,19,54,14
1802,1980,1022,239,34,189,643,28,51,54,2418,739,136,86,36
2476,2005,924,308,37,184,534,45,75,46,2103,1084,146,92,32
856,1929,1109,264,74,142,555,23,146,,2561,502,,52,47
1754,1978,982,239,54,115,480,42,64,46,2415,874,95,213,90
411,1902,1108,189,95,18,372,64,118,,2522,440,,222,
728,1921,1071,284,87,134,575,41,190,,2297,571,,89,64
157,1885,758,149,50,23,179,,,,2361,380,,,
2638,2010,913,276,19,155,466,52,42,37,2333,1070,125,104,52
1885,1983,1050,207,34,93,482,20,89,45,2564,822,121,179,67
1449,1965,952,243,28,196,408,37,58,32,2491,976,121,64,37
1059,1942,1020,224,41,75,511,19,104,0,2644,606,110,63,0
1878,1983,1086,281,57,132,475,27,61,57,2644,665,135,101,49
2209,1996,1025,264,28,197,530,27,69,50,2248,1032,144,83,43
1967,1986,1004,248,43,184,511,35,31,42,2210,1088,133,103,85
2855,2017,885,287,36,174,494,47,21,36,2010,1417,128,59,25
1155,1948,1046,225,44,87,444,29,70,0,2729,574,104,39,0
2242,1997,1009,269,39,127,451,34,83,38,2317,1003,119,116,60
239,1890,593,116,47,13,328,31,,,2347,,,182,
2802,2015,936,279,32,172,503,76,43,54,2084,1233,99,101,39
144,1884,764,167,100,26,153,40,,,2709,,,,
2338,2000,1186,281,27,150,511,48,56,70,2401,840,139,121,35
1365,1961,1033,215,53,180,673,38,64,42,2273,865,125,98,36
2821,2016,886,288,35,200,513,44,27,43,2060,1426,96,91,32
1763,1979,1029,310,34,194,512,33,42,59,2459,708,158,60,43
1684,1975,1072,208,17,134,613,25,64,41,2437,863,125,102,62
1105,1945,1098,229,25,101,522,26,91,0,2731,511,107,82,0
196,1887,815,162,70,33,300,44,,,2565,379,,334,
1201,1951,984,234,37,130,565,31,79,0,2477,617,139,80,34
745,1922,1006,229,63,111,438,34,169,,2576,590,,60,69
407,1902,949,141,55,22,359,53,83,,2693,289,,130,
1057,1942,919,210,19,68,474,20,89,,2655,509,114,49,
2162,1994,646,216,25,161,520,34,17,48,1305,897,86,46,33
1072,1943,1107,263,35,39,581,21,100,0,2629,420,114,58,0
2254,1997,1127,325,23,161,676,37,34,70,2165,954,138,99,58
1400,1963,910,205,44,127,439,36,64,44,2374,1049,112,68,60
919,1933,1110,204,41,82,377,15,86,,2932,477,137,31,
2926,2020,320,130,3,103,239,23,1,7,636,573,39,23,4
829,1927,1023,264,79,84,484,26,171,0,2565,511,0,110,0
240,1890,864,184,75,43,517,41,,,2334,361,,349,
1318,1958,913,196,50,138,452,25,64,43,2500,747,133,22,36
155,1884,343,61,24,6,100,16,,,1616,,,,
2701,2012,1017,270,30,131,505,53,33,56,2249,1069,149,135,37
2650,2010,1003,285,18,150,541,50,66,40,2238,1027,124,79,41
490,1907,874,162,65,12,424,41,130,,2497,520,,154,
515,1909,944,203,60,20,420,31,246,,2522,553,,187,
766,1923,1092,224,93,26,529,50,231,0,2548,450,0,102,64
1146,1947,1032,210,52,60,464,26,82,0,2618,593,119,60,0
869,1930,1166,356,60,72,481,26,174,0,2644,460,0,51,47
2164,1994,702,252,25,120,394,43,73,35,1520,718,73,124,44
269,1891,878,154,61,20,529,37,,,2488,530,,280,
876,1930,985,288,67,75,499,15,155,,2646,547,,93,71
117,1883,668,139,69,24,127,,,,2200,297,,,
614,1914,970,176,81,18,470,46,178,0,2529,640,0,220,163
1703,1976,1091,259,45,110,542,40,59,67,2403,793,119,127,70
777,1924,1088,250,59,63,384,39,157,0,2667,480,0,77,68
2414,2002,927,305,38,187,522,53,17,57,2203,1142,130,71,18
1123,1946,1015,223,50,56,586,24,116,0,2500,599,129,43,0
2040,1989,923,263,53,95,563,24,83,51,2455,914,115,155,69
2713,2012,879,247,22,198,473,55,33,45,2175,1251,109,123,41
2860,2017,894,284,28,196,593,65,47,44,1832,1348,139,81,31
1246,1953,1002,230,53,69,595,31,82,0,2349,604,134,65,36
1856,1982,899,211,27,149,582,20,50,54,2413,948,95,232,87
1422,1964,992,208,22,164,500,49,63,42,2388,1063,112,79,51
1383,1962,916,191,36,209,651,33,56,38,2310,894,122,69,21
833,1928,1105,241,41,52,447,27,191,0,2747,377,0,60,0
763,1923,1208,224,111,49,407,28,103,,2913,362,,154,75
2304,1999,1077,305,39,223,508,43,54,46,2434,863,125,70,43
1673,1975,1133,215,28,121,563,40,62,46,2433,746,127,81,48
1578,1971,901,160,23,104,543,30,107,39,2251,924,103,82,53
2288,1998,901,292,30,167,604,48,56,45,2163,1072,112,79,37
1996,1988,919,199,20,137,504,32,40,45,2453,869,140,69,44
1191,1950,965,204,50,133,627,41,75,,2410,629,104,42,
1574,1971,966,230,52,71,478,29,65,41,2567,888,105,101,51
2547,2007,999,300,46,102,428,89,41,47,2262,1069,151,78,44
1377,1962,948,225,34,156,516,32,75,44,2399,931,131,45,32
1733,1977,1058,265,39,135,596,39,116,50,2221,904,118,154,85
1025,1940,1038,219,50,59,402,17,62,,2801,581,100,48,
2377,2001,891,256,25,161,467,67,60,35,2216,1106,114,93,73
1043,1941,960,239,25,99,559,14,98,0,2466,668,102,39,0
100,1882,544,117,44,19,122,,,,1990,308,,,
2252,1997,959,294,27,135,494,58,48,52,2287,967,123,103,55
2608,2009,1105,293,33,173,547,41,43,52,2153,1054,128,148,63
2346,2000,898,304,40,144,611,44,70,37,2131,1117,115,102,30
731,1921,1161,231,104,37,341,23,203,0,2908,371,0,134,93
2804,2015,908,265,13,177,539,44,55,51,1903,1344,129,57,23
1042,1941,1037,245,47,47,509,24,74,,2816,476,129,91,53
2042,1989,1017,237,29,134,489,45,35,52,2527,838,109,81,55
2206,1995,813,238,24,107,436,46,48,40,1997,920,110,79,46
2261,1997,940,266,37,172,642,46,64,59,2028,1120,111,121,49
2334,2000,1130,320,53,161,601,42,75,75,2170,907,126,131,61
733,1921,1204,260,88,83,382,29,195,0,2616,452,0,94,94
18,1872,78,10,3,0,4,,,,262,4,4,0,3
1033,1940,991,242,53,105,556,19,69,0,2487,655,127,48,33
2800,2015,922,288,39,137,506,66,39,42,2050,1267,128,69,38
2708,2012,868,241,27,149,466,30,32,35,2292,1259,95,104,35
1312,1958,921,229,30,155,638,27,60,29,2160,820,149,29,22
1198,1950,1046,190,53,76,672,32,74,0,2369,605,134,42,25
947,1935,1128,303,62,88,464,33,150,,2672,471,115,66,
1298,1957,1014,208,41,106,632,68,75,42,2214,744,121,109,51
1677,1975,1078,217,34,101,501,37,75,37,2559,805,143,32,26
1153,1948,1042,272,49,95,667,17,140,0,2362,537,116,43,0
2554,2007,948,295,16,171,664,49,18,56,2099,1119,142,52,20
159,1885,766,121,65,14,238,42,,,2697,,,,
1463,1966,1020,232,33,149,394,20,69,39,2571,877,117,70,50
23,1873,732,144,44,13,68,,,,1692,36,19,145,48
602,1914,1014,195,84,25,557,44,206,0,2440,537,0,211,154
1339,1959,1030,230,42,112,442,24,77,40,2532,715,125,32,26
1790,1980,1068,236,32,106,539,32,71,49,2280,889,141,91,63
1283,1956,887,202,50,142,446,13,87,46,2512,776,99,55,38
1349,1960,871,188,34,150,636,33,85,34,2326,728,117,66,32
1469,1966,945,219,33,144,513,39,49,44,2422,844,138,67,42
1999,1988,936,224,35,132,446,34,67,43,2506,908,118,98,46
2789,2015,1024,236,40,120,375,39,71,40,2235,1150,133,112,45
1131,1946,986,202,52,60,592,15,101,0,2511,555,125,48,0
2938,2020,302,97,6,118,228,30,3,12,729,471,46,29,8
433,1904,990,153,50,24,316,42,101,,2909,550,,143,
797,1925,1111,292,80,109,446,27,134,0,2716,414,0,70,51
2506,2006,950,312,26,222,526,52,78,44,2073,1169,131,52,35
2179,1994,765,198,27,124,437,36,41,34,1496,730,95,82,35
666,1917,939,225,60,38,435,20,186,,2648,533,,109,
1445,1965,972,188,42,97,502,46,57,34,2543,877,125,90,37
181,1886,892,175,68,21,237,,,,2495,410,,155,
179,1886,723,177,48,19,269,,,,2392,608,,96,
2748,2014,930,282,20,123,535,68,20,52,2046,1337,138,63,25
1787,1980,960,226,22,144,434,20,69,33,2471,899,124,73,52
1668,1975,1030,201,25,153,525,24,64,40,2530,667,145,106,89
913,1933,993,217,56,54,326,25,134,,2868,428,142,25,
1211,1951,961,218,56,137,557,22,76,,2546,615,130,29,27
1087,1944,1054,277,56,69,522,20,110,,2679,502,111,60,40
2244,1997,1046,301,22,220,617,37,45,49,2112,955,152,118,59
12,1872,529,107,30,7,29,,,,1389,26,9,48,14
249,1890,1036,213,94,27,509,49,,,2531,345,,180,
2173,1994,712,208,28,80,396,31,51,31,1584,711,95,67,24
484,1907,995,126,90,15,372,34,196,,2603,535,,158,
1125,1946,917,233,56,79,506,13,96,0,2530,696,116,57,49
996,1938,1077,251,57,110,366,32,89,0,2766,518,125,19,0
170,1885,748,123,79,5,189,44,,,2787,,,,
788,1925,1135,221,90,44,409,23,173,0,2811,327,0,108,107
1933,1985,1017,239,35,134,546,20,89,44,2422,872,131,117,53
2211,1996,1083,308,31,209,642,67,33,47,2168,1020,148,91,44
415,1903,953,222,113,48,262,36,148,,2578,559,,141,
2776,2015,992,251,18,100,471,44,67,31,2191,1107,148,69,33
2393,2002,876,255,26,192,542,56,39,39,2249,1000,149,52,37
1396,1962,994,206,38,132,466,15,71,36,2602,789,135,99,53
1227,1952,898,181,30,92,486,26,70,0,2582,724,104,43,41
982,1937,1090,309,62,150,656,22,70,0,2445,712,0,89,45
2803,2015,923,308,17,232,570,54,36,62,2016,1151,140,88,23
1300,1957,981,251,33,187,546,37,84,48,2362,752,108,51,36
53,1876,591,96,22,2,39,,,,1836,78,,,
2125,1993,1007,239,29,169,560,36,73,50,2279,946,127,125,48
2016,1988,951,271,27,148,461,38,40,42,2536,787,135,95,61
1555,1970,902,211,35,136,659,39,107,35,2209,972,106,65,45
870,1930,1034,298,90,82,459,25,145,0,2658,507,0,97,70
779,1924,1129,222,122,44,366,28,151,0,2830,396,0,181,92
2269,1998,990,338,35,205,541,70,35,52,2142,1049,144,72,39
750,1922,1045,229,76,45,455,56,153,,2697,447,,97,61
426,1903,1023,186,62,12,338,39,155,,2535,431,,120,
1705,1976,1010,216,37,64,488,23,125,42,2529,716,119,92,46
1579,1971,998,197,29,88,543,78,102,40,2324,800,136,51,43
888,1931,1158,276,78,155,750,28,87,,2522,554,,139,68
2954,2020,329,112,12,66,192,32,5,21,706,451,42,33,12
1920,1985,965,215,31,153,648,39,99,35,2217,902,138,106,51
2294,1998,926,316,19,221,564,87,43,49,2115,1132,108,184,81
494,1907,1040,134,57,12,390,60,137,,2655,627,,223,
1863,1982,1009,204,26,115,447,32,64,32,2632,750,134,63,45
2897,2019,889,252,25,213,462,71,22,37,2079,1435,111,84,30
349,1897,1035,151,67,32,354,76,80,,2564,314,,172,
1023,1940,1040,301,80,145,590,12,91,,2496,597,129,55,49
639,1916,979,197,56,14,464,38,236,,2552,482,,129,13
656,1917,1037,159,78,25,334,29,162,0,2900,527,0,130,0
2148,1993,972,272,24,161,624,56,63,51,2238,901,132,91,68
2850,2017,850,267,22,224,547,53,42,26,1749,1571,116,128,41
14,1872,228,36,9,2,10,,,,709,13,6,6,7
2154,1994,703,185,20,139,438,39,16,35,1537,655,89,69,13
1670,1975,1045,218,54,84,523,32,97,44,2538,762,118,133,62
206,1888,910,172,70,25,353,56,,,2841,444,,334,
36,1874,547,78,50,2,28,,,,1682,33,15,27,18
