credit_amount,age,num_existing_credits,target,high_risk_combo,domestic_worker_high_risk,long_credit_high_amount,critical_history_low_balance,risk_factor_ratio,stability_factor_ratio,log_credit_duration,savings_type_low,savings_type_mid,years_of_employment_md,years_of_employment_sr,pct_fee_income_low,pct_fee_income_low-mid,pct_fee_income_mid-high,status_sex_male,debtors_guarantor,debtors_none,property_low,property_mid,other_installments_none,other_installments_stores,housing_own,housing_rent,job_yes,telephone_yes,foreign_worker_yes,age_binned,credit_amount_binned,debt_burden
1169.0,67,2,1,0,0,0,1,0.4,0.625,1.9459101490553132,1,0,0,1,0,0,0,1,0,1,0,0,1,0,1,0,1,1,1,4,0,1169.0
5951.0,22,1,0,0,0,1,0,0.4,0.5,3.8918202981106265,1,0,1,0,0,1,0,0,0,1,0,0,1,0,1,0,1,0,1,0,2,5951.0
2096.0,49,1,1,0,0,0,1,0.3,0.5,2.5649493574615367,1,0,1,0,0,1,0,1,0,1,0,0,1,0,1,0,0,0,1,3,0,2096.0
7882.0,45,1,1,0,0,1,0,0.5,0.5,3.7612001156935624,1,0,1,0,0,1,0,1,1,0,0,1,1,0,0,0,1,0,1,2,3,7882.0
4870.0,53,2,0,0,0,0,1,0.5,0.25,3.2188758248682006,1,0,1,0,0,0,1,1,0,1,1,0,1,0,0,0,1,0,1,3,1,4870.0
9055.0,35,1,1,0,0,1,0,0.4,0.25,3.6109179126442243,1,0,1,0,0,1,0,1,0,1,1,0,1,0,0,0,0,1,1,1,3,9055.0
2835.0,53,1,1,0,0,0,0,0.2,0.875,3.2188758248682006,0,0,0,1,0,0,1,1,0,1,0,1,1,0,1,0,1,0,1,3,1,2835.0
6948.0,35,1,1,0,0,1,0,0.5,0.375,3.6109179126442243,1,0,1,0,0,1,0,1,0,1,0,1,1,0,0,1,1,1,1,1,2,6948.0
3059.0,61,1,1,0,0,0,0,0.2,0.75,2.5649493574615367,0,0,1,0,0,1,0,1,0,1,0,0,1,0,1,0,0,0,1,4,1,3059.0
5234.0,28,2,0,0,0,1,0,0.6,0.375,3.4339872044851463,1,0,0,0,0,0,0,1,0,1,0,1,1,0,1,0,1,0,1,1,2,5234.0
1295.0,25,1,0,0,0,0,0,0.4,0.375,2.5649493574615367,1,0,0,0,0,0,1,0,0,1,0,1,1,0,0,1,1,0,1,0,0,1295.0
4308.0,24,1,0,0,0,1,0,0.6,0.375,3.8918202981106265,1,0,0,0,0,0,1,0,0,1,0,1,1,0,0,1,1,0,1,0,1,4308.0
1567.0,22,1,1,0,0,0,0,0.2,0.5,2.5649493574615367,1,0,1,0,1,0,0,0,0,1,0,1,1,0,1,0,1,1,1,0,0,783.5
1199.0,60,2,0,0,0,0,1,0.4,0.625,3.2188758248682006,1,0,0,1,0,0,0,1,0,1,0,1,1,0,1,0,0,0,1,4,0,1199.0
1403.0,28,1,1,0,0,0,0,0.4,0.375,2.772588722239781,1,0,1,0,0,1,0,0,0,1,0,1,1,0,0,1,1,0,1,1,0,1403.0
1282.0,32,1,0,0,0,0,0,0.2,0.5,3.2188758248682006,0,1,1,0,0,0,0,0,0,1,0,1,1,0,1,0,0,0,1,1,0,1282.0
2424.0,53,2,1,0,0,0,1,0.4,0.625,3.2188758248682006,1,0,0,1,0,0,0,1,0,1,0,1,1,0,1,0,1,0,1,3,0,2424.0
8072.0,25,3,1,0,0,1,1,0.7,0.375,3.4339872044851463,1,0,0,0,0,1,0,1,0,1,0,1,0,0,1,0,1,0,1,0,3,8072.0
11792.5,44,1,0,0,0,0,0,0.3,0.5,3.2188758248682006,1,0,0,1,0,0,0,0,0,1,1,0,1,0,0,0,1,1,1,2,4,11792.5
3430.0,31,1,1,0,0,0,0,0.2,0.75,3.2188758248682006,0,0,0,1,0,0,1,1,0,1,0,1,1,0,1,0,1,1,1,1,1,3430.0
2134.0,48,3,1,0,0,0,1,0.4,0.5,2.302585092994046,1,0,1,0,0,0,0,1,0,1,0,1,1,0,1,0,1,1,1,3,0,2134.0
2647.0,44,1,1,0,0,0,0,0.3,0.625,1.9459101490553132,0,0,1,0,0,1,0,1,0,1,0,0,1,0,0,1,1,0,1,2,1,2647.0
2241.0,48,2,1,0,1,0,1,0.6,0.25,2.3978952727983707,1,0,0,0,1,0,0,1,0,1,0,0,1,0,0,1,0,0,0,3,0,1120.5
1804.0,44,1,1,0,0,0,0,0.3,0.5,2.5649493574615367,0,1,0,0,0,0,1,1,0,1,0,1,1,0,1,0,1,0,1,2,0,1804.0
2069.0,26,2,1,0,1,0,1,0.4,0.25,2.3978952727983707,1,0,1,0,0,1,0,1,0,1,0,1,1,0,1,0,1,0,0,1,0,2069.0
1374.0,36,1,1,0,0,0,0,0.4,0.5,1.9459101490553132,1,0,1,0,1,0,0,1,0,1,0,0,0,0,1,0,0,1,1,2,0,687.0
426.0,39,1,1,0,0,0,1,0.4,0.625,1.9459101490553132,1,0,0,1,0,0,0,1,0,1,0,1,1,0,1,0,0,0,1,2,0,426.0
409.0,42,2,1,0,0,0,0,0.2,0.75,2.5649493574615367,0,0,1,0,0,0,1,0,0,1,0,0,1,0,0,1,1,0,1,2,0,409.0
2415.0,34,1,1,0,0,0,0,0.2,0.5,2.0794415416798357,1,0,1,0,0,0,1,1,1,0,0,0,1,0,1,0,1,0,1,1,0,2415.0
6836.0,63,2,0,0,0,1,1,0.5,0.5,4.110873864173311,1,0,0,1,0,0,1,1,0,1,1,0,1,0,1,0,1,1,1,4,2,6836.0
1913.0,36,1,1,0,0,0,0,0.2,0.625,2.9444389791664403,0,0,0,0,0,0,1,1,0,1,0,0,0,0,1,0,1,1,1,2,0,1913.0
4020.0,27,1,1,0,0,0,0,0.5,0.5,3.2188758248682006,1,0,1,0,0,1,0,1,0,1,0,1,0,1,1,0,1,0,1,1,1,4020.0
5866.0,30,2,1,0,0,0,0,0.2,0.5,2.9444389791664403,0,1,1,0,0,1,0,1,0,1,0,1,1,0,1,0,1,1,1,1,2,5866.0
1264.0,57,1,1,0,0,0,1,0.4,0.375,2.5649493574615367,1,0,0,1,0,0,0,1,0,1,1,0,1,0,0,1,0,0,1,4,0,1264.0
1474.0,33,1,1,0,0,0,0,0.4,0.625,2.5649493574615367,1,0,0,0,0,0,0,0,0,1,0,1,0,0,1,0,1,1,1,1,0,1474.0
4746.0,25,2,0,0,0,1,0,0.6,0.375,3.828641396489095,1,0,0,0,0,0,0,1,0,1,0,1,1,0,1,0,0,0,1,0,1,4746.0
6110.0,31,1,1,1,0,1,1,0.6,0.125,3.8918202981106265,1,0,1,0,1,0,0,1,0,1,1,0,0,0,0,0,1,1,1,1,2,3055.0
2100.0,37,1,0,0,0,0,0,0.4,0.625,2.9444389791664403,1,0,1,0,0,0,0,1,0,0,0,0,0,1,1,0,1,0,1,2,0,2100.0
1225.0,37,1,1,0,0,0,0,0.2,0.625,2.3978952727983707,1,0,1,0,0,1,0,1,0,1,0,1,1,0,1,0,1,1,1,2,0,1225.0
458.0,24,1,1,0,0,0,0,0.2,0.5,2.302585092994046,1,0,1,0,0,0,0,1,0,1,0,0,1,0,1,0,1,0,1,0,0,458.0
2333.0,30,1,1,0,0,0,0,0.4,0.75,3.4339872044851463,0,0,0,1,0,0,0,1,0,1,0,1,0,0,1,0,1,0,1,1,0,2333.0
1158.0,26,1,1,0,0,0,0,0.1,0.625,2.5649493574615367,0,0,1,0,0,0,1,1,0,1,0,1,1,0,1,0,1,1,1,1,0,1158.0
6204.0,44,1,1,0,0,0,0,0.3,0.5,2.9444389791664403,1,0,1,0,0,1,0,1,0,1,0,0,1,0,1,0,0,1,1,2,2,6204.0
6187.0,24,2,1,1,0,1,1,0.6,0.25,3.4339872044851463,0,1,1,0,1,0,0,1,0,1,0,1,1,0,0,1,1,0,1,0,2,3093.5
6143.0,58,2,0,1,0,1,1,0.7,0.375,3.8918202981106265,1,0,0,1,0,0,0,0,0,1,1,0,0,1,0,0,0,0,1,4,2,6143.0
1393.0,35,2,1,0,0,0,1,0.5,0.375,2.4849066497880004,1,0,0,0,0,0,0,0,0,1,0,1,1,0,1,0,1,0,1,1,0,1393.0
2299.0,39,1,1,0,0,0,0,0.3,0.875,3.6109179126442243,0,0,0,1,0,0,0,1,0,1,0,1,1,0,1,0,1,0,1,2,0,2299.0
1352.0,23,1,1,0,0,0,0,0.4,0.5,1.9459101490553132,0,0,0,0,1,0,0,0,0,1,0,1,1,0,0,1,0,1,1,0,0,676.0
7228.0,39,2,1,0,0,0,1,0.5,0.5,2.4849066497880004,1,0,1,0,1,0,0,1,0,1,0,1,1,0,1,0,0,0,1,2,2,3614.0
2073.0,28,1,1,0,0,0,0,0.3,0.5,2.5649493574615367,0,1,1,0,0,0,0,0,0,0,0,0,1,0,1,0,1,0,1,1,0,2073.0
2333.0,29,1,1,0,0,0,0,0.5,0.375,3.2188758248682006,1,0,0,0,0,0,0,1,0,1,0,1,0,0,1,0,0,0,1,1,0,2333.0
5965.0,30,2,1,0,0,1,0,0.5,0.5,3.332204510175204,1,0,0,1,1,0,0,1,0,1,0,1,1,0,1,0,1,1,1,1,2,2982.5
1262.0,25,1,1,0,0,0,0,0.3,0.5,2.5649493574615367,1,0,1,0,0,0,1,1,0,1,0,1,1,0,1,0,1,0,1,0,0,1262.0
3378.0,31,1,1,0,0,0,0,0.3,0.5,2.9444389791664403,1,0,1,0,0,1,0,1,0,1,0,1,1,0,1,0,1,1,1,1,1,3378.0
2225.0,57,2,0,0,0,0,0,0.5,0.375,3.6109179126442243,1,0,0,1,0,0,0,1,0,1,1,0,0,0,0,0,1,1,1,4,0,2225.0
783.0,26,1,1,0,0,0,0,0.4,0.5,1.9459101490553132,1,0,1,0,1,0,0,1,1,0,0,0,0,1,1,0,0,0,1,1,0,391.5
6468.0,52,1,0,0,0,0,0,0.4,0.5,2.5649493574615367,1,0,0,0,0,1,0,1,0,1,1,0,1,0,1,0,1,1,1,3,2,6468.0
9566.0,31,2,1,1,0,1,1,0.7,0.375,3.6109179126442243,1,0,1,0,0,1,0,0,0,1,0,1,0,1,1,0,1,0,1,1,3,9566.0
1961.0,23,1,1,0,0,0,0,0.2,0.75,2.9444389791664403,1,0,0,1,0,0,1,0,0,1,0,1,1,0,1,0,1,0,1,0,0,1961.0
6229.0,23,2,0,1,0,1,1,0.9,0.125,3.6109179126442243,1,0,0,0,0,0,0,0,0,0,1,0,1,0,0,1,0,1,1,0,2,6229.0
1391.0,27,1,1,0,0,0,0,0.2,0.5,2.302585092994046,1,0,1,0,0,1,0,1,0,1,0,0,0,0,1,0,1,1,1,1,0,1391.0
1537.0,50,2,1,0,0,0,0,0.3,0.625,2.772588722239781,1,0,0,1,0,0,0,1,1,0,0,0,1,0,1,0,1,1,1,3,0,1537.0
1953.0,61,1,0,0,0,0,0,0.3,0.375,3.6109179126442243,1,0,0,1,0,0,0,1,0,1,1,0,1,0,0,0,1,1,1,4,0,1953.0
11792.5,25,1,0,0,0,1,0,0.4,0.375,3.8918202981106265,1,0,1,0,0,1,0,1,0,1,0,1,1,0,1,0,1,1,1,0,4,11792.5
3181.0,26,1,1,0,0,0,0,0.4,0.5,3.2188758248682006,1,0,0,0,0,0,0,0,0,1,0,1,1,0,1,0,1,1,1,1,1,3181.0
5190.0,48,4,1,0,0,1,0,0.4,0.75,3.332204510175204,1,0,0,1,0,0,0,1,0,1,0,1,1,0,1,0,1,1,1,3,2,5190.0
2171.0,29,1,1,0,0,0,0,0.5,0.5,2.5649493574615367,1,0,0,0,0,1,0,0,0,1,0,1,0,0,1,0,1,0,1,1,0,2171.0
1007.0,22,1,1,0,0,0,0,0.1,0.625,2.5649493574615367,0,0,1,0,0,0,0,1,0,1,0,0,1,0,1,0,1,0,1,0,0,1007.0
1819.0,37,1,0,0,0,0,0,0.4,0.25,3.6109179126442243,1,0,1,0,0,0,0,1,0,1,1,0,0,1,0,0,1,1,1,2,0,1819.0
2394.0,25,1,1,0,0,0,0,0.4,0.5,3.6109179126442243,1,0,1,0,0,0,0,0,0,1,0,1,1,0,1,0,1,0,1,0,0,2394.0
8133.0,30,1,1,0,0,1,0,0.6,0.5,3.6109179126442243,1,0,1,0,1,0,0,0,0,1,0,1,0,0,1,0,1,0,1,1,3,4066.5
730.0,46,2,1,0,0,0,1,0.5,0.5,2.0794415416798357,1,0,0,1,0,0,0,1,0,1,0,1,1,0,0,1,0,1,1,3,0,730.0
1164.0,51,2,1,0,0,0,1,0.4,0.375,2.1972245773362196,1,0,0,1,0,0,1,1,0,1,1,0,0,0,0,0,1,1,1,3,0,1164.0
5954.0,41,2,1,0,0,1,0,0.5,0.5,3.7612001156935624,1,0,1,0,0,1,0,0,0,1,0,0,0,0,1,0,0,0,1,2,2,5954.0
1977.0,40,1,0,0,0,0,0,0.3,0.625,3.6109179126442243,1,0,0,1,0,0,0,1,0,1,1,0,1,0,1,0,1,1,1,2,0,1977.0
1526.0,66,2,1,0,0,0,1,0.4,0.375,2.5649493574615367,1,0,0,1,0,0,0,1,0,1,1,0,1,0,0,0,1,0,1,4,0,1526.0
3965.0,34,1,0,0,0,0,0,0.5,0.5,3.7612001156935624,1,0,0,0,0,0,0,1,0,1,0,1,1,0,1,0,1,0,1,1,1,3965.0
4771.0,51,1,1,0,0,0,0,0.4,0.5,2.4849066497880004,1,0,1,0,0,1,0,1,0,1,0,1,1,0,1,0,1,0,1,3,1,4771.0
9436.0,39,1,1,0,0,1,1,0.6,0.5,4.007333185232471,1,0,1,0,0,1,0,1,0,1,0,1,1,0,1,0,0,0,1,2,3,9436.0
3832.0,22,1,1,0,0,0,0,0.4,0.5,3.4339872044851463,1,0,0,0,0,1,0,1,0,1,0,1,1,0,1,0,1,0,1,0,1,3832.0
5943.0,44,2,0,0,0,0,0,0.5,0.625,3.2188758248682006,1,0,0,0,1,0,0,0,0,1,0,1,1,0,1,0,1,1,1,2,2,2971.5
1213.0,47,1,1,0,0,0,0,0.3,0.875,2.772588722239781,0,0,0,1,0,0,0,1,0,1,0,1,0,1,1,0,1,1,1,3,0,1213.0
1568.0,24,1,1,0,0,0,0,0.2,0.375,2.9444389791664403,0,1,1,0,0,0,1,0,0,1,0,1,1,0,0,1,0,0,1,0,0,1568.0
1755.0,58,1,1,0,0,0,0,0.2,0.75,3.2188758248682006,1,0,0,1,0,0,0,0,1,0,0,0,1,0,1,0,0,1,1,4,0,1755.0
2315.0,52,1,1,0,0,0,0,0.3,0.75,2.3978952727983707,1,0,0,1,0,0,1,1,0,1,0,0,1,0,1,0,0,0,1,3,0,2315.0
1412.0,29,2,1,0,0,0,1,0.3,0.375,2.5649493574615367,1,0,1,0,0,0,0,0,1,0,0,0,1,0,1,0,1,1,1,1,0,1412.0
1295.0,27,2,1,0,0,0,0,0.4,0.375,2.9444389791664403,1,0,0,0,0,0,0,0,0,1,0,1,1,0,1,0,1,0,1,1,0,1295.0
11792.5,47,1,0,0,0,1,0,0.2,0.375,3.6109179126442243,0,1,1,0,1,0,0,1,0,1,1,0,1,0,0,0,1,1,1,3,4,5896.25
2249.0,30,1,1,0,0,0,0,0.2,0.5,2.9444389791664403,0,1,1,0,0,0,0,1,0,1,0,1,1,0,1,0,1,1,1,1,0,2249.0
1108.0,28,2,0,0,0,0,1,0.3,0.375,2.5649493574615367,1,0,1,0,0,0,0,1,0,1,0,0,1,0,1,0,1,0,1,1,0,1108.0
618.0,56,1,1,0,0,0,1,0.4,0.625,2.5649493574615367,1,0,0,1,0,0,0,1,0,1,0,0,1,0,1,0,1,0,1,4,0,618.0
1409.0,54,1,1,0,0,0,1,0.4,0.625,2.5649493574615367,1,0,0,1,0,0,0,1,0,1,0,0,1,0,1,0,1,0,1,3,0,1409.0
797.0,33,1,0,0,0,0,1,0.5,0.5,2.5649493574615367,1,0,0,1,0,0,0,0,0,1,0,1,0,0,1,0,0,0,1,1,0,797.0
3617.0,20,2,1,0,0,0,0,0.5,0.375,3.2188758248682006,1,0,0,1,0,0,0,1,0,0,1,0,1,0,0,1,1,0,1,0,1,3617.0
1318.0,54,1,1,0,0,0,0,0.1,0.875,2.5649493574615367,0,0,0,1,0,0,0,1,0,1,0,0,1,0,1,0,1,1,1,3,0,1318.0
11792.5,58,1,0,0,0,1,0,0.6,0.25,4.007333185232471,1,0,0,0,0,0,1,1,0,1,1,0,1,0,0,1,1,1,1,4,4,11792.5
2012.0,61,1,1,0,0,0,1,0.3,0.5,2.5649493574615367,1,0,1,0,0,0,0,0,0,1,0,1,1,0,1,0,1,0,1,4,0,2012.0
2622.0,34,1,1,0,0,0,0,0.0,0.5,2.9444389791664403,0,1,1,0,0,0,0,1,0,1,0,1,1,0,1,0,1,0,1,1,1,2622.0
2337.0,36,1,1,0,0,0,0,0.4,0.5,3.6109179126442243,1,0,0,1,0,0,0,1,0,1,0,0,1,0,1,0,1,0,1,2,0,2337.0
7057.0,36,2,1,0,0,0,0,0.6,0.25,3.044522437723423,1,0,1,0,0,0,1,1,0,1,0,1,0,0,0,1,1,1,1,2,2,7057.0
1469.0,41,1,1,0,0,0,0,0.3,0.625,3.2188758248682006,0,1,0,1,0,0,0,1,0,1,0,0,1,0,0,1,0,0,1,2,0,1469.0
2323.0,24,1,1,0,0,0,0,0.4,0.375,3.6109179126442243,1,0,1,0,0,0,0,1,0,1,0,1,1,0,0,1,1,0,1,0,0,2323.0
932.0,24,1,1,0,0,0,1,0.4,0.375,1.9459101490553132,1,0,1,0,0,0,1,0,0,1,0,0,1,0,1,0,1,0,1,0,0,932.0
1919.0,35,1,1,0,0,0,0,0.4,0.25,2.302585092994046,1,0,1,0,0,0,0,1,0,1,0,1,1,0,0,1,1,1,1,1,0,1919.0
2445.0,26,1,1,0,0,0,0,0.5,0.375,2.5649493574615367,1,0,0,0,0,1,0,1,0,1,0,1,1,0,0,1,1,1,1,1,0,2445.0
11792.5,39,2,0,0,0,0,0,0.4,0.5,3.2188758248682006,1,0,1,0,0,1,0,1,0,0,0,1,1,0,1,0,1,1,1,2,4,11792.5
6458.0,39,2,0,0,0,0,0,0.5,0.625,2.9444389791664403,1,0,0,1,0,1,0,1,0,1,1,0,0,0,1,0,1,1,1,2,2,6458.0
6078.0,32,1,1,0,0,0,0,0.3,0.5,2.5649493574615367,1,0,1,0,0,1,0,1,0,1,0,1,1,0,1,0,1,0,1,1,2,6078.0
7721.0,30,1,1,0,0,0,0,0.5,0.375,3.2188758248682006,1,0,0,0,1,0,0,0,0,1,0,1,1,0,1,0,1,1,0,1,3,3860.5
1410.0,35,1,1,0,0,0,0,0.0,0.75,2.70805020110221,0,0,0,1,1,0,0,1,0,1,0,0,1,0,1,0,1,1,1,1,0,705.0
1449.0,31,2,1,0,0,0,0,0.2,0.5,1.9459101490553132,0,1,0,1,1,0,0,1,0,1,0,1,0,0,1,0,1,0,1,1,0,724.5
392.0,23,1,1,0,0,0,0,0.3,0.5,2.772588722239781,1,0,0,0,0,0,0,0,0,1,0,1,1,0,0,1,1,1,1,0,0,392.0
6260.0,28,1,1,0,0,0,0,0.4,0.375,2.9444389791664403,1,0,1,0,0,0,1,1,0,1,0,0,1,0,0,1,0,0,1,1,2,6260.0
7855.0,25,2,0,1,0,1,1,0.7,0.375,3.6109179126442243,1,0,1,0,0,0,0,0,0,1,0,0,0,1,1,0,1,1,1,0,3,7855.0
1680.0,35,1,1,0,0,0,0,0.2,0.75,2.5649493574615367,0,0,0,1,0,0,1,1,0,1,0,0,1,0,1,0,1,0,1,1,0,1680.0
3578.0,47,1,1,0,0,0,1,0.5,0.625,3.8918202981106265,1,0,0,1,0,0,0,1,0,1,0,0,1,0,1,0,1,1,1,3,1,3578.0
7174.0,30,1,0,0,0,1,0,0.5,0.5,3.7612001156935624,1,0,1,0,0,0,0,0,0,1,0,1,1,0,1,0,1,1,1,1,2,7174.0
2132.0,27,2,1,0,1,0,1,0.7,0.125,2.3978952727983707,1,0,0,0,0,1,0,0,0,0,0,0,1,0,0,1,1,0,0,1,0,2132.0
4281.0,23,2,0,1,0,1,1,0.5,0.5,3.5263605246161616,0,0,1,0,1,0,0,0,0,1,0,1,1,0,1,0,1,0,1,0,1,2140.5
2366.0,36,1,1,0,0,0,0,0.2,0.5,2.5649493574615367,0,0,1,0,0,0,1,1,0,1,0,1,1,0,1,0,1,1,1,2,0,2366.0
1835.0,25,2,0,0,0,0,0,0.3,0.5,3.091042453358316,1,0,1,0,0,0,1,0,0,1,0,0,1,0,1,0,1,1,1,0,0,1835.0
3868.0,41,2,1,0,0,0,1,0.5,0.5,3.2188758248682006,1,0,0,1,0,0,0,0,0,1,0,1,1,0,0,1,1,1,1,2,1,3868.0
1768.0,24,1,1,0,0,0,0,0.4,0.375,2.5649493574615367,1,0,1,0,0,0,1,1,0,1,0,0,1,0,0,1,0,0,1,0,0,1768.0
781.0,63,2,1,0,0,0,0,0.3,0.5,2.3978952727983707,1,0,0,1,0,0,0,1,0,1,1,0,1,0,0,0,1,1,1,4,0,781.0
1924.0,27,1,0,0,0,0,0,0.4,0.375,2.9444389791664403,1,0,0,0,0,0,0,0,0,1,0,0,1,0,0,1,1,0,1,1,0,1924.0
2121.0,30,2,1,0,0,0,1,0.4,0.375,2.5649493574615367,1,0,1,0,0,0,0,1,0,1,0,1,1,0,1,0,1,0,1,1,0,2121.0
701.0,40,1,1,0,0,0,0,0.3,0.625,2.5649493574615367,1,0,1,0,0,0,0,1,0,1,0,0,1,0,1,0,0,0,1,2,0,701.0
639.0,30,1,0,0,0,0,0,0.1,0.5,2.5649493574615367,1,0,1,0,0,0,0,1,0,1,0,1,1,0,1,0,1,0,1,1,0,639.0
1860.0,34,2,1,0,0,0,0,0.4,0.375,2.5649493574615367,1,0,0,0,0,0,0,1,0,1,0,1,1,0,1,0,1,1,1,1,0,1860.0
3499.0,29,2,0,0,0,0,1,0.5,0.375,2.5649493574615367,1,0,1,0,0,0,1,0,0,0,0,0,1,0,1,0,1,0,1,1,1,3499.0
8487.0,24,1,1,0,0,1,0,0.4,0.5,3.8918202981106265,1,0,1,0,1,0,0,0,0,1,0,1,1,0,1,0,1,0,1,0,3,4243.5
6887.0,29,1,0,0,0,1,1,0.6,0.375,3.6109179126442243,1,0,1,0,0,0,0,1,0,1,0,1,0,1,1,0,1,1,1,1,2,6887.0
2708.0,27,2,1,0,0,0,0,0.5,0.5,2.772588722239781,1,0,0,0,0,1,0,1,0,1,0,1,0,0,1,0,0,0,1,1,1,2708.0
1984.0,47,2,1,0,0,0,0,0.4,0.375,2.9444389791664403,1,0,1,0,0,0,0,1,0,1,1,0,0,0,0,0,1,0,1,3,0,1984.0
10144.0,21,1,1,0,0,1,0,0.4,0.5,4.110873864173311,0,1,1,0,0,1,0,0,0,1,0,0,1,0,1,0,1,1,1,0,4,10144.0
1240.0,38,2,1,0,0,0,1,0.4,0.625,2.5649493574615367,1,0,0,1,0,0,0,0,0,1,0,0,1,0,1,0,1,1,1,2,0,1240.0
8613.0,27,2,1,0,0,1,1,0.5,0.5,3.332204510175204,0,0,1,0,0,1,0,1,0,1,0,1,1,0,1,0,1,0,1,1,3,8613.0
766.0,66,1,0,0,0,0,0,0.1,0.75,2.5649493574615367,0,0,1,0,0,0,0,1,0,1,0,0,1,0,1,0,0,0,1,4,0,766.0
2728.0,35,3,1,0,0,0,0,0.4,0.375,2.772588722239781,1,0,1,0,0,0,0,1,1,0,0,0,0,0,1,0,1,1,1,1,1,2728.0
1881.0,44,1,1,0,0,0,0,0.3,0.625,2.5649493574615367,1,0,1,0,0,1,0,0,0,1,0,1,1,0,0,1,0,1,1,2,0,1881.0
709.0,27,1,1,0,0,0,0,0.2,0.625,1.9459101490553132,0,0,0,0,0,1,0,1,0,1,0,0,1,0,1,0,0,0,0,1,0,709.0
4795.0,30,1,1,0,0,1,0,0.5,0.375,3.6109179126442243,1,0,0,0,0,0,0,0,0,1,1,0,1,0,1,0,1,1,1,1,1,4795.0
3416.0,27,1,1,0,0,0,0,0.4,0.5,3.332204510175204,1,0,1,0,0,0,1,1,0,1,0,1,1,0,1,0,1,0,1,1,1,3416.0
2462.0,22,1,0,0,0,0,0,0.3,0.5,2.9444389791664403,1,0,1,0,0,1,0,1,0,1,0,1,1,0,1,0,1,0,1,0,0,2462.0
2288.0,23,1,1,0,0,0,1,0.5,0.375,3.091042453358316,1,0,0,0,0,0,0,0,0,1,0,1,1,0,1,0,1,1,1,0,0,2288.0
3566.0,30,1,1,0,0,0,0,0.1,0.5,3.8918202981106265,0,1,1,0,0,0,0,1,0,1,0,1,1,0,1,0,1,0,1,1,1,3566.0
860.0,39,2,1,0,0,0,1,0.4,0.5,1.9459101490553132,1,0,0,1,1,0,0,0,0,1,1,0,1,0,1,0,1,1,1,2,0,430.0
682.0,51,2,1,0,0,0,1,0.3,0.5,2.5649493574615367,0,1,1,0,0,0,0,0,0,1,0,1,1,0,1,0,1,1,1,3,0,682.0
5371.0,28,2,1,1,0,1,1,0.6,0.375,3.6109179126442243,1,0,1,0,0,0,1,1,1,0,0,1,1,0,1,0,1,0,1,1,2,5371.0
1582.0,46,2,1,0,0,0,1,0.3,0.75,2.9444389791664403,0,0,0,1,0,0,0,1,0,1,0,1,1,0,1,0,1,0,1,3,0,1582.0
1346.0,42,1,1,0,0,0,0,0.3,0.5,1.9459101490553132,0,1,0,1,0,1,0,1,0,1,1,0,0,0,0,0,1,1,1,2,0,1346.0
1924.0,38,1,1,0,0,0,0,0.3,0.5,2.3978952727983707,1,0,1,0,1,0,0,1,0,1,0,1,1,0,1,0,1,1,0,2,0,962.0
5848.0,24,1,1,0,0,1,0,0.4,0.625,3.6109179126442243,1,0,1,0,0,0,0,1,0,1,0,1,1,0,1,0,1,0,1,0,2,5848.0
7758.0,29,1,1,0,0,0,0,0.4,0.375,3.2188758248682006,0,0,0,1,0,1,0,0,0,1,1,0,1,0,0,1,1,0,1,1,3,7758.0
6967.0,36,1,1,0,0,0,0,0.3,0.25,3.2188758248682006,0,1,1,0,0,0,0,1,0,1,0,1,1,0,0,1,1,1,1,2,2,6967.0
1282.0,20,1,0,0,0,0,0,0.4,0.375,2.5649493574615367,1,0,1,0,0,1,0,0,0,1,0,1,1,0,0,1,1,0,1,0,0,1282.0
1288.0,48,2,1,0,1,0,1,0.2,0.5,2.302585092994046,0,1,0,1,0,0,1,1,1,0,0,0,1,0,1,0,1,0,0,3,0,1288.0
339.0,45,1,1,0,0,0,0,0.3,0.75,2.5649493574615367,1,0,0,1,0,0,0,1,0,1,0,1,0,0,1,0,0,0,1,2,0,339.0
3512.0,38,2,1,0,0,0,0,0.2,0.625,3.2188758248682006,0,1,1,0,0,1,0,1,0,1,0,1,0,0,1,0,1,1,1,2,1,3512.0
1898.0,34,2,1,0,0,0,1,0.4,0.375,1.9459101490553132,1,0,1,0,1,0,0,1,0,1,0,0,1,0,1,0,0,0,1,1,0,949.0
2872.0,36,1,1,0,0,0,1,0.3,0.5,3.2188758248682006,0,1,0,1,0,0,1,1,0,1,0,0,1,0,1,0,1,1,1,2,1,2872.0
1055.0,30,2,1,0,0,0,1,0.5,0.375,2.9444389791664403,1,0,0,0,0,0,0,0,0,1,0,1,1,0,1,0,1,0,1,1,0,1055.0
1262.0,36,2,1,0,0,0,0,0.2,0.625,2.772588722239781,0,0,1,0,0,0,0,1,0,1,0,1,1,0,1,0,1,1,1,2,0,1262.0
7308.0,70,1,1,0,0,0,0,0.5,0.375,2.3978952727983707,1,0,0,0,0,1,0,1,0,1,1,0,0,0,0,0,1,1,1,4,2,7308.0
909.0,36,1,1,0,0,0,0,0.3,0.75,3.6109179126442243,0,0,0,1,0,0,0,1,0,1,0,1,1,0,1,0,1,0,1,2,0,909.0
2978.0,32,1,1,0,0,0,0,0.2,0.625,1.9459101490553132,0,0,1,0,1,0,0,1,0,1,0,1,1,0,1,0,1,1,1,1,1,1489.0
1131.0,33,1,0,0,0,0,0,0.4,0.5,2.9444389791664403,1,0,0,0,0,0,0,0,0,1,0,1,1,0,1,0,1,0,1,1,0,1131.0
1577.0,20,1,1,0,0,0,0,0.2,0.625,2.4849066497880004,0,0,0,0,0,0,0,0,0,1,0,0,1,0,1,0,1,0,1,0,0,1577.0
3972.0,25,1,1,0,0,0,0,0.4,0.375,3.2188758248682006,1,0,1,0,0,1,0,0,0,1,0,1,1,0,0,1,1,1,1,0,1,3972.0
1935.0,31,2,0,0,0,0,0,0.2,0.5,3.2188758248682006,1,0,0,1,0,0,0,1,0,1,0,0,1,0,1,0,1,1,1,1,0,1935.0
950.0,33,2,0,0,0,0,1,0.5,0.375,2.772588722239781,1,0,0,1,0,0,0,1,0,1,0,1,1,0,0,1,1,0,1,1,0,950.0
763.0,26,1,1,0,0,0,0,0.3,0.5,2.5649493574615367,1,0,1,0,0,0,0,0,0,1,0,0,1,0,1,0,1,1,1,1,0,763.0
2064.0,34,1,0,0,0,0,0,0.4,0.375,3.2188758248682006,1,0,0,0,0,0,1,0,0,1,0,1,1,0,1,0,1,1,1,1,0,2064.0
1414.0,33,1,1,0,0,0,0,0.2,0.375,2.1972245773362196,1,0,1,0,0,0,0,1,1,0,0,0,1,0,1,0,1,0,0,1,0,1414.0
3414.0,26,2,0,0,0,0,1,0.4,0.375,3.091042453358316,1,0,0,0,0,1,0,1,0,1,0,1,1,0,1,0,1,0,1,1,1,3414.0
7485.0,53,1,0,0,0,1,0,0.7,0.625,3.4339872044851463,1,0,0,0,0,0,0,0,0,1,0,0,0,0,1,0,1,1,1,3,2,7485.0
2577.0,42,1,1,0,0,0,0,0.3,0.625,2.5649493574615367,1,0,1,0,0,1,0,1,0,1,0,1,1,0,1,0,1,0,1,2,1,2577.0
338.0,52,2,1,0,0,0,1,0.3,0.75,1.9459101490553132,0,0,0,1,0,0,0,1,0,1,0,1,1,0,1,0,1,0,1,3,0,338.0
1963.0,31,2,1,0,0,0,0,0.4,0.375,2.5649493574615367,1,0,1,0,0,0,0,1,0,1,0,1,1,0,0,1,1,1,1,1,0,1963.0
571.0,65,2,1,0,0,0,1,0.4,0.625,3.091042453358316,1,0,0,1,0,0,0,1,0,1,0,0,1,0,1,0,1,0,1,4,0,571.0
9572.0,28,2,0,0,0,1,1,0.6,0.375,3.6109179126442243,1,0,0,0,1,0,0,1,0,1,0,1,1,0,1,0,1,0,1,1,3,4786.0
4455.0,30,2,0,0,0,1,0,0.5,0.375,3.6109179126442243,1,0,1,0,0,1,0,1,0,1,0,0,0,1,1,0,1,1,1,1,1,4455.0
1647.0,40,2,0,0,0,0,0,0.3,0.625,3.091042453358316,1,0,1,0,0,0,0,1,0,1,0,1,1,0,1,0,0,0,1,2,0,1647.0
3777.0,50,1,1,0,0,0,1,0.3,0.625,3.2188758248682006,0,0,1,0,0,0,0,1,0,1,0,0,1,0,1,0,1,1,1,3,1,3777.0
884.0,36,1,0,0,0,0,0,0.4,0.5,2.9444389791664403,1,0,0,1,0,0,0,1,0,1,0,1,0,0,1,0,1,1,1,2,0,884.0
1360.0,31,2,1,0,0,0,1,0.4,0.375,2.772588722239781,1,0,1,0,0,0,0,1,0,1,0,1,1,0,1,0,1,0,1,1,0,1360.0
5129.0,74,1,0,0,0,0,0,0.4,0.5,2.302585092994046,1,0,0,1,0,1,0,0,0,1,1,0,0,0,0,0,1,1,1,4,2,5129.0
1175.0,68,3,1,0,0,0,0,0.4,0.375,2.833213344056216,1,0,0,0,0,1,0,1,0,1,0,1,1,0,0,0,0,1,1,4,0,1175.0
674.0,20,1,0,0,0,0,0,0.2,0.5,2.5649493574615367,0,1,1,0,0,0,0,1,0,1,0,1,1,0,1,0,1,0,1,0,0,674.0
3244.0,33,2,1,0,0,0,0,0.4,0.375,2.9444389791664403,1,0,1,0,1,0,0,0,0,1,0,1,0,0,1,0,1,1,1,1,1,1622.0
4591.0,54,3,0,0,0,0,0,0.2,0.75,3.2188758248682006,0,0,1,0,0,1,0,1,0,1,0,1,1,0,1,0,1,1,1,3,1,4591.0
3844.0,34,1,0,0,0,0,0,0.2,0.125,3.8918202981106265,0,1,1,0,0,0,0,1,0,1,1,0,1,0,0,0,0,0,1,1,1,3844.0
3915.0,36,1,0,0,0,0,0,0.2,0.5,3.332204510175204,1,0,1,0,0,0,0,1,0,1,0,1,1,0,1,0,1,1,1,2,1,3915.0
2108.0,29,1,1,0,0,0,0,0.4,0.375,1.9459101490553132,1,0,1,0,0,1,0,1,0,1,0,0,1,0,0,1,1,0,1,1,0,2108.0
3031.0,21,1,0,0,0,0,0,0.3,0.375,3.828641396489095,0,1,1,0,0,0,0,1,1,0,0,1,1,0,0,1,1,0,1,0,1,3031.0
1501.0,34,2,0,0,0,0,0,0.2,0.5,2.302585092994046,1,0,0,1,0,1,0,0,0,1,0,1,1,0,1,0,1,1,1,1,0,1501.0
1382.0,28,2,1,0,0,0,1,0.4,0.375,1.9459101490553132,1,0,1,0,1,0,0,0,0,1,0,1,1,0,1,0,1,1,1,1,0,691.0
951.0,27,4,0,0,0,0,0,0.4,0.375,2.5649493574615367,0,1,0,0,0,0,0,0,0,1,0,1,0,0,0,1,1,0,1,1,0,951.0
2760.0,36,1,1,0,0,0,0,0.3,0.375,3.2188758248682006,1,0,0,1,0,0,0,1,0,1,1,0,0,0,0,0,1,1,1,2,1,2760.0
4297.0,40,1,0,0,0,0,0,0.4,0.5,2.9444389791664403,1,0,0,1,0,0,0,1,0,1,1,0,1,0,1,0,1,1,1,2,1,4297.0
936.0,52,2,1,0,0,0,1,0.2,0.75,2.302585092994046,0,0,0,1,0,0,0,1,0,1,0,1,1,0,1,0,1,1,1,3,0,936.0
1168.0,27,1,1,0,0,0,0,0.3,0.5,2.5649493574615367,1,0,1,0,0,0,0,1,0,1,0,0,1,0,1,0,0,0,1,1,0,1168.0
5117.0,26,2,1,0,0,1,1,0.5,0.375,3.332204510175204,1,0,1,0,0,0,1,1,0,1,0,1,1,0,1,0,1,0,1,1,2,5117.0
902.0,21,1,0,0,0,0,0,0.3,0.375,2.5649493574615367,1,0,1,0,0,0,0,1,0,1,0,1,1,0,0,1,1,0,1,0,0,902.0
1495.0,38,2,1,0,0,0,1,0.4,0.625,2.5649493574615367,1,0,0,1,0,0,0,1,0,1,0,0,1,0,1,0,0,0,1,2,0,1495.0
10623.0,38,3,1,1,0,1,1,0.6,0.375,3.4339872044851463,1,0,0,1,0,0,1,1,0,1,1,0,1,0,0,0,1,1,1,2,4,10623.0
1935.0,43,3,1,0,0,0,1,0.4,0.625,2.5649493574615367,1,0,0,1,0,0,0,1,0,1,0,0,1,0,1,0,1,1,1,2,0,1935.0
1424.0,26,1,1,0,0,0,0,0.3,0.375,2.5649493574615367,1,0,1,0,0,0,0,1,0,1,0,1,1,0,1,0,1,0,1,1,0,1424.0
6568.0,21,1,1,0,0,0,0,0.4,0.5,3.2188758248682006,1,0,1,0,0,1,0,1,0,1,0,1,0,1,1,0,0,0,1,0,2,6568.0
1413.0,55,1,1,0,0,0,0,0.2,0.625,2.5649493574615367,0,0,1,0,0,0,1,1,0,1,0,1,1,0,1,0,1,0,0,3,0,1413.0
3074.0,33,2,1,0,0,0,1,0.4,0.375,2.302585092994046,1,0,1,0,1,0,0,1,0,1,0,0,1,0,1,0,1,0,1,1,1,1537.0
3835.0,45,1,1,0,0,0,0,0.4,0.75,3.6109179126442243,1,0,0,1,0,1,0,0,0,1,0,0,1,0,1,0,0,1,1,2,1,3835.0
5293.0,50,2,0,0,0,1,1,0.7,0.5,3.332204510175204,1,0,0,0,0,1,0,1,0,1,0,1,0,1,1,0,1,1,1,3,2,5293.0
1908.0,66,1,0,0,0,0,0,0.3,0.75,3.4339872044851463,1,0,0,1,0,0,0,1,0,1,0,0,1,0,1,0,1,1,1,4,0,1908.0
3342.0,51,1,1,0,0,0,1,0.5,0.625,3.6109179126442243,1,0,0,1,0,0,0,1,0,1,0,1,1,0,1,0,1,1,1,3,1,3342.0
932.0,39,2,1,0,0,0,0,0.2,0.5,1.9459101490553132,1,0,1,0,1,0,0,0,0,1,0,1,1,0,1,0,0,0,1,2,0,466.0
3104.0,31,1,1,0,0,0,1,0.4,0.375,2.9444389791664403,1,0,1,0,0,0,1,1,0,1,0,1,0,0,1,0,1,1,1,1,1,3104.0
3913.0,23,1,1,0,0,0,0,0.3,0.625,3.6109179126442243,1,0,1,0,0,1,0,1,0,1,0,0,1,0,1,0,1,1,1,0,1,3913.0
3021.0,24,1,1,0,0,0,0,0.4,0.375,3.2188758248682006,1,0,1,0,0,1,0,1,0,1,0,0,1,0,0,1,0,0,1,0,1,3021.0
1364.0,64,1,1,0,0,0,0,0.3,0.625,2.3978952727983707,1,0,1,0,0,1,0,0,0,1,0,1,1,0,1,0,1,1,1,4,0,1364.0
625.0,26,1,1,0,0,0,0,0.4,0.5,2.5649493574615367,1,0,0,0,0,0,0,1,1,0,0,0,0,0,1,0,0,0,1,1,0,625.0
1200.0,23,1,1,0,0,0,0,0.4,0.375,2.5649493574615367,1,0,1,0,0,0,0,0,0,1,0,1,0,0,0,1,1,1,1,0,0,1200.0
707.0,30,2,1,0,0,0,0,0.4,0.5,2.5649493574615367,1,0,1,0,0,0,0,1,0,1,0,0,0,0,1,0,1,0,1,1,0,707.0
2978.0,32,2,1,0,0,0,1,0.3,0.375,3.2188758248682006,1,0,1,0,0,0,0,1,0,1,0,0,1,0,1,0,1,1,1,1,1,2978.0
4657.0,30,1,1,0,0,0,0,0.4,0.5,2.772588722239781,1,0,1,0,0,0,1,1,0,1,0,1,1,0,1,0,1,1,1,1,1,4657.0
2613.0,27,2,1,0,0,0,1,0.4,0.375,3.6109179126442243,1,0,1,0,0,0,0,1,0,1,0,1,1,0,1,0,1,0,1,1,1,2613.0
10961.0,27,2,0,0,0,1,0,0.5,0.5,3.8918202981106265,0,0,1,0,1,0,0,1,0,0,1,0,0,0,1,0,1,1,1,1,4,5480.5
7865.0,53,1,0,0,0,0,0,0.4,0.5,2.5649493574615367,1,0,0,1,0,0,0,1,0,1,1,0,1,0,0,0,1,1,1,3,3,7865.0
1478.0,22,1,0,0,0,0,0,0.3,0.5,2.302585092994046,1,0,1,0,0,0,0,1,0,1,0,1,1,0,1,0,1,0,1,0,0,1478.0
3149.0,22,1,1,0,0,0,0,0.5,0.25,3.2188758248682006,1,0,0,0,0,0,0,1,0,1,1,0,0,0,0,0,1,0,1,0,1,3149.0
4210.0,26,1,0,0,0,1,0,0.4,0.625,3.6109179126442243,1,0,1,0,0,0,0,1,0,1,0,1,1,0,1,0,1,0,1,1,1,4210.0
2507.0,51,1,1,0,0,0,0,0.2,0.625,2.302585092994046,0,0,0,1,0,1,0,1,0,1,1,0,1,0,0,0,0,0,1,3,1,2507.0
2141.0,35,1,1,0,0,0,0,0.2,0.375,2.5649493574615367,0,1,1,0,0,0,1,1,0,1,1,0,1,0,1,0,1,0,1,1,0,2141.0
866.0,25,1,1,0,0,0,0,0.2,0.5,2.9444389791664403,1,0,1,0,0,0,0,1,1,0,0,0,1,0,1,0,0,0,1,0,0,866.0
1544.0,42,3,1,0,0,0,1,0.4,0.5,1.6094379124341003,1,0,1,0,0,1,0,1,0,1,0,0,1,0,1,0,0,0,1,2,0,1544.0
1823.0,30,1,0,0,0,0,0,0.5,0.5,3.2188758248682006,1,0,0,0,0,0,0,1,0,1,0,1,0,1,1,0,1,0,1,1,0,1823.0
11792.5,23,1,0,0,0,0,0,0.4,0.5,1.9459101490553132,1,0,0,0,1,0,0,1,0,1,0,1,1,0,1,0,0,1,1,0,4,5896.25
2767.0,61,2,0,0,0,0,0,0.2,0.625,3.091042453358316,0,1,0,1,0,0,0,1,0,1,0,1,0,0,0,1,0,0,1,4,1,2767.0
1291.0,35,2,1,0,0,0,1,0.4,0.375,2.5649493574615367,1,0,1,0,0,0,0,0,0,1,0,1,1,0,1,0,1,0,1,1,0,1291.0
2522.0,39,1,1,0,0,0,0,0.4,0.75,3.4339872044851463,1,0,0,1,1,0,0,1,1,0,0,1,1,0,1,0,1,0,1,2,1,1261.0
915.0,29,1,0,0,0,0,0,0.4,0.625,3.2188758248682006,1,0,0,1,0,0,0,0,0,1,0,1,0,0,1,0,1,0,1,1,0,915.0
1595.0,51,1,1,0,0,0,0,0.3,0.625,1.9459101490553132,1,0,1,0,0,0,1,1,0,1,0,1,1,0,1,0,1,0,1,3,0,1595.0
4605.0,24,2,0,0,0,1,1,0.6,0.25,3.8918202981106265,1,0,0,1,0,0,1,1,0,1,1,0,1,0,0,0,1,0,1,0,1,4605.0
1185.0,27,2,1,0,0,0,1,0.3,0.375,2.5649493574615367,1,0,1,0,0,0,1,0,0,1,0,0,1,0,1,0,1,0,1,1,0,1185.0
3447.0,35,1,1,0,0,0,0,0.1,0.625,2.5649493574615367,0,0,1,0,0,0,0,0,0,1,0,0,1,0,1,0,0,0,1,1,1,3447.0
1258.0,25,1,1,0,0,0,0,0.2,0.5,3.2188758248682006,1,0,1,0,0,0,0,1,0,1,0,0,1,0,1,0,1,1,1,0,0,1258.0
717.0,52,3,1,0,0,0,1,0.4,0.625,2.5649493574615367,1,0,0,1,0,0,0,1,0,1,0,0,1,0,1,0,1,0,1,3,0,717.0
1204.0,35,1,1,0,0,0,1,0.5,0.0,1.9459101490553132,0,1,1,0,0,0,0,1,0,1,1,0,0,0,0,1,1,0,0,1,0,1204.0
1925.0,26,1,1,0,0,0,0,0.2,0.625,3.2188758248682006,1,0,1,0,0,1,0,1,0,1,0,0,1,0,1,0,1,0,1,1,0,1925.0
433.0,22,1,0,0,0,0,0,0.6,0.375,2.9444389791664403,1,0,0,0,0,0,1,0,0,0,0,0,1,0,0,1,1,0,1,0,0,433.0
666.0,39,2,1,0,0,0,1,0.3,0.625,1.9459101490553132,0,0,1,0,0,0,1,0,0,1,0,0,1,0,1,0,0,1,1,2,0,666.0
2251.0,46,1,1,0,0,0,0,0.2,0.75,2.5649493574615367,1,0,1,0,1,0,0,0,0,1,0,1,1,0,1,0,0,0,1,3,0,1125.5
2150.0,24,1,0,0,0,0,0,0.4,0.375,3.4339872044851463,1,0,1,0,0,0,0,0,1,0,1,0,0,0,1,0,1,0,1,0,0,2150.0
4151.0,35,2,1,0,0,0,1,0.4,0.375,3.2188758248682006,0,1,1,0,0,1,0,1,0,1,0,1,1,0,1,0,1,0,1,1,1,4151.0
2030.0,24,1,1,0,0,0,0,0.2,0.5,2.302585092994046,1,0,1,0,0,1,0,1,0,1,0,1,1,0,1,0,1,1,1,0,0,2030.0
7418.0,27,1,1,0,0,1,0,0.5,0.375,4.110873864173311,1,0,1,0,1,0,0,1,0,1,0,0,1,0,1,0,0,0,1,1,2,3709.0
2684.0,35,2,1,0,0,0,1,0.4,0.375,3.2188758248682006,1,0,1,0,0,0,0,1,0,1,0,0,1,0,1,0,0,0,1,1,1,2684.0
2149.0,29,1,0,0,0,0,0,0.3,0.25,2.5649493574615367,1,0,1,0,0,0,0,1,0,1,1,0,1,0,0,0,1,0,1,1,0,2149.0
3812.0,23,1,1,0,0,0,0,0.3,0.5,2.772588722239781,0,1,0,0,1,0,0,0,0,1,0,1,1,0,1,0,1,1,1,0,1,1906.0
1154.0,57,3,1,0,0,0,1,0.4,0.5,2.4849066497880004,0,1,0,0,0,0,0,0,0,1,0,0,1,0,1,0,0,0,1,4,0,1154.0
1657.0,27,1,1,0,0,0,0,0.3,0.5,2.5649493574615367,1,0,1,0,0,1,0,1,0,1,0,0,1,0,1,0,1,0,1,1,0,1657.0
1603.0,55,1,1,0,0,0,0,0.3,0.75,3.2188758248682006,1,0,0,1,0,0,0,0,0,1,0,1,1,0,1,0,1,0,1,3,0,1603.0
5302.0,36,3,1,0,0,0,1,0.5,0.25,2.9444389791664403,1,0,0,1,0,1,0,1,0,1,1,0,1,0,0,0,1,1,1,2,2,5302.0
2748.0,57,3,1,0,0,0,1,0.4,0.375,2.5649493574615367,1,0,0,1,0,1,0,0,0,1,1,0,0,0,0,0,0,0,1,4,1,2748.0
1231.0,32,2,1,0,1,0,1,0.4,0.375,2.3978952727983707,1,0,0,1,0,0,1,1,0,1,0,0,1,0,1,0,0,0,0,1,0,1231.0
802.0,37,1,0,0,0,0,0,0.2,0.625,2.772588722239781,1,0,0,1,0,0,0,1,0,1,0,1,1,0,1,0,1,0,1,2,0,802.0
6304.0,36,2,1,1,0,1,1,0.5,0.5,3.6109179126442243,1,0,0,1,0,0,0,1,0,1,0,0,1,0,1,0,1,0,1,2,2,6304.0
1533.0,38,1,1,0,0,0,0,0.5,0.625,3.2188758248682006,1,0,0,0,0,0,0,0,0,1,0,1,0,1,1,0,1,1,1,2,0,1533.0
8978.0,45,1,0,0,0,0,0,0.4,0.625,2.70805020110221,1,0,0,1,1,0,0,1,0,1,0,1,1,0,1,0,1,1,0,2,3,4489.0
999.0,25,2,1,0,0,0,0,0.3,0.625,3.2188758248682006,1,0,0,1,0,0,0,1,0,1,0,1,1,0,1,0,1,0,1,0,0,999.0
2662.0,32,1,1,0,0,0,0,0.3,0.375,2.9444389791664403,1,0,1,0,0,0,0,1,0,1,0,1,1,0,1,0,1,0,0,1,1,2662.0
1402.0,37,1,1,0,0,0,1,0.4,0.375,2.5649493574615367,0,0,1,0,0,0,1,0,0,1,0,1,1,0,0,1,1,1,1,2,0,1402.0
11792.5,36,1,1,0,0,1,0,0.6,0.25,3.8918202981106265,1,0,0,0,0,0,0,1,0,0,1,0,1,0,0,0,1,1,1,2,4,11792.5
3060.0,28,2,0,0,0,0,0,0.3,0.5,3.8918202981106265,1,0,1,0,0,0,0,1,0,1,0,0,1,0,1,0,1,0,1,1,1,3060.0
11792.5,34,1,0,0,0,1,0,0.5,0.375,3.4339872044851463,1,0,0,0,1,0,0,1,0,1,1,0,1,0,1,0,0,1,1,1,4,5896.25
2697.0,32,1,1,0,0,0,0,0.3,0.5,2.302585092994046,1,0,1,0,1,0,0,1,0,1,0,0,1,0,1,0,1,0,1,1,1,1348.5
2404.0,26,2,1,0,0,0,1,0.4,0.375,2.9444389791664403,1,0,1,0,0,1,0,0,0,1,0,1,1,0,1,0,1,0,1,1,0,2404.0
1262.0,49,1,1,0,0,0,0,0.3,0.75,2.5649493574615367,1,0,0,1,0,1,0,1,0,1,0,1,1,0,1,0,0,1,1,3,0,1262.0
4611.0,32,1,0,0,0,0,0,0.5,0.5,1.9459101490553132,1,0,0,0,1,0,0,0,0,1,0,1,1,0,1,0,1,0,1,1,1,2305.5
1901.0,29,1,1,0,0,0,0,0.3,0.375,3.2188758248682006,0,1,1,0,0,0,0,1,0,1,0,1,1,0,0,1,1,1,1,1,0,1901.0
3368.0,23,2,1,0,0,0,1,0.4,0.375,2.772588722239781,0,0,0,1,0,0,1,1,0,1,1,0,1,0,0,1,1,1,1,0,1,3368.0
1574.0,50,1,1,0,0,0,0,0.3,0.625,2.5649493574615367,1,0,1,0,0,0,0,1,0,1,0,0,1,0,1,0,1,0,1,3,0,1574.0
1445.0,49,1,1,0,0,0,0,0.3,0.75,2.9444389791664403,1,0,1,0,0,0,0,1,0,1,0,1,0,0,1,0,0,0,1,3,0,1445.0
1520.0,63,1,1,0,0,0,1,0.4,0.625,2.772588722239781,1,0,0,1,0,0,0,1,0,1,0,1,1,0,1,0,1,0,1,4,0,1520.0
3878.0,37,1,1,0,0,0,0,0.3,0.375,3.2188758248682006,0,1,0,0,0,0,0,1,0,1,0,1,1,0,1,0,1,1,1,2,1,3878.0
10722.0,35,1,1,0,0,1,0,0.6,0.5,3.8712010109078907,1,0,0,0,1,0,0,0,0,1,0,0,1,0,1,0,0,1,1,1,4,5361.0
4788.0,26,1,1,0,0,1,0,0.5,0.5,3.8918202981106265,1,0,1,0,0,0,0,1,0,1,0,1,1,0,1,0,1,0,1,1,1,4788.0
7582.0,31,1,1,0,0,1,0,0.4,0.125,3.8918202981106265,0,1,0,0,0,1,0,1,0,1,1,0,1,0,0,0,1,1,1,1,3,7582.0
1092.0,49,2,1,0,0,0,0,0.2,0.625,2.5649493574615367,1,0,1,0,0,0,0,0,1,0,0,0,1,0,1,0,1,1,1,3,0,1092.0
1024.0,48,1,0,0,0,0,1,0.6,0.5,3.2188758248682006,1,0,0,0,0,0,0,1,0,1,0,0,0,1,1,0,1,0,1,3,0,1024.0
1076.0,26,1,1,0,0,0,0,0.2,0.375,2.5649493574615367,1,0,1,0,0,1,0,1,0,1,0,0,1,0,1,0,1,1,0,1,0,1076.0
9398.0,28,1,0,0,0,1,0,0.6,0.375,3.6109179126442243,1,0,0,0,1,0,0,1,0,1,0,1,1,0,0,1,1,1,1,1,3,4699.0
6419.0,44,2,1,0,0,0,1,0.5,0.375,3.2188758248682006,1,0,0,1,0,1,0,0,0,1,1,0,1,0,0,0,1,1,1,2,2,6419.0
4796.0,56,1,1,0,0,1,0,0.5,0.5,3.7612001156935624,1,0,0,1,0,0,0,1,0,1,1,0,1,0,0,0,1,0,1,4,1,4796.0
7629.0,46,2,1,1,0,1,1,0.6,0.625,3.8918202981106265,1,0,0,1,0,0,0,1,0,1,0,1,0,0,1,0,1,0,1,3,3,7629.0
9960.0,26,1,0,0,0,1,0,0.5,0.5,3.8918202981106265,1,0,0,0,1,0,0,0,0,1,0,1,1,0,1,0,1,1,1,1,3,4980.0
4675.0,20,1,1,0,0,0,0,0.6,0.375,2.5649493574615367,1,0,0,0,1,0,0,0,0,1,0,1,1,0,0,1,1,0,1,0,1,2337.5
1287.0,45,1,1,0,0,0,0,0.4,0.625,2.3978952727983707,1,0,0,1,0,0,0,1,0,0,0,1,1,0,1,0,0,0,0,2,0,1287.0
2515.0,43,1,1,0,0,0,0,0.3,0.625,2.9444389791664403,1,0,1,0,0,0,1,1,0,1,0,0,1,0,1,0,1,1,1,2,1,2515.0
2745.0,32,2,1,0,0,0,0,0.2,0.5,3.091042453358316,0,0,1,0,0,0,1,1,0,1,0,1,1,0,1,0,1,1,1,1,1,2745.0
672.0,54,1,1,0,0,0,0,0.4,0.625,1.9459101490553132,1,0,0,0,1,0,0,0,0,1,0,0,1,0,1,0,0,1,1,3,0,336.0
3804.0,42,1,0,0,0,0,0,0.4,0.5,3.6109179126442243,1,0,1,0,0,0,0,0,0,1,0,1,1,0,1,0,1,1,1,2,1,3804.0
1344.0,37,2,0,0,0,0,0,0.4,0.5,3.2188758248682006,1,0,1,0,0,0,0,1,0,1,0,0,0,0,1,0,0,0,1,2,0,1344.0
1038.0,49,2,1,0,0,0,1,0.5,0.5,2.3978952727983707,1,0,1,0,0,0,0,1,0,0,0,1,1,0,1,0,1,1,1,3,0,1038.0
10127.0,44,1,0,1,0,1,1,0.6,0.375,3.8918202981106265,0,0,1,0,0,1,0,1,0,1,1,0,0,0,0,0,1,0,1,2,4,10127.0
1543.0,33,1,1,0,0,0,0,0.2,0.625,1.9459101490553132,0,0,1,0,0,0,0,1,0,1,0,0,1,0,1,0,1,0,1,1,0,1543.0
4811.0,24,1,1,0,0,1,0,0.7,0.375,3.4339872044851463,1,0,1,0,0,1,0,0,0,1,0,1,0,1,0,1,0,0,1,0,1,4811.0
727.0,33,1,0,0,0,0,0,0.3,0.375,2.5649493574615367,0,1,0,0,0,0,0,1,0,1,1,0,1,0,1,0,0,1,1,1,0,727.0
1237.0,24,1,0,0,0,0,0,0.2,0.5,2.1972245773362196,1,0,1,0,0,0,1,0,0,1,0,0,1,0,1,0,1,0,1,0,0,1237.0
276.0,22,1,1,0,0,0,0,0.3,0.375,2.302585092994046,1,0,1,0,0,0,0,1,0,1,0,0,1,0,0,1,0,0,1,0,0,276.0
5381.0,40,1,1,0,0,1,0,0.5,0.375,3.8918202981106265,1,0,0,0,0,0,1,1,0,1,1,0,0,0,0,0,0,1,1,2,2,5381.0
5511.0,25,1,1,0,0,0,0,0.4,0.5,3.2188758248682006,0,1,1,0,0,0,0,1,0,1,0,1,0,1,1,0,1,0,1,0,2,5511.0
3749.0,26,1,1,0,0,0,0,0.3,0.625,3.2188758248682006,1,0,0,0,0,1,0,0,0,1,0,1,1,0,1,0,1,0,1,1,1,3749.0
685.0,25,1,0,0,0,0,0,0.3,0.5,2.5649493574615367,1,0,1,0,0,1,0,1,0,1,0,1,0,0,1,0,0,0,1,0,0,685.0
1494.0,29,1,1,0,0,0,0,0.3,0.5,1.6094379124341003,1,0,0,0,1,0,0,1,0,1,0,0,1,0,1,0,0,0,0,1,0,747.0
2746.0,31,1,0,0,0,0,0,0.5,0.625,3.6109179126442243,1,0,0,1,0,0,0,1,0,1,0,1,0,0,1,0,1,0,1,1,1,2746.0
708.0,38,1,1,0,0,0,0,0.3,0.625,2.5649493574615367,1,0,1,0,0,1,0,1,1,0,0,1,1,0,1,0,0,0,1,2,0,708.0
4351.0,48,1,1,0,0,0,0,0.3,0.625,3.2188758248682006,1,0,1,0,1,0,0,0,0,1,0,1,1,0,1,0,0,1,1,3,1,2175.5
701.0,32,2,1,0,0,0,1,0.3,0.375,2.5649493574615367,1,0,1,0,0,0,0,1,0,1,0,1,1,0,1,0,1,0,1,1,0,701.0
3643.0,27,2,1,0,0,0,1,0.4,0.5,2.772588722239781,1,0,0,1,1,0,0,0,0,1,0,1,1,0,1,0,0,0,1,1,1,1821.5
4249.0,28,2,0,0,0,1,0,0.6,0.375,3.4339872044851463,1,0,0,0,0,0,0,1,0,1,0,1,1,0,1,0,1,0,1,1,1,4249.0
1938.0,32,1,0,0,0,0,0,0.4,0.5,3.2188758248682006,1,0,0,0,0,0,0,1,0,1,0,1,1,0,1,0,1,0,1,1,0,1938.0
2910.0,34,1,1,0,0,0,0,0.3,0.25,3.2188758248682006,1,0,1,0,0,1,0,1,0,1,1,0,1,0,0,0,1,1,1,1,1,2910.0
2659.0,28,1,1,0,0,0,0,0.2,0.625,2.9444389791664403,0,0,1,0,0,0,0,1,0,1,0,1,1,0,1,0,1,0,1,1,1,2659.0
1028.0,36,2,1,0,0,0,1,0.4,0.375,2.9444389791664403,1,0,1,0,0,0,0,0,0,1,0,0,1,0,1,0,1,0,1,2,0,1028.0
3398.0,39,2,1,0,1,0,1,0.4,0.375,2.1972245773362196,1,0,1,0,1,0,0,1,0,1,0,0,1,0,1,0,0,0,0,2,1,1699.0
5801.0,49,1,1,0,0,0,1,0.6,0.5,2.5649493574615367,1,0,0,1,0,1,0,1,0,1,0,1,1,0,0,1,1,1,1,3,2,5801.0
1525.0,34,1,1,0,0,0,0,0.2,0.625,3.2188758248682006,0,0,1,0,0,0,0,0,0,1,0,1,1,0,1,0,1,1,1,1,0,1525.0
4473.0,31,1,1,0,0,1,0,0.4,0.75,3.6109179126442243,1,0,0,1,0,0,0,1,0,1,0,1,1,0,1,0,1,0,1,1,1,4473.0
1068.0,28,1,1,0,0,0,0,0.2,0.625,1.9459101490553132,1,0,0,1,0,0,0,1,0,1,0,1,1,0,1,0,1,0,1,1,0,1068.0
6615.0,75,2,1,0,0,0,1,0.6,0.25,3.2188758248682006,1,0,0,0,0,1,0,1,0,1,1,0,1,0,0,0,1,1,1,4,2,6615.0
1864.0,30,2,0,0,0,0,1,0.2,0.375,2.9444389791664403,0,1,1,0,0,0,0,0,0,1,0,0,1,0,1,0,1,0,1,1,0,1864.0
7408.0,24,1,0,0,0,1,0,0.4,0.5,4.110873864173311,0,1,0,0,0,0,0,0,0,1,0,1,1,0,1,0,1,0,1,0,2,7408.0
11590.0,24,2,0,1,0,1,1,0.7,0.25,3.8918202981106265,0,1,1,0,0,1,0,0,0,1,0,1,0,0,0,1,0,0,1,0,4,11590.0
4110.0,23,2,0,0,0,0,1,0.7,0.25,3.2188758248682006,1,0,0,1,0,0,1,1,0,1,1,0,0,0,0,1,1,0,1,0,1,4110.0
3384.0,44,1,0,0,0,0,1,0.5,0.375,1.9459101490553132,1,0,1,0,1,0,0,1,0,1,0,0,1,0,0,1,1,1,1,2,1,1692.0
2101.0,23,1,1,0,0,0,0,0.3,0.5,2.639057329615259,1,0,0,0,0,1,0,0,1,0,0,1,1,0,1,0,0,0,1,0,0,2101.0
1275.0,24,1,0,0,0,0,0,0.4,0.375,2.772588722239781,1,0,1,0,0,0,0,0,0,1,0,1,1,0,0,1,1,0,1,0,0,1275.0
4169.0,28,1,1,0,0,0,0,0.4,0.5,3.2188758248682006,1,0,1,0,0,0,0,1,0,1,0,1,1,0,1,0,1,0,1,1,1,4169.0
1521.0,31,1,1,0,0,0,0,0.2,0.5,2.3978952727983707,1,0,1,0,0,0,0,1,0,1,0,1,1,0,1,0,0,0,1,1,0,1521.0
5743.0,24,2,1,0,0,0,0,0.4,0.125,3.2188758248682006,1,0,0,0,0,1,0,0,0,1,1,0,1,0,0,0,1,1,1,0,2,5743.0
3599.0,26,1,1,0,0,0,0,0.4,0.375,3.091042453358316,1,0,1,0,1,0,0,0,0,1,0,1,1,0,0,1,0,0,1,1,1,1799.5
3213.0,25,1,1,0,0,0,0,0.3,0.5,2.9444389791664403,0,0,0,0,1,0,0,1,0,1,0,0,1,0,0,1,1,0,1,0,1,1606.5
4439.0,33,1,1,0,0,0,0,0.4,0.625,2.9444389791664403,1,0,0,1,1,0,0,1,0,0,0,0,0,0,1,0,1,1,1,1,1,2219.5
3949.0,37,1,1,0,0,0,0,0.3,0.625,2.3978952727983707,1,0,0,0,1,0,0,1,1,0,0,1,1,0,1,0,0,0,1,2,1,1974.5
1459.0,43,1,1,0,0,0,1,0.4,0.5,2.772588722239781,1,0,1,0,0,0,0,0,0,1,0,1,1,0,1,0,0,0,1,2,0,1459.0
882.0,23,2,1,0,0,0,0,0.4,0.375,2.639057329615259,1,0,0,0,0,0,0,1,1,0,0,0,1,0,1,0,1,0,1,0,0,882.0
3758.0,23,1,1,0,0,0,0,0.3,0.375,3.2188758248682006,0,0,0,0,1,0,0,0,0,1,1,0,1,0,0,1,0,0,1,0,1,1879.0
1743.0,34,2,1,0,0,0,1,0.2,0.375,1.9459101490553132,0,1,1,0,1,0,0,1,0,1,0,0,1,0,1,0,0,0,1,1,0,871.5
1136.0,32,2,0,0,0,0,0,0.1,0.375,2.302585092994046,0,0,0,1,0,0,0,1,0,1,1,0,1,0,0,0,1,0,1,1,0,1136.0
1236.0,23,1,1,0,0,0,0,0.5,0.375,2.302585092994046,1,0,0,0,1,0,0,0,0,1,0,0,1,0,0,1,1,1,1,0,0,618.0
959.0,29,1,0,0,0,0,0,0.2,0.375,2.302585092994046,1,0,1,0,1,0,0,0,0,1,0,1,1,0,1,0,1,0,0,1,0,479.5
3229.0,38,1,1,0,0,0,1,0.5,0.375,2.9444389791664403,1,0,0,0,0,1,0,1,0,1,1,0,1,0,1,0,1,1,1,2,1,3229.0
6199.0,28,2,0,0,0,0,1,0.6,0.25,2.5649493574615367,1,0,1,0,0,0,0,1,0,1,0,1,1,0,0,1,1,1,1,1,2,6199.0
727.0,46,1,1,0,0,0,0,0.1,0.625,2.3978952727983707,0,0,0,1,0,0,0,1,0,1,1,0,1,0,0,0,1,1,1,3,0,727.0
1246.0,23,1,0,0,0,0,0,0.4,0.5,3.2188758248682006,1,0,0,0,0,0,0,1,0,1,0,0,0,1,1,0,0,0,1,0,0,1246.0
2331.0,49,1,1,0,0,0,1,0.5,0.625,2.5649493574615367,1,0,0,1,1,0,0,1,0,0,0,0,1,0,1,0,1,1,1,3,0,1165.5
4463.0,26,2,0,0,0,1,1,0.6,0.375,3.6109179126442243,1,0,1,0,0,0,0,1,0,1,0,1,1,0,1,0,1,1,1,1,1,4463.0
776.0,28,1,1,0,0,0,0,0.3,0.5,2.5649493574615367,1,0,1,0,0,0,0,1,0,1,0,0,1,0,1,0,1,0,1,1,0,776.0
2406.0,23,1,0,0,0,0,0,0.5,0.375,3.4339872044851463,1,0,1,0,0,0,0,0,0,1,0,0,1,0,0,1,1,0,1,0,0,2406.0
1239.0,61,1,1,0,0,0,0,0.1,0.375,2.9444389791664403,1,0,1,0,0,0,0,1,0,1,1,0,1,0,0,0,1,0,1,4,0,1239.0
3399.0,37,1,1,0,0,0,0,0.2,0.75,2.5649493574615367,1,0,0,1,0,1,0,1,0,1,0,1,1,0,1,0,1,0,1,2,1,3399.0
2247.0,36,2,1,0,0,0,0,0.4,0.5,2.5649493574615367,1,0,1,0,0,1,0,0,0,1,0,1,0,1,1,0,1,1,1,2,0,2247.0
1766.0,21,1,1,0,0,0,0,0.4,0.375,1.9459101490553132,1,0,1,0,1,0,0,1,0,1,0,1,1,0,0,1,1,0,1,0,0,883.0
2473.0,25,1,0,0,0,0,0,0.4,0.5,2.9444389791664403,1,0,0,0,0,0,0,1,0,1,0,1,1,0,1,0,0,0,1,0,0,2473.0
1542.0,36,1,1,0,0,0,0,0.2,0.5,2.5649493574615367,1,0,1,0,0,1,0,1,0,1,0,1,1,0,1,0,1,1,1,2,0,1542.0
3850.0,27,2,1,0,0,0,1,0.4,0.375,2.9444389791664403,1,0,1,0,0,0,1,1,0,1,0,1,1,0,1,0,1,0,1,1,1,3850.0
3650.0,22,1,1,0,0,0,0,0.5,0.375,2.9444389791664403,1,0,0,0,1,0,0,0,0,1,0,1,1,0,0,1,1,0,1,0,1,1825.0
3446.0,42,1,0,0,0,0,0,0.4,0.75,3.6109179126442243,1,0,0,1,0,0,0,1,0,1,0,1,1,0,1,0,1,0,1,2,1,3446.0
3001.0,40,1,1,0,0,0,0,0.3,0.5,2.9444389791664403,1,0,1,0,0,1,0,0,0,1,0,0,1,0,0,1,1,0,1,2,1,3001.0
3079.0,36,1,1,0,0,0,0,0.4,0.5,3.6109179126442243,1,0,1,0,0,0,0,1,0,1,0,0,1,0,1,0,1,0,1,2,1,3079.0
6070.0,33,2,1,0,0,0,1,0.5,0.5,2.9444389791664403,1,0,0,1,0,0,1,1,0,1,0,1,1,0,1,0,1,1,1,1,2,6070.0
2146.0,23,2,1,0,0,0,1,0.6,0.25,2.3978952727983707,1,0,0,0,1,0,0,0,0,1,0,0,1,0,0,1,1,0,1,0,0,1073.0
11792.5,63,1,1,1,0,1,1,0.7,0.375,4.110873864173311,1,0,0,1,0,1,0,1,0,1,1,0,0,0,0,0,1,1,1,4,4,11792.5
11792.5,60,2,0,0,0,1,0,0.3,0.5,4.110873864173311,0,1,0,1,0,0,1,0,0,1,1,0,0,0,0,0,1,1,1,4,4,11792.5
7685.0,37,1,0,0,0,1,0,0.5,0.375,3.8918202981106265,1,0,1,0,0,1,0,0,1,0,0,1,1,0,0,1,1,0,1,2,3,7685.0
2320.0,34,2,1,0,0,0,1,0.5,0.375,2.9444389791664403,1,0,0,0,0,1,0,1,0,1,0,0,1,0,1,0,1,0,1,1,0,2320.0
846.0,36,1,1,0,0,0,1,0.4,0.25,2.0794415416798357,1,0,0,1,0,0,1,1,0,1,1,0,1,0,0,0,1,0,1,2,0,846.0
11792.5,57,1,0,0,0,1,0,0.4,0.5,3.6109179126442243,1,0,0,1,0,0,0,1,0,1,1,0,1,0,0,0,1,1,1,4,4,11792.5
362.0,52,2,1,0,0,0,1,0.3,0.5,1.9459101490553132,0,1,1,0,0,0,0,0,0,1,0,1,1,0,1,0,0,0,1,3,0,362.0
2212.0,39,1,1,0,0,0,0,0.3,0.625,3.044522437723423,1,0,1,0,0,0,0,1,0,1,0,1,1,0,1,0,1,1,1,2,0,2212.0
11792.5,38,1,0,0,0,0,0,0.4,0.375,2.9444389791664403,1,0,0,0,0,0,1,0,0,1,1,0,1,0,0,0,1,1,1,2,4,11792.5
1283.0,25,1,1,0,0,0,0,0.4,0.375,3.1354942159291497,1,0,1,0,0,0,0,0,0,1,0,1,1,0,0,1,1,0,1,0,0,1283.0
1330.0,26,1,1,0,0,0,0,0.3,0.625,2.5649493574615367,1,0,0,0,0,0,0,1,0,1,0,0,1,0,1,0,1,0,1,1,0,1330.0
4272.0,26,2,1,0,0,1,1,0.4,0.375,3.4339872044851463,0,1,1,0,0,1,0,1,0,1,0,1,1,0,1,0,0,0,1,1,1,4272.0
2238.0,25,2,1,0,0,0,1,0.4,0.375,2.9444389791664403,1,0,1,0,0,1,0,0,0,1,0,1,1,0,1,0,1,0,1,0,0,2238.0
1126.0,21,1,1,0,0,0,0,0.5,0.375,2.9444389791664403,1,0,0,0,0,0,0,0,0,1,0,0,1,0,0,1,1,1,1,0,0,1126.0
7374.0,40,2,1,0,0,0,0,0.6,0.5,2.9444389791664403,1,0,0,0,0,0,0,1,0,1,0,1,0,1,1,0,1,1,1,2,2,7374.0
2326.0,27,1,1,0,0,0,0,0.2,0.5,2.772588722239781,0,0,1,0,0,1,0,1,0,1,0,1,0,0,1,0,1,0,1,1,0,2326.0
1449.0,27,2,1,0,0,0,0,0.2,0.5,2.302585092994046,1,0,1,0,0,0,1,0,0,1,0,1,1,0,1,0,1,0,1,1,0,1449.0
1820.0,30,1,1,0,0,0,0,0.3,0.5,2.9444389791664403,1,0,1,0,0,1,0,1,0,1,0,1,1,0,1,0,1,1,1,1,0,1820.0
983.0,19,1,1,0,0,0,0,0.3,0.5,2.5649493574615367,0,0,0,0,1,0,0,0,0,1,0,0,1,0,0,1,0,0,1,0,0,491.5
3249.0,39,1,1,0,0,0,0,0.5,0.375,3.6109179126442243,1,0,1,0,0,1,0,1,0,1,1,0,0,0,0,0,1,1,1,2,1,3249.0
1957.0,31,1,1,0,0,0,1,0.4,0.375,1.9459101490553132,1,0,1,0,1,0,0,0,0,1,0,1,1,0,1,0,1,0,1,1,0,978.5
2406.0,31,1,1,0,0,0,1,0.5,0.375,2.302585092994046,1,0,0,0,0,1,0,1,0,1,0,1,1,0,1,0,1,0,1,1,0,2406.0
11760.0,32,1,1,0,0,1,0,0.4,0.125,3.6888794541139363,0,1,1,0,0,1,0,1,0,1,1,0,1,0,0,1,1,1,1,1,4,11760.0
2578.0,55,1,1,0,0,0,0,0.4,0.375,2.5649493574615367,1,0,0,0,0,0,1,0,0,1,1,0,1,0,0,0,1,0,1,3,1,2578.0
2348.0,46,2,1,0,0,0,1,0.5,0.5,3.6109179126442243,1,0,1,0,0,0,1,1,0,1,0,1,1,0,1,0,1,1,1,3,0,2348.0
1223.0,46,2,0,0,0,0,0,0.3,0.625,2.5649493574615367,1,0,0,1,1,0,0,1,0,1,0,0,1,0,0,1,1,0,1,3,0,611.5
1516.0,43,2,1,0,0,0,1,0.3,0.625,3.2188758248682006,0,0,1,0,0,0,0,0,0,1,0,0,1,0,1,0,0,0,1,2,0,1516.0
1473.0,39,1,1,0,0,0,0,0.4,0.625,2.9444389791664403,1,0,0,0,0,0,1,1,0,1,0,0,1,0,1,0,1,1,1,2,0,1473.0
1887.0,28,2,1,0,0,0,0,0.3,0.375,2.9444389791664403,1,0,1,0,0,0,0,1,0,1,0,0,0,0,1,0,1,0,1,1,0,1887.0
8648.0,27,2,0,0,0,0,1,0.6,0.375,3.2188758248682006,1,0,0,0,0,1,0,1,0,1,0,1,0,0,1,0,1,1,1,1,3,8648.0
802.0,27,2,1,0,0,0,1,0.4,0.375,2.70805020110221,1,0,1,0,0,0,0,1,0,1,0,1,1,0,1,0,0,0,1,1,0,802.0
2899.0,43,1,1,0,0,0,0,0.3,0.625,2.9444389791664403,1,0,0,1,0,0,0,1,0,1,0,1,1,0,1,0,1,0,1,2,1,2899.0
2039.0,22,1,0,0,0,0,0,0.3,0.5,3.2188758248682006,1,0,0,0,1,0,0,1,0,1,0,1,1,0,1,0,1,1,1,0,0,1019.5
2197.0,43,2,1,0,0,0,1,0.4,0.5,3.2188758248682006,1,0,1,0,0,0,0,1,0,1,0,1,1,0,1,0,1,1,1,2,0,2197.0
1053.0,27,1,1,0,0,0,0,0.4,0.375,2.772588722239781,1,0,0,0,0,0,0,1,0,1,0,0,1,0,1,0,1,0,0,1,0,1053.0
3235.0,26,1,1,0,0,0,0,0.2,0.75,3.2188758248682006,0,0,0,1,0,0,1,1,0,1,0,1,1,0,1,0,1,1,1,1,1,3235.0
939.0,28,3,0,0,0,0,0,0.2,0.625,2.5649493574615367,0,0,1,0,0,0,0,1,0,1,0,0,1,0,1,0,1,1,1,1,0,939.0
1967.0,20,1,1,0,0,0,0,0.2,0.625,3.2188758248682006,1,0,0,1,0,0,0,0,0,1,0,1,1,0,1,0,1,1,1,0,0,1967.0
7253.0,35,2,1,1,0,1,1,0.6,0.375,3.5263605246161616,1,0,1,0,0,0,1,1,0,1,0,1,1,0,1,0,1,1,1,1,2,7253.0
2292.0,42,2,0,0,0,0,1,0.5,0.5,2.5649493574615367,1,0,0,0,0,0,0,1,0,1,0,1,0,1,1,0,1,1,1,2,0,2292.0
1597.0,40,1,1,0,0,0,0,0.3,0.375,2.3978952727983707,0,0,1,0,0,0,1,1,0,1,1,0,1,0,0,1,0,0,0,2,0,1597.0
1381.0,35,1,0,0,0,0,0,0.3,0.5,3.2188758248682006,1,0,1,0,0,0,0,0,0,1,0,1,1,0,1,0,1,0,1,1,0,1381.0
5842.0,35,2,1,1,0,1,1,0.6,0.5,3.6109179126442243,1,0,0,1,0,1,0,1,0,1,0,1,1,0,1,0,1,1,1,1,2,5842.0
2579.0,33,1,0,0,0,0,0,0.4,0.5,2.5649493574615367,1,0,0,0,0,0,0,1,0,1,0,0,1,0,1,0,0,0,1,1,1,2579.0
8471.0,23,2,1,0,0,0,1,0.5,0.25,2.9444389791664403,1,0,1,0,1,0,0,0,0,1,0,1,1,0,0,1,1,1,1,0,3,4235.5
2782.0,31,1,1,0,0,0,0,0.3,0.625,3.091042453358316,0,0,1,0,1,0,0,0,0,1,0,1,0,0,1,0,1,0,1,1,1,1391.0
1042.0,33,1,0,0,0,0,0,0.2,0.5,2.9444389791664403,1,0,1,0,0,0,0,0,0,1,0,1,1,0,1,0,1,0,1,1,0,1042.0
3186.0,20,1,1,0,0,0,0,0.3,0.5,2.772588722239781,0,0,1,0,0,1,0,0,0,1,0,1,1,0,0,1,1,0,1,0,1,3186.0
2028.0,30,1,1,0,0,0,0,0.2,0.5,2.5649493574615367,1,0,1,0,0,0,0,1,0,1,0,1,1,0,1,0,1,0,1,1,0,2028.0
958.0,47,2,1,0,0,0,0,0.3,0.5,2.5649493574615367,1,0,1,0,0,1,0,1,0,1,0,0,1,0,1,0,0,0,1,3,0,958.0
1591.0,34,2,1,0,0,0,1,0.3,0.375,3.091042453358316,0,1,1,0,0,0,0,1,0,1,0,0,1,0,1,0,1,0,1,1,0,1591.0
2762.0,25,1,0,0,0,0,0,0.3,0.625,2.5649493574615367,1,0,0,1,1,0,0,0,0,1,0,1,0,0,1,0,1,1,1,0,1,1381.0
2779.0,21,1,1,0,0,0,0,0.3,0.375,2.9444389791664403,1,0,1,0,1,0,0,1,0,1,0,1,1,0,0,1,1,1,1,0,1,1389.5
2743.0,29,2,1,0,0,0,1,0.5,0.5,3.367295829986474,1,0,0,1,0,0,0,1,0,1,0,1,1,0,1,0,1,0,1,1,1,2743.0
1149.0,46,2,1,0,0,0,1,0.3,0.625,2.9444389791664403,0,0,1,0,0,0,0,1,0,1,0,0,1,0,1,0,1,0,1,3,0,1149.0
1313.0,20,1,1,0,0,0,0,0.3,0.625,2.302585092994046,1,0,0,1,1,0,0,1,0,1,0,1,1,0,1,0,1,0,1,0,0,656.5
1190.0,55,3,0,0,0,0,1,0.4,0.25,2.9444389791664403,1,0,0,0,0,1,0,0,0,1,1,0,1,0,0,0,0,0,1,3,0,1190.0
3448.0,74,1,1,0,0,0,0,0.2,0.625,1.791759469228055,1,0,1,0,1,0,0,1,0,1,0,0,1,0,1,0,0,0,1,4,1,1724.0
11328.0,29,2,0,0,0,0,0,0.4,0.5,3.2188758248682006,1,0,1,0,0,1,0,1,0,0,0,1,0,0,1,0,1,1,1,1,4,11328.0
1872.0,36,3,1,0,0,0,1,0.5,0.125,1.9459101490553132,1,0,0,0,0,0,0,1,0,1,1,0,1,0,0,0,1,1,1,2,0,1872.0
2058.0,33,2,1,0,0,0,1,0.3,0.375,3.2188758248682006,1,0,1,0,0,0,0,1,0,1,0,0,1,0,1,0,1,1,1,1,0,2058.0
2136.0,25,1,1,0,0,0,0,0.3,0.5,2.302585092994046,1,0,1,0,0,0,1,1,0,1,0,0,1,0,1,0,1,0,1,0,0,2136.0
1484.0,25,1,0,0,0,0,0,0.2,0.5,2.5649493574615367,1,0,1,0,0,1,0,1,0,1,0,0,1,0,1,0,1,1,1,0,0,1484.0
660.0,23,1,1,0,0,0,0,0.2,0.5,1.9459101490553132,0,0,1,0,0,1,0,1,0,1,0,0,1,0,0,1,0,0,1,0,0,660.0
1287.0,37,2,1,0,0,0,1,0.3,0.625,3.2188758248682006,0,0,0,1,0,0,0,0,0,1,0,0,1,0,1,0,1,1,1,2,0,1287.0
3394.0,65,2,1,0,0,0,1,0.6,0.5,3.7612001156935624,1,0,0,0,0,0,0,1,0,0,0,1,1,0,1,0,0,0,1,4,1,3394.0
609.0,26,1,0,0,0,0,0,0.2,0.625,2.5649493574615367,1,0,0,0,0,0,0,0,0,1,0,0,1,0,1,0,0,0,1,1,0,609.0
1884.0,39,1,1,0,0,0,0,0.3,0.75,2.5649493574615367,1,0,0,1,0,0,0,1,0,1,0,1,1,0,1,0,1,1,1,2,0,1884.0
1620.0,30,1,1,0,0,0,0,0.4,0.5,2.5649493574615367,1,0,1,0,0,1,0,0,0,0,0,1,1,0,1,0,1,0,1,1,0,1620.0
2629.0,29,2,1,0,0,0,0,0.3,0.375,3.044522437723423,1,0,1,0,0,1,0,1,0,1,0,1,0,0,1,0,1,1,1,1,1,2629.0
719.0,41,1,0,0,0,0,0,0.3,0.75,2.5649493574615367,1,0,0,1,0,0,0,1,0,1,0,1,0,0,1,0,0,0,1,2,0,719.0
5096.0,30,1,0,0,0,1,0,0.5,0.375,3.8918202981106265,1,0,1,0,0,1,0,0,0,1,0,1,1,0,1,0,1,1,1,1,2,5096.0
1244.0,41,2,1,0,0,0,1,0.4,0.5,2.302585092994046,1,0,0,1,0,0,0,0,0,1,0,1,1,0,0,1,0,0,1,2,0,1244.0
1842.0,34,1,0,0,0,0,0,0.5,0.5,3.6109179126442243,1,0,0,0,0,0,0,0,0,1,0,1,1,0,1,0,1,1,1,1,0,1842.0
2576.0,35,1,1,0,0,0,0,0.2,0.5,2.0794415416798357,1,0,1,0,0,1,0,1,1,0,0,0,1,0,1,0,1,0,1,1,1,2576.0
1424.0,55,1,1,0,0,0,0,0.2,0.875,2.5649493574615367,1,0,0,1,0,0,1,0,0,1,0,0,1,0,1,0,1,1,1,3,0,1424.0
1512.0,61,2,0,0,0,0,0,0.2,0.625,2.772588722239781,0,0,1,0,0,0,1,1,0,1,0,1,0,1,1,0,1,0,1,4,0,1512.0
11054.0,30,1,1,1,0,1,1,0.6,0.375,3.6109179126442243,1,0,1,0,0,0,0,1,0,1,0,1,1,0,1,0,1,1,1,1,4,11054.0
518.0,29,1,1,0,0,0,0,0.3,0.5,1.9459101490553132,1,0,1,0,0,0,1,0,0,1,0,0,1,0,1,0,1,0,1,1,0,518.0
2759.0,34,2,1,0,0,0,1,0.4,0.5,2.5649493574615367,1,0,0,1,0,1,0,1,0,1,0,1,1,0,1,0,1,0,1,1,1,2759.0
2670.0,35,1,1,0,0,0,0,0.3,0.625,3.2188758248682006,1,0,0,1,0,0,0,1,0,1,0,1,1,0,1,0,1,1,1,1,1,2670.0
4817.0,31,1,0,0,0,0,0,0.5,0.5,3.2188758248682006,1,0,1,0,0,1,0,1,0,0,0,1,1,0,1,0,1,1,1,1,1,4817.0
2679.0,29,1,1,0,0,0,0,0.4,0.375,3.2188758248682006,1,0,0,0,0,0,0,0,0,1,1,0,1,0,1,0,1,1,1,1,1,2679.0
3905.0,36,2,1,0,0,0,1,0.5,0.25,2.4849066497880004,1,0,1,0,0,1,0,1,0,1,0,0,1,0,0,1,1,0,1,2,1,3905.0
3386.0,35,1,0,0,0,0,0,0.3,0.375,2.5649493574615367,1,0,0,1,0,0,1,1,0,1,1,0,1,0,0,0,1,1,1,1,1,3386.0
343.0,27,1,1,0,0,0,0,0.4,0.5,1.9459101490553132,1,0,0,0,0,0,0,0,0,1,0,0,1,0,1,0,1,0,1,1,0,343.0
4594.0,32,1,1,0,0,0,0,0.5,0.5,2.9444389791664403,1,0,0,0,0,0,1,1,0,1,0,1,1,0,1,0,1,1,1,1,1,4594.0
3620.0,37,1,1,0,0,0,0,0.4,0.5,3.6109179126442243,1,0,1,0,1,0,0,1,1,0,0,1,1,0,1,0,1,0,1,2,1,1810.0
1721.0,36,1,1,0,0,0,0,0.4,0.5,2.772588722239781,1,0,0,0,0,1,0,1,0,1,0,0,1,0,1,0,1,0,1,2,0,1721.0
3017.0,34,1,1,0,0,0,0,0.4,0.375,2.5649493574615367,1,0,0,0,0,0,1,0,0,1,0,0,1,0,0,1,1,0,1,1,1,3017.0
754.0,38,2,1,0,0,0,0,0.1,0.75,2.5649493574615367,1,0,0,1,0,0,0,1,0,1,0,1,1,0,1,0,1,0,1,2,0,754.0
1950.0,34,2,1,0,0,0,0,0.3,0.5,2.9444389791664403,1,0,1,0,0,0,0,1,0,1,0,1,0,1,1,0,1,1,1,1,0,1950.0
2924.0,63,1,1,0,0,0,0,0.4,0.5,3.2188758248682006,1,0,1,0,0,0,1,1,1,0,1,0,0,0,1,0,1,1,1,4,1,2924.0
1659.0,29,1,0,0,0,0,1,0.6,0.25,3.2188758248682006,1,0,0,0,0,0,0,0,0,1,0,1,1,0,0,1,0,1,1,1,0,1659.0
7238.0,32,2,1,0,0,1,1,0.7,0.5,3.8918202981106265,1,0,0,1,0,0,1,1,0,1,0,1,0,0,1,0,1,0,1,1,2,7238.0
2764.0,26,2,1,0,0,0,1,0.4,0.375,3.5263605246161616,1,0,1,0,0,1,0,0,0,1,0,1,1,0,1,0,1,1,1,1,1,2764.0
4679.0,35,2,1,0,0,0,1,0.5,0.375,3.2188758248682006,1,0,1,0,0,0,1,1,0,1,0,1,1,0,1,0,0,1,1,1,1,4679.0
3092.0,22,1,0,0,0,0,0,0.3,0.375,3.2188758248682006,0,1,0,0,0,0,1,1,0,1,0,1,1,0,0,1,1,1,1,0,1,3092.0
448.0,23,1,0,0,0,0,0,0.3,0.5,1.9459101490553132,1,0,0,0,0,0,0,0,0,1,0,1,1,0,1,0,1,0,1,0,0,448.0
654.0,28,1,0,0,0,0,0,0.3,0.5,2.302585092994046,1,0,1,0,0,0,0,1,0,1,0,1,1,0,1,0,0,0,1,1,0,654.0
1238.0,36,1,1,0,0,0,0,0.3,0.5,1.9459101490553132,1,0,0,0,0,0,0,1,0,1,0,1,1,0,1,0,1,1,1,2,0,1238.0
1245.0,33,1,0,0,0,0,0,0.3,0.375,2.9444389791664403,1,0,1,0,0,0,0,1,0,1,0,1,1,0,1,0,1,0,1,1,0,1245.0
3114.0,26,1,0,0,0,0,1,0.6,0.25,2.9444389791664403,1,0,0,0,1,0,0,0,0,1,0,1,1,0,0,1,1,0,1,1,1,1557.0
2569.0,24,1,1,0,0,0,0,0.3,0.625,3.6888794541139363,0,0,1,0,0,0,0,1,0,1,0,1,1,0,1,0,1,0,1,0,1,2569.0
5152.0,25,1,1,0,0,0,0,0.4,0.625,3.2188758248682006,1,0,1,0,0,0,0,1,0,1,0,1,0,0,1,0,1,0,1,0,2,5152.0
1037.0,39,1,1,0,0,0,0,0.0,0.625,2.5649493574615367,0,1,1,0,0,0,1,1,0,1,0,0,1,0,1,0,0,0,1,2,0,1037.0
1478.0,44,2,1,0,0,0,1,0.4,0.625,2.772588722239781,1,0,0,1,0,0,0,1,0,1,0,1,1,0,1,0,1,1,1,2,0,1478.0
3573.0,23,1,1,0,0,0,0,0.3,0.375,2.5649493574615367,1,0,1,0,1,0,0,0,0,1,0,0,1,0,1,0,0,0,1,0,1,1786.5
1201.0,26,1,1,0,0,0,0,0.3,0.5,3.2188758248682006,1,0,0,0,0,0,0,1,0,1,0,1,1,0,1,0,1,0,1,1,0,1201.0
3622.0,57,2,1,0,0,0,0,0.4,0.75,3.4339872044851463,0,0,0,1,0,0,0,0,0,1,0,1,1,0,0,1,1,1,1,4,1,3622.0
960.0,30,2,1,0,0,0,1,0.3,0.5,2.772588722239781,0,0,1,0,0,0,1,0,0,1,0,1,1,0,1,0,1,0,1,1,0,960.0
1163.0,44,1,1,0,0,0,1,0.3,0.625,2.5649493574615367,0,0,1,0,0,0,0,1,0,1,0,0,1,0,1,0,1,1,1,2,0,1163.0
1209.0,47,1,0,0,0,0,0,0.4,0.5,1.9459101490553132,1,0,0,0,0,0,0,1,0,1,0,1,1,0,1,0,1,1,1,3,0,1209.0
3077.0,52,1,1,0,0,0,0,0.3,0.625,2.5649493574615367,1,0,1,0,0,1,0,1,0,1,0,1,1,0,1,0,1,1,1,3,1,3077.0
3757.0,62,1,1,0,0,0,0,0.4,0.5,3.2188758248682006,1,0,0,1,0,0,0,0,0,0,1,0,1,0,0,0,1,1,1,4,1,3757.0
1418.0,35,1,1,0,0,0,0,0.3,0.25,2.3978952727983707,0,1,1,0,0,0,1,1,0,1,0,0,1,0,0,1,0,0,0,1,0,1418.0
3518.0,26,1,1,0,0,0,0,0.4,0.375,1.9459101490553132,1,0,1,0,0,1,0,1,1,0,0,1,1,0,0,1,1,0,1,1,1,3518.0
1934.0,26,2,1,0,0,0,1,0.4,0.375,2.5649493574615367,1,0,0,1,0,1,0,1,0,1,1,0,1,0,1,0,1,0,1,1,0,1934.0
8318.0,42,2,0,0,0,1,0,0.4,0.375,3.332204510175204,1,0,0,1,0,1,0,0,0,1,1,0,1,0,0,0,1,1,1,2,3,8318.0
1237.0,27,2,1,0,0,0,1,0.3,0.375,1.9459101490553132,0,1,1,0,1,0,0,0,0,1,0,1,1,0,1,0,1,0,1,1,0,618.5
368.0,38,1,1,0,0,0,0,0.2,0.75,1.9459101490553132,1,0,0,1,0,0,0,1,0,1,0,1,1,0,1,0,1,0,1,2,0,368.0
2122.0,39,2,1,0,1,0,1,0.5,0.25,2.5649493574615367,1,0,1,0,0,0,1,1,0,1,0,0,1,0,0,1,0,0,0,2,0,2122.0
2996.0,20,1,0,0,0,0,0,0.3,0.5,3.2188758248682006,1,0,1,0,0,1,0,1,0,1,0,1,1,0,1,0,1,0,1,0,1,2996.0
9034.0,29,1,0,0,0,1,0,0.6,0.25,3.6109179126442243,0,1,0,0,0,0,0,1,0,0,1,0,1,0,0,1,1,1,1,1,3,9034.0
1585.0,40,2,1,0,0,0,1,0.4,0.5,3.2188758248682006,1,0,1,0,0,0,0,1,0,1,0,1,1,0,1,0,1,0,1,2,0,1585.0
1301.0,32,1,1,0,0,0,0,0.2,0.625,2.9444389791664403,1,0,0,1,0,0,0,1,1,0,0,0,1,0,1,0,0,0,1,1,0,1301.0
1323.0,28,2,1,0,0,0,0,0.2,0.625,1.9459101490553132,0,1,0,1,0,1,0,1,0,1,0,1,1,0,1,0,1,1,1,1,0,1323.0
3123.0,27,1,0,0,0,0,0,0.4,0.5,3.2188758248682006,1,0,0,0,0,0,0,0,0,1,0,1,1,0,1,0,1,0,1,1,1,3123.0
5493.0,42,1,1,0,0,1,0,0.5,0.5,3.6109179126442243,1,0,0,1,0,1,0,1,0,1,1,0,1,0,0,0,1,0,1,2,2,5493.0
1126.0,49,1,1,0,0,0,0,0.1,0.875,2.302585092994046,0,1,0,1,0,1,0,1,0,1,0,0,1,0,1,0,1,0,1,3,0,1126.0
1216.0,38,2,0,0,0,0,0,0.4,0.375,3.2188758248682006,0,1,0,0,0,0,0,1,0,1,1,0,0,0,1,0,1,0,1,2,0,1216.0
1207.0,24,1,0,0,0,0,0,0.5,0.375,3.2188758248682006,1,0,0,0,0,0,0,0,0,1,0,1,1,0,0,1,1,0,1,0,0,1207.0
1309.0,27,1,0,0,0,0,0,0.3,0.5,2.3978952727983707,1,0,1,0,0,0,0,1,1,0,0,1,1,0,1,0,0,0,1,1,0,1309.0
2360.0,36,1,1,0,0,0,0,0.2,0.625,2.772588722239781,0,0,1,0,0,1,0,1,0,1,0,1,1,0,1,0,1,1,1,2,0,2360.0
6850.0,34,1,0,0,0,0,0,0.3,0.5,2.772588722239781,0,1,0,0,1,0,0,1,0,1,0,1,1,0,1,0,1,1,1,1,2,3425.0
1413.0,28,1,1,0,0,0,0,0.3,0.5,3.2188758248682006,1,0,1,0,0,0,0,1,0,1,0,1,1,0,1,0,1,0,1,1,0,1413.0
8588.0,45,1,1,0,0,1,0,0.4,0.75,3.6888794541139363,0,1,0,1,0,0,0,1,0,1,0,1,1,0,1,0,1,1,1,2,3,8588.0
759.0,26,1,0,0,0,0,0,0.3,0.5,2.5649493574615367,1,0,1,0,0,0,0,1,0,1,0,0,1,0,1,0,1,0,1,1,0,759.0
4686.0,32,1,1,0,0,1,0,0.5,0.25,3.6109179126442243,1,0,1,0,0,1,0,1,0,1,1,0,1,0,0,0,1,1,1,1,1,4686.0
2687.0,26,1,1,0,0,0,0,0.2,0.5,2.772588722239781,1,0,1,0,0,1,0,1,0,1,0,1,1,0,0,1,1,1,1,1,1,2687.0
585.0,20,2,1,0,0,0,0,0.5,0.25,2.5649493574615367,1,0,1,0,0,0,0,1,0,0,0,0,1,0,0,1,1,0,1,0,0,585.0
2255.0,54,1,1,0,0,0,0,0.4,0.625,3.2188758248682006,1,0,0,0,0,0,0,1,0,1,0,1,1,0,1,0,1,0,1,3,0,2255.0
609.0,37,2,1,0,1,0,1,0.4,0.25,1.9459101490553132,1,0,1,0,0,0,0,0,0,1,0,1,1,0,1,0,1,0,0,2,0,609.0
1361.0,40,1,1,0,1,0,1,0.5,0.375,1.9459101490553132,1,0,0,0,0,1,0,1,0,1,0,0,1,0,1,0,0,0,0,2,0,1361.0
7127.0,23,2,0,1,0,1,1,0.8,0.25,3.6109179126442243,1,0,0,0,0,1,0,0,0,1,0,1,1,0,0,1,1,1,1,0,2,7127.0
1203.0,43,1,1,0,0,0,0,0.2,0.75,1.9459101490553132,0,1,0,1,0,0,1,1,0,1,0,1,1,0,1,0,1,1,1,2,0,1203.0
700.0,36,2,1,0,0,0,1,0.4,0.25,1.9459101490553132,1,0,0,1,0,0,0,1,0,1,1,0,1,0,0,0,1,0,1,2,0,700.0
5507.0,44,2,1,0,0,0,1,0.4,0.375,3.2188758248682006,1,0,0,1,0,0,1,1,0,1,1,0,1,0,0,0,1,0,1,2,2,5507.0
3190.0,24,1,0,0,0,0,0,0.3,0.5,2.9444389791664403,1,0,1,0,0,1,0,0,0,1,0,0,1,0,1,0,1,0,1,0,1,3190.0
7119.0,53,2,0,0,0,1,1,0.6,0.25,3.8918202981106265,1,0,1,0,0,0,1,1,0,1,1,0,1,0,0,0,1,0,1,3,2,7119.0
3488.0,23,1,1,0,0,0,0,0.2,0.5,3.2188758248682006,0,1,1,0,0,0,1,0,0,1,0,1,1,0,1,0,1,0,1,0,1,3488.0
1113.0,26,1,1,0,0,0,0,0.2,0.5,2.9444389791664403,1,0,1,0,0,0,0,0,1,0,0,0,1,0,1,0,0,0,1,1,0,1113.0
7966.0,30,2,1,0,0,1,0,0.5,0.5,3.295836866004329,1,0,0,0,0,1,0,1,0,1,0,1,1,0,1,0,1,0,1,1,3,7966.0
1532.0,31,1,1,0,0,0,1,0.2,0.375,2.772588722239781,0,1,1,0,0,0,0,0,0,1,0,1,1,0,1,0,1,0,1,1,0,1532.0
1503.0,42,2,1,0,0,0,1,0.4,0.5,1.6094379124341003,1,0,1,0,0,1,0,1,0,1,0,0,1,0,1,0,0,0,1,2,0,1503.0
2302.0,31,1,0,0,0,0,0,0.5,0.375,3.6109179126442243,1,0,1,0,0,0,0,1,0,1,0,1,1,0,0,1,1,0,1,1,0,2302.0
662.0,41,1,1,0,0,0,0,0.4,0.625,1.9459101490553132,1,0,0,0,0,0,1,1,0,1,0,0,1,0,1,0,0,1,1,2,0,662.0
2273.0,32,2,1,0,0,0,0,0.2,0.5,3.6109179126442243,1,0,1,0,0,0,1,1,0,1,0,1,1,0,1,0,1,0,1,1,0,2273.0
2631.0,28,2,0,0,0,0,0,0.2,0.375,2.772588722239781,0,1,1,0,0,1,0,0,0,1,0,1,1,0,0,1,1,1,1,1,1,2631.0
1503.0,41,1,1,0,0,0,1,0.5,0.375,2.5649493574615367,1,0,1,0,0,0,0,1,0,1,0,0,1,0,0,1,1,0,1,2,0,1503.0
1311.0,26,1,1,0,0,0,0,0.2,0.5,3.2188758248682006,0,1,1,0,0,0,0,1,0,1,0,1,1,0,1,0,1,1,1,1,0,1311.0
3105.0,25,2,1,0,0,0,0,0.4,0.5,3.2188758248682006,1,0,0,0,0,0,0,1,0,1,0,1,1,0,1,0,1,0,1,0,1,3105.0
2319.0,33,1,0,0,0,0,0,0.4,0.375,3.091042453358316,1,0,0,0,0,1,0,1,0,1,0,1,1,0,0,1,1,0,1,1,0,2319.0
1374.0,75,1,1,0,0,0,0,0.4,0.625,1.9459101490553132,1,0,0,0,0,0,0,0,0,1,0,1,1,0,1,0,1,1,1,4,0,1374.0
3612.0,37,1,1,0,0,0,0,0.3,0.5,2.9444389791664403,1,0,0,1,0,0,1,0,0,1,0,1,1,0,1,0,1,1,1,2,1,3612.0
7763.0,42,1,0,0,0,1,0,0.6,0.5,3.8918202981106265,1,0,0,1,0,0,0,1,0,1,1,0,0,0,0,0,1,0,1,2,3,7763.0
3049.0,45,1,1,0,0,0,0,0.4,0.75,2.9444389791664403,1,0,0,0,1,0,0,0,0,1,0,1,0,1,1,0,0,0,1,2,1,1524.5
1534.0,23,1,0,0,0,0,0,0.4,0.375,2.5649493574615367,1,0,0,0,1,0,0,1,0,1,0,0,1,0,0,1,1,0,1,0,0,767.0
2032.0,60,2,1,0,0,0,1,0.4,0.375,3.2188758248682006,1,0,0,1,0,0,0,1,0,1,1,0,1,0,0,0,1,1,1,4,0,2032.0
6350.0,31,1,0,0,0,1,0,0.5,0.625,3.4339872044851463,1,0,0,1,0,0,0,1,0,1,0,1,1,0,1,0,1,0,1,1,2,6350.0
2864.0,34,1,0,0,0,0,0,0.2,0.625,2.9444389791664403,1,0,1,0,0,1,0,1,0,1,0,0,1,0,1,0,0,0,1,1,1,2864.0
1255.0,61,2,1,0,0,0,1,0.4,0.625,2.5649493574615367,1,0,0,1,0,0,0,1,0,1,0,0,1,0,1,0,0,0,1,4,0,1255.0
1333.0,43,2,0,0,0,0,1,0.5,0.375,3.2188758248682006,1,0,0,0,0,0,0,1,0,1,0,0,1,0,0,0,1,0,1,2,0,1333.0
2022.0,37,1,1,0,0,0,1,0.4,0.375,3.2188758248682006,1,0,1,0,0,0,0,0,0,1,0,1,1,0,1,0,1,1,1,2,0,2022.0
1552.0,32,1,1,0,0,0,0,0.4,0.5,3.2188758248682006,1,0,1,0,0,0,1,1,0,1,0,1,0,0,1,0,1,0,1,1,0,1552.0
626.0,24,1,0,0,0,0,0,0.4,0.5,2.5649493574615367,1,0,1,0,0,0,0,0,0,1,0,0,0,0,1,0,0,0,1,0,0,626.0
8858.0,35,2,1,1,0,1,1,0.6,0.125,3.8918202981106265,1,0,1,0,0,1,0,1,0,1,1,0,1,0,0,0,1,1,1,1,3,8858.0
996.0,23,2,1,0,0,0,1,0.3,0.375,2.5649493574615367,1,0,1,0,0,0,0,0,0,1,0,0,1,0,1,0,1,0,1,0,0,996.0
1750.0,45,1,1,0,0,0,0,0.3,0.875,1.9459101490553132,0,0,0,1,0,1,0,1,0,1,0,1,0,0,1,0,0,0,1,2,0,1750.0
6999.0,34,2,0,0,0,1,0,0.5,0.5,3.8918202981106265,1,0,1,0,1,0,0,1,1,0,0,0,1,0,1,0,1,1,1,1,2,3499.5
1995.0,27,1,1,0,0,0,0,0.3,0.375,2.5649493574615367,0,1,0,0,0,0,0,1,0,1,0,1,1,0,1,0,1,0,1,1,0,1995.0
1199.0,67,2,1,0,0,0,0,0.1,0.625,2.302585092994046,1,0,1,0,0,0,0,0,0,1,0,1,1,0,1,0,1,1,1,4,0,1199.0
1331.0,22,1,0,0,0,0,0,0.4,0.5,2.5649493574615367,1,0,0,0,0,1,0,1,0,1,0,1,0,1,1,0,1,0,1,0,0,1331.0
2278.0,28,2,0,0,0,0,0,0.3,0.375,2.9444389791664403,0,1,0,0,0,0,1,0,0,1,0,1,1,0,1,0,1,0,1,1,0,2278.0
5003.0,29,2,0,0,0,0,1,0.6,0.375,3.091042453358316,1,0,1,0,1,0,0,0,0,1,0,1,0,0,1,0,1,1,1,1,2,2501.5
3552.0,27,1,0,0,0,0,0,0.4,0.5,3.2188758248682006,1,0,1,0,0,0,1,1,0,1,0,1,0,0,1,0,1,0,1,1,1,3552.0
1928.0,31,2,0,0,0,0,0,0.4,0.375,2.9444389791664403,1,0,0,0,0,1,0,1,0,1,0,0,1,0,1,0,0,0,1,1,0,1928.0
2964.0,49,1,1,0,0,0,0,0.4,0.5,3.2188758248682006,1,0,0,1,0,0,0,1,0,1,1,0,0,0,0,0,1,1,1,3,1,2964.0
1546.0,24,1,0,0,0,0,0,0.5,0.375,3.2188758248682006,1,0,1,0,0,0,0,1,1,0,0,1,0,0,0,1,0,0,1,0,0,1546.0
683.0,29,1,1,0,0,0,0,0.5,0.5,1.9459101490553132,1,0,0,0,0,1,0,0,0,1,0,1,0,0,1,0,1,0,1,1,0,683.0
11792.5,37,1,0,0,0,1,0,0.4,0.25,3.6109179126442243,1,0,1,0,1,0,0,1,0,1,1,0,1,0,0,0,1,1,1,2,4,5896.25
4712.0,37,2,1,0,0,0,0,0.4,0.375,3.2188758248682006,1,0,1,0,0,0,0,1,0,1,0,1,0,0,1,0,1,1,1,2,1,4712.0
1553.0,23,2,1,0,0,0,0,0.3,0.25,3.2188758248682006,0,1,1,0,0,0,1,0,0,1,0,1,1,0,0,1,1,1,1,0,0,1553.0
1372.0,36,1,0,0,0,0,0,0.3,0.5,2.5649493574615367,1,0,1,0,0,1,0,1,0,1,0,1,1,0,1,0,1,0,1,2,0,1372.0
2578.0,34,1,1,0,0,0,1,0.3,0.625,3.2188758248682006,0,0,0,1,0,1,0,1,0,1,0,1,1,0,1,0,1,0,1,1,1,2578.0
3979.0,41,2,1,0,0,1,0,0.4,0.625,3.8918202981106265,1,0,1,0,0,0,0,1,0,1,0,1,1,0,1,0,1,1,1,2,1,3979.0
6758.0,31,1,0,0,0,1,0,0.5,0.5,3.8918202981106265,1,0,1,0,0,0,1,0,0,1,0,1,1,0,1,0,1,1,1,1,2,6758.0
3234.0,23,1,0,0,0,0,0,0.5,0.375,3.2188758248682006,1,0,0,0,0,0,0,0,0,1,0,0,1,0,0,1,0,1,1,0,1,3234.0
5954.0,38,1,1,1,0,1,1,0.7,0.5,3.4339872044851463,1,0,1,0,0,0,1,1,0,0,0,1,1,0,1,0,1,0,1,2,2,5954.0
5433.0,26,1,1,0,0,0,0,0.6,0.375,3.2188758248682006,1,0,0,0,0,1,0,0,0,1,0,1,1,0,0,1,1,1,1,1,2,5433.0
806.0,22,1,1,0,0,0,0,0.2,0.5,2.772588722239781,1,0,1,0,0,0,0,0,0,1,0,1,1,0,1,0,0,0,1,0,0,806.0
1082.0,27,2,1,0,0,0,0,0.2,0.625,2.302585092994046,1,0,0,1,0,0,0,1,0,1,0,1,1,0,1,0,0,0,1,1,0,1082.0
2788.0,24,2,1,0,0,0,1,0.6,0.375,2.772588722239781,1,0,1,0,0,1,0,0,0,0,0,1,0,0,1,0,1,0,1,0,1,2788.0
2930.0,27,1,1,0,0,0,0,0.2,0.5,2.5649493574615367,1,0,1,0,0,1,0,0,0,1,0,0,1,0,1,0,1,0,1,1,1,2930.0
1927.0,33,2,1,0,0,0,1,0.3,0.375,3.2188758248682006,1,0,1,0,0,0,1,0,0,1,0,1,1,0,1,0,1,1,1,1,0,1927.0
2820.0,27,2,0,0,0,0,0,0.5,0.375,3.6109179126442243,1,0,0,0,0,0,0,1,0,1,0,1,1,0,1,0,1,0,1,1,1,2820.0
937.0,27,2,1,0,0,0,0,0.3,0.5,3.2188758248682006,1,0,0,0,0,0,0,1,0,1,0,1,1,0,1,0,0,0,1,1,0,937.0
1056.0,30,2,0,0,0,0,0,0.4,0.5,2.9444389791664403,1,0,0,1,0,0,1,1,1,0,0,0,0,0,1,0,1,0,1,1,0,1056.0
3124.0,49,2,1,0,0,0,0,0.5,0.5,2.5649493574615367,1,0,0,0,1,0,0,1,0,1,0,0,0,0,1,0,0,0,1,3,1,1562.0
1388.0,26,1,1,0,0,0,0,0.4,0.375,2.302585092994046,1,0,1,0,0,0,0,0,0,1,0,0,1,0,0,1,1,0,1,1,0,1388.0
2384.0,33,1,0,0,0,0,0,0.4,0.25,3.6109179126442243,1,0,0,0,0,0,0,1,0,1,1,0,1,0,0,1,0,0,1,1,0,2384.0
2133.0,52,1,1,0,0,0,0,0.3,0.5,2.5649493574615367,1,0,0,1,0,0,0,0,0,1,1,0,1,0,0,0,1,1,1,3,0,2133.0
2039.0,20,1,0,0,0,0,0,0.5,0.375,2.9444389791664403,1,0,1,0,1,0,0,0,0,1,0,0,0,0,0,1,1,0,1,0,0,1019.5
2799.0,36,2,1,0,0,0,1,0.5,0.25,2.302585092994046,1,0,1,0,0,1,0,1,0,1,0,0,1,0,0,1,1,0,1,2,1,2799.0
1289.0,21,1,1,0,0,0,0,0.3,0.5,2.5649493574615367,1,0,1,0,0,0,0,1,1,0,0,1,1,0,1,0,0,0,1,0,0,1289.0
1217.0,47,1,0,0,0,0,0,0.3,0.625,2.9444389791664403,1,0,1,0,0,0,0,1,0,1,0,0,1,0,1,0,0,1,1,3,0,1217.0
2246.0,60,2,0,0,0,0,1,0.4,0.625,2.5649493574615367,1,0,0,1,0,0,1,1,0,1,0,1,1,0,1,0,1,0,1,4,0,2246.0
385.0,58,4,1,0,0,0,1,0.4,0.5,2.5649493574615367,1,0,1,0,0,0,0,0,0,1,0,0,1,0,1,0,0,1,1,4,0,385.0
1965.0,42,2,1,0,0,0,0,0.4,0.375,3.2188758248682006,1,0,1,0,0,0,0,0,0,1,0,1,1,0,0,1,1,1,1,2,0,1965.0
1572.0,36,1,1,0,0,0,0,0.2,0.75,3.091042453358316,0,0,0,1,0,0,0,0,0,1,0,0,0,0,1,0,0,0,1,2,0,1572.0
2718.0,20,1,0,0,0,0,0,0.3,0.375,3.2188758248682006,1,0,1,0,0,0,1,0,0,1,0,1,1,0,0,1,0,1,1,0,1,2718.0
1358.0,40,1,0,0,0,0,0,0.3,0.75,3.2188758248682006,1,0,0,1,0,0,0,1,0,1,0,1,0,1,1,0,1,1,1,2,0,1358.0
931.0,32,1,0,0,0,0,0,0.3,0.5,1.9459101490553132,0,1,0,0,1,0,0,0,0,1,0,1,0,1,1,0,0,0,1,1,0,465.5
1442.0,23,2,0,0,0,0,0,0.4,0.375,3.2188758248682006,1,0,1,0,0,0,0,0,0,1,0,1,1,0,0,1,1,0,1,0,0,1442.0
4241.0,36,3,0,0,0,0,0,0.3,0.375,3.2188758248682006,1,0,1,0,1,0,0,1,0,1,0,0,1,0,1,0,0,1,1,2,1,2120.5
2775.0,31,2,0,0,0,0,1,0.5,0.375,2.9444389791664403,1,0,1,0,0,1,0,1,0,1,0,1,0,0,1,0,1,0,1,1,1,2775.0
3863.0,32,1,1,0,0,0,1,0.3,0.125,3.2188758248682006,1,0,1,0,1,0,0,1,0,1,1,0,1,0,0,0,1,0,1,1,1,1931.5
2329.0,45,1,1,0,0,0,0,0.3,0.625,2.0794415416798357,1,0,0,0,1,0,0,0,1,0,0,0,1,0,1,0,1,0,1,2,0,1164.5
918.0,30,1,0,0,0,0,0,0.2,0.5,2.302585092994046,1,0,1,0,0,0,0,0,0,1,0,1,1,0,1,0,1,0,1,1,0,918.0
1837.0,34,1,0,0,0,0,0,0.2,0.25,3.2188758248682006,1,0,1,0,0,0,0,0,0,1,1,0,0,0,0,0,0,0,1,1,0,1837.0
3349.0,28,1,0,0,0,0,0,0.4,0.5,3.6109179126442243,1,0,1,0,0,0,0,0,0,1,0,1,1,0,1,0,1,1,1,1,1,3349.0
1275.0,23,1,1,0,0,0,0,0.3,0.625,2.3978952727983707,1,0,0,0,0,0,0,0,0,1,0,1,1,0,1,0,1,0,1,0,0,1275.0
2828.0,22,1,1,0,0,0,0,0.3,0.625,3.2188758248682006,0,0,1,0,0,0,0,1,0,1,0,0,0,1,1,0,1,1,1,0,1,2828.0
4526.0,74,1,1,0,0,0,1,0.4,0.5,3.2188758248682006,1,0,1,0,0,0,1,1,0,1,0,0,1,0,1,0,1,1,1,4,1,4526.0
2671.0,50,1,0,0,0,0,0,0.3,0.375,3.6109179126442243,0,1,1,0,0,0,0,0,0,0,1,0,1,0,0,0,1,0,1,3,1,2671.0
2051.0,33,1,1,0,0,0,0,0.4,0.5,2.9444389791664403,1,0,0,0,0,0,0,1,0,1,0,0,1,0,1,0,1,0,1,1,0,2051.0
1300.0,45,1,1,0,0,0,0,0.4,0.5,2.772588722239781,1,0,0,1,0,0,0,1,0,1,1,0,0,0,0,0,1,0,1,2,0,1300.0
741.0,22,1,0,0,0,0,0,0.3,0.5,2.5649493574615367,0,1,0,0,0,0,0,0,0,1,0,1,1,0,1,0,1,0,1,0,0,741.0
1240.0,48,1,0,0,0,0,0,0.1,0.625,2.3978952727983707,0,1,0,1,1,0,0,0,0,1,1,0,1,0,0,0,0,0,1,3,0,620.0
3357.0,29,1,1,0,0,0,0,0.4,0.625,3.091042453358316,0,0,0,0,0,0,0,0,0,1,0,1,0,0,1,0,1,0,1,1,1,3357.0
3632.0,22,1,1,0,0,0,0,0.5,0.25,3.2188758248682006,1,0,1,0,1,0,0,0,1,0,0,1,0,0,0,1,1,0,0,0,1,1816.0
1808.0,22,1,0,0,0,0,1,0.4,0.375,2.9444389791664403,1,0,1,0,0,0,0,0,0,1,0,0,1,0,1,0,1,0,1,0,0,1808.0
11792.5,48,1,1,0,0,1,0,0.5,0.5,3.8918202981106265,1,0,1,0,0,1,0,1,0,1,0,1,0,0,1,0,1,1,1,3,4,11792.5
9157.0,27,1,1,0,0,1,0,0.5,0.125,4.110873864173311,1,0,1,0,0,1,0,1,0,1,1,0,1,0,0,0,1,0,1,1,3,9157.0
3676.0,37,3,1,0,0,0,1,0.5,0.25,1.9459101490553132,1,0,1,0,1,0,0,1,0,1,0,0,1,0,0,1,1,0,1,2,1,1838.0
3441.0,21,1,0,0,0,0,0,0.4,0.375,3.4339872044851463,0,1,1,0,0,1,0,0,0,0,0,1,1,0,0,1,1,0,1,0,1,3441.0
640.0,49,1,1,0,0,0,0,0.3,0.625,2.5649493574615367,1,0,1,0,0,0,0,1,0,1,0,0,1,0,1,0,0,0,1,3,0,640.0
3652.0,27,2,1,0,0,0,0,0.2,0.375,3.091042453358316,1,0,1,0,0,1,0,1,0,1,0,1,1,0,1,0,1,0,1,1,1,3652.0
1530.0,32,2,0,0,0,0,1,0.5,0.375,2.9444389791664403,1,0,1,0,0,0,1,1,0,1,0,1,0,0,1,0,1,0,1,1,0,1530.0
3914.0,38,1,0,0,0,0,0,0.4,0.625,3.8918202981106265,1,0,1,0,0,0,0,1,0,1,0,0,0,0,1,0,1,0,1,2,1,3914.0
1858.0,22,1,1,0,0,0,0,0.5,0.375,2.5649493574615367,1,0,0,0,0,0,0,0,0,1,0,1,1,0,0,1,1,0,1,0,0,1858.0
2600.0,65,2,0,0,0,0,0,0.3,0.375,2.9444389791664403,1,0,1,0,0,0,0,1,0,1,1,0,1,0,0,0,1,0,1,4,1,2600.0
1979.0,35,1,1,0,0,0,0,0.3,0.625,2.772588722239781,1,0,0,1,0,0,0,1,0,1,0,1,1,0,1,0,1,0,1,1,0,1979.0
2116.0,41,1,1,0,0,0,0,0.2,0.75,1.9459101490553132,1,0,1,0,0,1,0,1,0,1,0,0,1,0,1,0,1,1,1,2,0,2116.0
1437.0,29,1,0,0,0,0,0,0.1,0.375,2.302585092994046,0,1,1,0,0,1,0,1,0,1,1,0,1,0,1,0,1,0,1,1,0,1437.0
4042.0,36,2,1,1,0,1,1,0.5,0.5,3.7612001156935624,0,0,1,0,0,0,0,1,0,1,0,0,1,0,1,0,1,1,1,2,1,4042.0
3832.0,64,1,1,0,0,0,0,0.2,0.75,2.302585092994046,1,0,0,1,1,0,0,1,0,1,0,0,1,0,1,0,0,0,1,4,1,1916.0
3660.0,28,1,1,0,0,0,0,0.3,0.5,3.2188758248682006,1,0,1,0,0,1,0,0,0,1,0,1,1,0,1,0,1,0,1,1,1,3660.0
1553.0,44,1,0,0,0,0,0,0.4,0.625,2.9444389791664403,1,0,1,0,0,0,0,1,0,1,0,1,0,0,1,0,1,0,1,2,0,1553.0
1444.0,23,1,1,0,0,0,0,0.3,0.5,2.772588722239781,1,0,0,0,0,0,0,1,0,1,0,1,1,0,1,0,1,0,1,0,0,1444.0
1980.0,19,2,0,0,0,0,0,0.6,0.375,2.302585092994046,1,0,0,0,0,1,0,0,0,0,0,1,1,0,0,1,1,0,1,0,0,1980.0
1355.0,25,1,0,0,0,0,0,0.3,0.5,3.2188758248682006,1,0,0,0,0,0,1,0,0,1,0,1,1,0,1,0,0,1,1,0,0,1355.0
1393.0,47,3,1,0,0,0,0,0.3,0.75,2.5649493574615367,1,0,0,1,0,0,0,1,0,1,0,1,0,0,1,0,1,1,1,3,0,1393.0
1376.0,28,1,1,0,0,0,0,0.2,0.625,3.2188758248682006,0,0,1,0,0,0,0,0,0,1,0,1,1,0,1,0,1,0,1,1,0,1376.0
11792.5,21,2,1,0,0,1,1,0.6,0.375,4.110873864173311,1,0,1,0,0,1,0,1,0,1,0,1,1,0,1,0,1,1,1,0,4,11792.5
1493.0,34,1,1,0,0,0,0,0.4,0.5,2.5649493574615367,1,0,0,0,0,0,0,0,0,1,0,1,1,0,1,0,1,0,1,1,0,1493.0
4370.0,26,2,0,0,0,1,1,0.7,0.375,3.7612001156935624,1,0,1,0,0,0,1,1,0,1,0,1,0,0,1,0,1,1,1,1,1,4370.0
750.0,27,1,0,0,0,0,0,0.3,0.5,2.9444389791664403,1,0,0,0,0,0,0,0,0,1,0,0,1,0,1,0,0,0,1,1,0,750.0
1308.0,38,2,1,0,0,0,0,0.1,0.75,2.772588722239781,1,0,0,1,0,0,0,1,0,1,0,1,1,0,1,0,0,0,1,2,0,1308.0
4623.0,40,1,0,0,0,0,0,0.2,0.625,2.772588722239781,0,1,1,0,0,0,1,1,0,1,0,1,1,0,1,0,1,1,1,2,1,4623.0
1851.0,33,2,1,0,0,0,1,0.4,0.375,3.2188758248682006,1,0,1,0,0,0,0,1,1,0,0,1,1,0,1,0,1,1,1,1,0,1851.0
1880.0,32,2,1,0,0,0,1,0.4,0.375,2.9444389791664403,1,0,1,0,0,0,0,1,0,1,0,1,1,0,1,0,1,1,1,1,0,1880.0
7980.0,27,2,0,0,0,1,1,0.7,0.25,3.6109179126442243,1,0,0,0,0,0,0,1,0,1,0,1,1,0,0,1,1,1,1,1,3,7980.0
4583.0,32,2,1,0,0,1,1,0.6,0.375,3.4339872044851463,1,0,1,0,0,1,0,1,1,0,0,0,1,0,1,0,1,0,1,1,1,4583.0
1386.0,26,1,0,0,0,0,0,0.2,0.625,2.5649493574615367,0,0,1,0,0,1,0,0,0,1,0,1,1,0,1,0,1,0,1,1,0,1386.0
947.0,38,1,0,0,0,0,0,0.3,0.5,3.2188758248682006,1,0,1,0,0,0,0,1,0,1,1,0,0,0,0,0,1,0,1,2,0,947.0
684.0,40,1,0,0,0,0,0,0.3,0.5,2.5649493574615367,1,0,1,0,0,0,0,1,0,1,0,1,1,0,0,1,0,0,1,2,0,684.0
7476.0,50,1,1,0,0,1,0,0.4,0.375,3.8918202981106265,1,0,1,0,0,0,0,1,0,1,1,0,1,0,0,0,1,1,1,3,2,7476.0
1922.0,37,1,0,0,0,0,0,0.2,0.5,2.5649493574615367,1,0,1,0,0,0,0,1,0,1,0,1,1,0,1,0,0,0,1,2,0,1922.0
2303.0,45,1,0,0,0,0,0,0.4,0.75,3.2188758248682006,1,0,0,1,0,0,0,1,0,0,0,0,1,0,1,0,1,0,1,2,0,2303.0
8086.0,42,4,0,0,0,1,0,0.4,0.625,3.6109179126442243,0,1,0,1,0,1,0,1,0,1,0,1,1,0,1,0,1,1,1,2,3,8086.0
2346.0,35,2,1,0,0,0,1,0.4,0.375,3.2188758248682006,1,0,1,0,0,0,0,1,0,1,0,1,1,0,1,0,1,1,1,1,0,2346.0
3973.0,22,1,1,0,0,0,0,0.5,0.25,2.70805020110221,1,0,0,0,1,0,0,1,0,1,1,0,1,0,0,0,1,0,1,0,1,1986.5
888.0,41,1,0,0,0,0,0,0.3,0.75,2.5649493574615367,1,0,0,1,0,0,0,1,0,1,0,1,0,0,1,0,0,0,1,2,0,888.0
10222.0,37,1,1,0,0,1,0,0.6,0.5,3.8918202981106265,1,0,1,0,0,0,0,1,0,1,0,1,0,1,1,0,1,1,1,2,4,10222.0
4221.0,28,2,1,0,0,1,0,0.4,0.375,3.4339872044851463,1,0,1,0,0,1,0,0,0,1,0,1,1,0,1,0,1,0,1,1,1,4221.0
6361.0,41,1,1,0,0,0,0,0.4,0.5,2.9444389791664403,1,0,0,1,0,1,0,1,0,1,1,0,1,0,1,0,1,1,1,2,2,6361.0
1297.0,23,1,1,0,0,0,0,0.3,0.5,2.5649493574615367,1,0,1,0,0,0,1,1,0,1,0,0,1,0,0,1,1,0,1,0,0,1297.0
900.0,23,1,0,0,0,0,0,0.3,0.5,2.5649493574615367,1,0,1,0,0,0,0,1,0,1,0,1,1,0,1,0,1,0,1,0,0,900.0
2241.0,50,2,1,0,0,0,0,0.3,0.75,3.091042453358316,1,0,0,1,0,0,0,1,0,1,0,0,1,0,1,0,1,0,1,3,0,2241.0
1050.0,35,2,1,0,0,0,0,0.5,0.375,1.9459101490553132,1,0,0,0,0,0,0,1,0,1,0,1,0,1,1,0,1,1,1,1,0,1050.0
1047.0,50,1,1,0,0,0,0,0.2,0.625,1.9459101490553132,1,0,1,0,0,1,0,0,0,1,0,1,1,0,1,0,0,0,1,3,0,1047.0
6314.0,27,2,1,0,0,0,1,0.7,0.25,3.2188758248682006,1,0,0,0,0,0,0,1,0,0,1,0,0,0,1,0,1,1,1,1,2,6314.0
3496.0,34,1,1,0,0,0,0,0.3,0.625,3.4339872044851463,0,0,1,0,0,0,0,1,0,1,0,1,0,1,1,0,1,1,1,1,1,3496.0
3609.0,27,1,1,0,0,0,0,0.4,0.5,3.8918202981106265,1,0,1,0,1,0,0,0,0,1,0,0,0,1,1,0,1,0,1,1,1,1804.5
4843.0,43,2,0,0,0,0,1,0.7,0.5,2.5649493574615367,1,0,0,1,0,0,1,1,0,0,0,1,1,0,0,1,1,1,1,2,1,4843.0
3017.0,47,1,1,0,0,0,0,0.4,0.75,3.4339872044851463,1,0,0,1,0,0,0,1,0,1,0,1,1,0,1,0,1,0,1,3,1,3017.0
4139.0,27,2,1,0,0,0,1,0.3,0.375,3.2188758248682006,0,1,1,0,0,0,1,1,0,1,0,1,1,0,1,0,0,1,1,1,1,4139.0
5742.0,31,2,1,0,0,1,0,0.3,0.5,3.6109179126442243,0,1,1,0,0,1,0,1,0,1,0,1,1,0,1,0,1,1,1,1,2,5742.0
10366.0,42,1,1,0,0,1,0,0.5,0.75,4.110873864173311,1,0,0,1,0,1,0,1,0,1,0,1,1,0,1,0,1,1,1,2,4,10366.0
2080.0,24,1,1,0,0,0,1,0.3,0.5,1.9459101490553132,0,0,1,0,1,0,0,1,0,1,0,1,1,0,1,0,1,0,1,0,0,1040.0
2580.0,41,1,0,0,0,0,1,0.4,0.625,3.091042453358316,0,0,0,0,0,0,0,1,0,1,0,0,0,0,1,0,0,0,1,2,1,2580.0
4530.0,26,1,1,1,0,1,1,0.7,0.25,3.4339872044851463,1,0,1,0,0,0,0,0,0,1,0,1,1,0,0,1,1,1,1,1,1,4530.0
5150.0,33,1,1,0,0,0,1,0.5,0.5,3.2188758248682006,1,0,0,1,0,0,0,1,0,1,0,1,1,0,1,0,1,1,1,1,2,5150.0
5595.0,24,1,0,0,0,1,0,0.3,0.5,4.110873864173311,0,1,1,0,0,1,0,1,0,1,0,1,1,0,1,0,1,0,1,0,2,5595.0
2384.0,64,1,1,0,0,0,0,0.5,0.625,3.2188758248682006,1,0,0,1,0,0,0,1,0,1,0,0,0,0,0,1,0,0,1,4,0,2384.0
1453.0,26,1,1,0,0,0,0,0.4,0.5,2.9444389791664403,1,0,0,0,0,0,1,0,0,1,0,0,1,0,1,0,1,0,1,1,0,1453.0
1538.0,56,1,1,0,0,0,0,0.3,0.5,1.9459101490553132,1,0,0,0,1,0,0,0,0,1,1,0,1,0,1,0,1,0,1,4,0,769.0
2279.0,37,1,1,0,0,0,0,0.3,0.25,2.5649493574615367,1,0,1,0,0,0,0,1,0,1,1,0,1,0,0,0,1,1,1,2,0,2279.0
1478.0,33,2,1,0,0,0,1,0.5,0.375,2.772588722239781,1,0,1,0,0,0,0,1,0,1,0,0,0,0,1,0,1,0,1,1,0,1478.0
5103.0,47,3,1,0,0,0,1,0.6,0.25,3.2188758248682006,1,0,0,0,0,0,1,1,0,1,1,0,1,0,0,0,1,1,1,3,2,5103.0
9857.0,31,2,1,0,0,1,0,0.3,0.375,3.6109179126442243,0,1,1,0,1,0,0,1,0,1,0,1,1,0,1,0,0,1,1,1,3,4928.5
6527.0,34,1,1,0,0,1,0,0.5,0.25,4.110873864173311,1,0,1,0,0,0,0,1,0,1,1,0,1,0,0,0,1,1,1,1,2,6527.0
1347.0,27,2,1,0,0,0,0,0.3,0.5,2.3978952727983707,1,0,1,0,0,0,0,1,0,1,0,1,1,0,1,0,1,1,1,1,0,1347.0
2862.0,30,1,1,0,0,0,0,0.3,0.25,3.6109179126442243,0,1,0,1,0,0,0,1,0,1,1,0,1,0,0,0,1,0,1,1,1,2862.0
2753.0,35,1,1,0,0,0,0,0.3,0.625,2.302585092994046,0,1,0,1,0,0,1,1,0,0,0,1,1,0,1,0,1,1,1,1,1,2753.0
3651.0,31,1,1,0,0,0,0,0.2,0.625,2.5649493574615367,0,0,1,0,1,0,0,1,0,1,0,1,1,0,1,0,1,0,1,1,1,1825.5
975.0,25,2,1,0,0,0,1,0.4,0.375,2.772588722239781,1,0,1,0,0,1,0,1,0,1,0,1,1,0,1,0,1,0,1,0,0,975.0
2631.0,25,1,1,0,0,0,0,0.0,0.5,2.772588722239781,0,1,1,0,0,0,1,0,0,1,0,0,1,0,1,0,0,0,1,0,1,2631.0
2896.0,29,1,1,0,0,0,0,0.2,0.5,3.2188758248682006,0,1,0,0,0,1,0,1,0,1,0,1,1,0,1,0,1,0,1,1,1,2896.0
4716.0,44,2,1,0,0,0,1,0.6,0.5,1.9459101490553132,1,0,0,0,1,0,0,1,0,1,0,0,1,0,1,0,0,0,1,2,1,2358.0
2284.0,28,1,1,0,0,0,0,0.3,0.5,3.2188758248682006,1,0,1,0,0,0,0,1,0,1,0,1,1,0,1,0,1,1,1,1,0,2284.0
1236.0,50,1,1,0,0,0,0,0.3,0.625,1.9459101490553132,0,0,1,0,0,1,0,1,0,1,0,1,1,0,0,1,1,0,1,3,0,1236.0
1103.0,29,2,1,0,0,0,0,0.2,0.375,2.5649493574615367,1,0,1,0,0,0,0,1,1,0,0,0,1,0,1,0,1,0,0,1,0,1103.0
926.0,38,1,1,0,0,0,1,0.5,0.5,2.5649493574615367,1,0,0,0,1,0,0,0,0,1,0,1,1,0,1,0,0,0,1,2,0,463.0
1800.0,24,2,1,0,0,0,1,0.4,0.375,2.9444389791664403,1,0,1,0,0,0,0,1,0,1,0,1,1,0,1,0,1,0,1,0,0,1800.0
1905.0,40,1,1,0,0,0,0,0.2,0.75,2.772588722239781,1,0,0,1,0,0,0,1,0,1,0,1,1,0,0,1,1,1,1,2,0,1905.0
1123.0,29,1,0,0,0,0,0,0.3,0.5,2.5649493574615367,0,0,1,0,0,0,0,0,0,1,0,1,1,0,0,1,0,0,1,1,0,1123.0
6331.0,46,2,0,1,0,1,1,0.6,0.375,3.8918202981106265,1,0,0,1,0,0,0,1,0,1,1,0,1,0,0,0,1,1,1,3,2,6331.0
1377.0,47,1,1,0,0,0,0,0.1,0.625,3.2188758248682006,0,1,0,1,0,0,0,0,0,1,1,0,1,0,0,0,1,1,1,3,0,1377.0
2503.0,41,2,1,0,0,0,0,0.3,0.625,3.4339872044851463,0,1,0,1,0,0,0,1,0,1,0,1,0,1,1,0,1,0,1,2,1,2503.0
2528.0,32,1,1,0,0,0,0,0.3,0.5,3.332204510175204,1,0,0,0,0,0,0,0,0,1,0,1,1,0,1,0,1,1,1,1,1,2528.0
5324.0,35,1,1,0,0,0,0,0.3,0.5,2.772588722239781,0,0,0,1,1,0,0,0,0,1,1,0,1,0,0,0,1,0,1,1,2,2662.0
6560.0,24,1,0,0,0,1,0,0.3,0.5,3.8918202981106265,0,1,1,0,0,0,1,1,0,1,0,1,1,0,1,0,1,0,1,0,2,6560.0
2969.0,25,2,0,0,0,0,0,0.5,0.25,2.5649493574615367,1,0,0,0,0,0,0,0,0,1,0,1,1,0,0,1,1,0,1,0,1,2969.0
1206.0,25,1,1,0,0,0,0,0.2,0.625,2.302585092994046,1,0,0,1,0,0,0,0,0,1,0,0,1,0,1,0,1,0,1,0,0,1206.0
2118.0,37,1,1,0,0,0,0,0.2,0.5,2.302585092994046,1,0,1,0,0,1,0,1,0,1,0,0,1,0,1,0,0,0,1,2,0,2118.0
629.0,32,2,1,0,0,0,1,0.4,0.625,2.9444389791664403,0,0,0,1,0,0,0,1,0,1,0,1,0,0,1,0,1,1,1,1,0,629.0
1198.0,35,1,0,0,0,0,0,0.2,0.375,1.9459101490553132,1,0,0,1,0,0,0,0,0,1,1,0,1,0,0,0,1,0,1,1,0,1198.0
2476.0,46,1,1,0,0,0,0,0.3,0.75,3.091042453358316,1,0,0,1,0,0,0,1,0,1,0,0,1,0,1,0,1,1,1,3,0,2476.0
1138.0,25,2,1,0,0,0,1,0.4,0.375,2.302585092994046,1,0,1,0,0,0,0,1,0,1,0,0,1,0,1,0,0,0,1,0,0,1138.0
11792.5,27,1,0,0,0,1,0,0.4,0.375,4.110873864173311,1,0,1,0,0,0,0,1,0,1,1,0,1,0,1,0,1,1,1,1,4,11792.5
7596.0,63,2,1,1,0,1,1,0.6,0.625,3.4339872044851463,1,0,0,1,1,0,0,1,0,1,0,1,1,0,1,0,1,0,1,4,3,3798.0
3077.0,40,2,1,0,0,0,1,0.5,0.625,3.4339872044851463,1,0,0,1,0,0,1,1,0,1,0,1,1,0,1,0,1,1,1,2,1,3077.0
1505.0,32,1,1,0,0,0,0,0.3,0.25,2.9444389791664403,1,0,1,0,0,0,0,1,0,1,1,0,1,0,0,0,1,1,1,1,0,1505.0
3148.0,31,2,1,0,0,0,0,0.3,0.5,3.2188758248682006,1,0,1,0,0,0,1,1,0,1,0,1,1,0,1,0,1,1,1,1,1,3148.0
6148.0,31,2,1,0,0,0,0,0.4,0.5,3.044522437723423,0,1,0,1,0,0,1,1,0,1,0,1,0,0,1,0,1,1,1,1,2,6148.0
1337.0,34,2,0,0,0,0,0,0.4,0.5,2.302585092994046,1,0,0,0,0,0,0,1,0,1,0,1,1,0,1,0,1,1,1,1,0,1337.0
433.0,24,1,0,0,0,0,0,0.3,0.5,1.9459101490553132,0,0,0,0,0,0,0,0,0,1,0,1,0,0,0,1,1,0,1,0,0,433.0
1228.0,24,1,0,0,0,0,0,0.3,0.5,2.5649493574615367,1,0,1,0,0,0,0,0,0,1,0,0,1,0,1,0,0,0,1,0,0,1228.0
790.0,66,1,1,0,0,0,0,0.1,0.75,2.302585092994046,0,0,1,0,0,0,0,0,0,1,0,0,1,0,1,0,0,0,1,4,0,790.0
2570.0,21,1,0,0,0,0,0,0.5,0.375,3.332204510175204,1,0,1,0,0,0,1,0,0,1,0,0,1,0,0,1,1,0,1,0,1,2570.0
250.0,41,2,1,0,0,0,1,0.4,0.625,1.9459101490553132,0,0,1,0,0,1,0,0,0,1,0,0,0,0,1,0,0,0,1,2,0,250.0
1316.0,47,2,1,0,0,0,1,0.3,0.625,2.772588722239781,0,0,1,0,0,1,0,1,0,1,0,1,1,0,1,0,0,0,1,3,0,1316.0
1882.0,25,2,0,0,0,0,0,0.5,0.375,2.9444389791664403,1,0,1,0,0,0,0,0,0,1,0,1,0,0,0,1,1,0,1,0,0,1882.0
6416.0,59,1,0,0,0,1,0,0.4,0.5,3.8918202981106265,1,0,0,1,0,0,0,0,0,1,1,0,1,0,0,1,1,0,1,4,2,6416.0
1275.0,36,2,1,0,0,0,0,0.1,0.625,3.2188758248682006,0,0,1,0,0,1,0,1,0,1,0,0,1,0,1,0,1,1,1,2,0,1275.0
6403.0,33,1,1,0,0,0,0,0.5,0.375,3.2188758248682006,1,0,0,0,1,0,0,1,0,1,0,1,1,0,1,0,1,0,1,1,2,3201.5
1987.0,21,1,0,0,0,0,0,0.4,0.375,3.2188758248682006,1,0,1,0,0,1,0,1,0,1,0,0,1,0,0,1,0,0,1,0,0,1987.0
760.0,44,1,1,0,0,0,0,0.2,0.625,2.1972245773362196,1,0,1,0,0,0,0,0,1,0,0,0,1,0,1,0,0,0,1,2,0,760.0
2603.0,28,1,1,0,0,0,0,0.3,0.5,3.2188758248682006,0,0,1,0,0,1,0,0,0,1,0,1,1,0,0,1,1,1,1,1,1,2603.0
3380.0,37,1,1,0,0,0,1,0.4,0.375,1.6094379124341003,1,0,1,0,1,0,0,0,0,1,0,0,1,0,1,0,1,0,1,2,1,1690.0
3990.0,29,1,1,0,0,1,0,0.6,0.375,3.6109179126442243,1,0,0,0,0,0,1,0,0,1,1,0,0,0,1,0,0,0,1,1,1,3990.0
11560.0,23,2,0,0,0,0,0,0.4,0.375,3.2188758248682006,1,0,1,0,1,0,0,0,0,1,0,1,1,0,0,1,1,0,1,0,4,5780.0
4380.0,35,1,1,0,0,0,0,0.3,0.5,2.9444389791664403,0,1,1,0,0,0,1,1,0,1,0,1,1,0,1,0,0,1,1,1,1,4380.0
6761.0,45,2,1,0,0,0,1,0.5,0.375,1.9459101490553132,1,0,1,0,1,0,0,1,0,1,1,0,1,0,1,0,1,1,1,2,2,3380.5
4280.0,26,2,0,0,0,1,0,0.4,0.25,3.4339872044851463,0,1,1,0,0,0,0,0,0,1,0,1,1,0,0,1,0,0,1,1,1,4280.0
2325.0,32,1,1,0,0,0,0,0.3,0.5,3.2188758248682006,0,1,1,0,0,1,0,1,0,1,0,1,0,0,1,0,1,0,1,1,0,2325.0
1048.0,23,1,1,0,0,0,0,0.3,0.5,2.3978952727983707,1,0,1,0,0,0,0,1,0,1,0,0,0,1,1,0,0,0,1,0,0,1048.0
3160.0,41,1,1,0,0,0,0,0.3,0.75,3.091042453358316,1,0,0,1,0,0,0,1,0,1,0,1,1,0,1,0,1,1,1,2,1,3160.0
2483.0,22,1,1,0,0,0,0,0.3,0.625,3.2188758248682006,0,0,1,0,0,0,0,1,0,1,0,0,0,1,1,0,1,1,1,0,0,2483.0
11792.5,30,2,1,1,0,1,1,0.6,0.375,3.6888794541139363,1,0,1,0,0,0,0,1,0,1,0,1,1,0,1,0,1,1,1,1,4,11792.5
1797.0,28,2,1,0,0,0,1,0.5,0.375,2.639057329615259,1,0,0,0,0,0,1,1,0,1,0,1,0,0,1,0,0,0,1,1,0,1797.0
2511.0,23,1,1,0,0,0,0,0.5,0.375,2.772588722239781,1,0,0,0,1,0,0,0,0,1,0,1,1,0,0,1,1,0,1,0,1,1255.5
1274.0,37,1,0,0,0,0,0,0.4,0.5,2.5649493574615367,1,0,0,0,0,0,1,0,0,1,0,0,1,0,1,0,0,0,1,2,0,1274.0
5248.0,26,1,1,0,0,0,0,0.4,0.5,3.091042453358316,1,0,1,0,1,0,0,1,0,1,0,1,1,0,1,0,1,0,1,1,2,2624.0
3029.0,33,1,1,0,0,0,0,0.3,0.5,2.772588722239781,1,0,1,0,0,1,0,1,0,1,0,1,1,0,1,0,1,0,1,1,1,3029.0
428.0,49,1,1,0,0,0,0,0.4,0.75,1.9459101490553132,1,0,0,1,0,1,0,0,0,1,0,1,0,0,1,0,1,1,1,3,0,428.0
976.0,23,1,0,0,0,0,0,0.4,0.5,2.9444389791664403,1,0,0,0,1,0,0,0,0,1,0,1,1,0,1,0,0,0,1,0,0,488.0
841.0,23,1,1,0,0,0,0,0.1,0.375,2.5649493574615367,0,1,1,0,0,1,0,0,0,1,0,0,1,0,0,1,0,0,1,0,0,841.0
5771.0,25,2,1,1,0,1,1,0.6,0.375,3.4339872044851463,1,0,1,0,0,0,0,0,0,1,0,1,1,0,1,0,1,0,1,0,2,5771.0
1555.0,55,2,0,0,0,0,1,0.2,0.5,2.5649493574615367,0,0,0,1,0,0,0,1,0,1,1,0,1,0,0,0,1,0,1,3,0,1555.0
1285.0,32,1,0,0,0,0,0,0.4,0.25,3.2188758248682006,1,0,1,0,0,0,0,0,0,1,1,0,1,0,0,1,1,0,1,1,0,1285.0
1299.0,74,3,1,0,1,0,0,0.3,0.5,1.9459101490553132,1,0,1,0,1,0,0,1,0,1,0,0,1,0,1,0,0,0,0,4,0,649.5
1271.0,39,2,0,0,0,0,0,0.3,0.375,2.772588722239781,1,0,1,0,0,0,1,1,0,1,1,0,1,0,0,0,1,1,1,2,0,1271.0
1393.0,31,1,1,0,0,0,0,0.3,0.5,3.2188758248682006,1,0,1,0,0,1,0,1,1,0,0,0,1,0,1,0,1,1,1,1,0,1393.0
691.0,35,2,0,0,0,0,1,0.4,0.5,2.5649493574615367,1,0,0,1,0,0,0,1,0,1,0,1,1,0,1,0,1,0,1,1,0,691.0
5045.0,59,1,1,0,0,0,1,0.5,0.625,2.772588722239781,1,0,0,1,1,0,0,0,0,1,0,1,1,0,1,0,1,1,1,4,2,2522.5
2124.0,24,2,0,0,0,0,1,0.5,0.25,2.9444389791664403,1,0,1,0,0,0,0,0,0,1,0,0,1,0,0,1,1,0,1,0,0,2124.0
2214.0,24,1,1,0,0,0,0,0.3,0.5,2.5649493574615367,1,0,1,0,0,0,0,1,0,1,0,1,1,0,1,0,0,0,1,0,0,2214.0
11792.5,30,1,0,0,0,0,1,0.5,0.25,3.091042453358316,1,0,0,1,0,0,0,1,0,1,1,0,1,0,0,0,1,1,1,1,4,11792.5
2463.0,27,2,1,0,0,0,1,0.3,0.375,3.2188758248682006,0,1,1,0,0,0,0,1,0,1,0,1,1,0,1,0,1,1,1,1,0,2463.0
1155.0,40,2,1,0,0,0,0,0.3,0.75,2.5649493574615367,1,0,0,1,0,0,1,1,1,0,0,0,0,0,1,0,0,0,1,2,0,1155.0
3108.0,31,1,0,0,0,0,0,0.5,0.5,3.4339872044851463,1,0,0,0,0,1,0,1,0,1,0,1,1,0,1,0,0,0,1,1,1,3108.0
2901.0,31,1,1,0,0,0,0,0.5,0.375,2.3978952727983707,1,0,0,0,1,0,0,0,0,1,0,0,1,0,0,1,1,0,1,1,1,1450.5
3617.0,28,3,1,0,0,0,0,0.4,0.375,2.5649493574615367,1,0,0,1,1,0,0,1,0,1,0,1,1,0,0,1,1,1,1,1,1,1808.5
1655.0,63,2,1,0,0,0,1,0.4,0.625,2.5649493574615367,1,0,0,1,0,1,0,1,0,1,0,0,1,0,1,0,0,1,1,4,0,1655.0
2812.0,26,1,1,0,0,0,0,0.4,0.5,3.2188758248682006,1,0,0,1,0,1,0,0,0,1,0,0,1,0,0,1,1,0,1,1,1,2812.0
8065.0,25,2,0,1,0,1,1,0.5,0.25,3.6109179126442243,1,0,1,0,0,0,1,0,0,1,1,0,1,0,1,0,1,1,1,0,3,8065.0
3275.0,36,1,1,0,0,0,1,0.4,0.5,3.091042453358316,1,0,0,1,1,0,0,1,0,1,0,1,1,0,1,0,1,1,1,2,1,1637.5
2223.0,52,2,1,0,0,0,1,0.4,0.625,3.2188758248682006,0,1,0,1,0,0,0,1,0,1,0,1,0,0,1,0,1,0,1,3,0,2223.0
1480.0,66,3,1,0,0,0,0,0.4,0.5,2.5649493574615367,0,0,0,0,0,1,0,1,0,1,1,0,0,0,0,0,0,0,1,4,0,1480.0
1371.0,25,1,0,0,0,0,0,0.4,0.375,3.2188758248682006,1,0,1,0,0,0,0,0,0,1,0,0,1,0,0,1,1,0,1,0,0,1371.0
3535.0,37,2,1,0,0,0,1,0.5,0.375,3.6109179126442243,1,0,1,0,0,0,0,1,0,1,0,1,1,0,1,0,1,1,1,2,1,3535.0
3509.0,25,1,1,0,0,0,0,0.3,0.5,2.9444389791664403,1,0,1,0,0,0,0,0,1,0,0,0,1,0,1,0,1,0,1,0,1,3509.0
5711.0,38,2,1,1,0,1,1,0.5,0.75,3.6109179126442243,0,0,0,1,0,0,0,1,0,1,0,1,1,0,1,0,1,1,1,2,2,5711.0
3872.0,67,1,1,0,0,0,0,0.2,0.625,2.9444389791664403,1,0,0,0,0,1,0,0,0,1,0,1,1,0,1,0,1,1,1,4,1,3872.0
4933.0,25,2,0,0,0,1,0,0.5,0.375,3.6888794541139363,1,0,1,0,0,1,0,1,1,0,0,0,1,0,1,0,1,0,1,0,1,4933.0
1940.0,60,1,1,0,0,0,1,0.3,0.75,3.2188758248682006,0,0,0,1,0,0,0,1,0,1,0,0,1,0,1,0,1,1,1,4,0,1940.0
1410.0,31,1,1,0,0,0,0,0.2,0.375,2.5649493574615367,1,0,1,0,0,1,0,1,0,1,0,0,1,0,1,0,0,1,1,1,0,1410.0
836.0,23,1,0,0,0,0,0,0.3,0.5,2.5649493574615367,0,1,0,0,0,0,0,0,0,1,0,1,0,0,1,0,0,0,1,0,0,836.0
6468.0,60,1,1,0,0,0,0,0.4,0.625,3.044522437723423,1,0,0,0,1,0,0,1,0,1,0,0,1,0,1,0,1,1,1,4,2,3234.0
1941.0,35,1,1,0,0,0,0,0.0,0.625,2.9444389791664403,0,0,1,0,0,0,0,1,0,1,0,1,1,0,1,0,0,1,1,1,0,1941.0
2675.0,40,1,1,0,0,0,0,0.2,0.875,3.1354942159291497,0,0,0,1,0,0,1,1,0,1,0,1,1,0,1,0,1,0,1,2,1,2675.0
2751.0,38,2,1,0,0,0,1,0.5,0.625,3.8918202981106265,1,0,0,1,0,0,0,1,0,1,0,1,1,0,1,0,1,1,1,2,1,2751.0
6224.0,50,1,0,0,0,1,0,0.4,0.375,3.8918202981106265,1,0,0,1,0,0,0,1,0,1,1,0,1,0,0,0,1,0,1,3,2,6224.0
5998.0,27,1,0,1,0,1,1,0.6,0.25,3.713572066704308,1,0,1,0,0,0,0,1,0,1,1,0,0,0,1,0,1,1,1,1,2,5998.0
1188.0,39,1,0,0,0,0,0,0.1,0.75,3.091042453358316,1,0,0,1,0,1,0,0,0,1,0,1,1,0,1,0,1,0,1,2,0,1188.0
6313.0,41,1,1,0,0,0,0,0.4,0.75,3.2188758248682006,1,0,0,1,0,0,1,1,0,1,0,1,1,0,1,0,1,1,1,2,2,6313.0
1221.0,27,2,1,0,0,0,1,0.4,0.375,1.9459101490553132,1,0,1,0,1,0,0,1,0,1,0,1,1,0,1,0,1,0,1,1,0,610.5
2892.0,51,1,1,0,0,0,0,0.2,0.625,3.2188758248682006,1,0,0,1,0,0,1,1,0,1,1,0,1,0,0,0,1,0,1,3,1,2892.0
3062.0,32,1,1,0,0,0,0,0.3,0.5,3.2188758248682006,0,0,0,1,0,0,0,1,0,1,1,0,1,0,0,1,1,1,1,1,1,3062.0
2301.0,22,1,1,0,0,0,0,0.4,0.375,2.302585092994046,0,1,0,0,0,1,0,0,0,1,0,1,1,0,0,1,1,0,1,0,0,2301.0
7511.0,51,1,0,0,0,0,0,0.4,0.625,2.9444389791664403,1,0,0,1,1,0,0,1,0,1,0,1,1,0,0,0,1,1,1,3,3,3755.5
1258.0,22,2,1,0,0,0,1,0.6,0.25,2.5649493574615367,1,0,0,0,0,1,0,0,0,1,0,1,1,0,0,1,0,0,1,0,0,1258.0
717.0,54,2,1,0,0,0,1,0.4,0.625,3.2188758248682006,1,0,0,1,0,0,0,1,0,1,0,1,1,0,1,0,1,1,1,3,0,717.0
1549.0,35,1,1,0,0,0,0,0.3,0.5,2.302585092994046,1,0,0,0,0,0,0,1,0,1,0,0,1,0,1,0,0,0,1,1,0,1549.0
1597.0,54,2,1,0,0,0,1,0.3,0.375,3.2188758248682006,1,0,0,1,0,0,0,1,0,1,1,0,1,0,0,0,1,0,1,3,0,1597.0
1795.0,48,2,1,0,0,0,0,0.5,0.5,2.9444389791664403,1,0,0,1,0,0,1,0,1,0,0,0,0,0,0,1,0,1,1,3,0,1795.0
4272.0,24,2,1,0,0,0,1,0.5,0.5,3.044522437723423,1,0,0,1,1,0,0,0,0,1,0,1,1,0,1,0,1,0,1,0,1,2136.0
976.0,35,2,1,0,0,0,1,0.4,0.5,2.5649493574615367,1,0,0,1,0,0,0,1,0,1,0,1,1,0,1,0,1,0,1,1,0,976.0
7472.0,24,1,1,0,0,0,0,0.5,0.375,2.5649493574615367,1,0,0,0,1,0,0,0,0,1,0,0,1,0,0,1,0,0,1,0,2,3736.0
9271.0,24,1,0,0,0,1,0,0.5,0.5,3.6109179126442243,1,0,1,0,0,1,0,1,0,1,0,1,1,0,1,0,1,1,1,0,3,9271.0
590.0,26,1,1,0,0,0,0,0.3,0.375,1.9459101490553132,1,0,0,0,0,0,1,1,0,1,0,0,1,0,1,0,0,0,0,1,0,590.0
930.0,65,4,1,0,0,0,1,0.4,0.625,2.5649493574615367,1,0,0,1,0,0,0,1,0,1,0,0,1,0,1,0,1,0,1,4,0,930.0
9283.0,55,1,1,0,0,1,0,0.6,0.375,3.7612001156935624,1,0,0,0,1,0,0,1,0,1,1,0,0,0,0,0,1,1,1,3,3,4641.5
1778.0,26,2,0,0,0,0,0,0.5,0.25,2.772588722239781,1,0,0,0,0,1,0,0,0,1,0,0,1,0,0,1,0,0,1,1,0,1778.0
907.0,26,1,1,0,0,0,0,0.2,0.5,2.1972245773362196,1,0,0,0,0,0,1,1,0,1,0,0,1,0,1,0,1,1,1,1,0,907.0
484.0,28,1,1,0,0,0,0,0.3,0.5,1.9459101490553132,1,0,1,0,0,0,1,1,1,0,0,0,0,0,1,0,0,0,1,1,0,484.0
9629.0,24,2,0,1,0,1,1,0.6,0.375,3.6109179126442243,1,0,1,0,0,0,0,1,0,1,0,1,1,0,1,0,1,1,1,0,3,9629.0
3051.0,54,1,0,0,0,0,0,0.4,0.625,3.8918202981106265,1,0,1,0,0,0,1,1,0,1,0,1,1,0,1,0,1,0,1,3,1,3051.0
3931.0,46,1,0,0,0,0,0,0.4,0.375,3.8918202981106265,1,0,1,0,0,0,0,1,0,1,1,0,1,0,0,0,1,0,1,3,1,3931.0
7432.0,54,1,1,0,0,1,0,0.6,0.375,3.6109179126442243,1,0,1,0,0,1,0,0,0,1,0,1,1,0,0,1,1,0,1,3,2,7432.0
1338.0,62,1,1,0,0,0,0,0.2,0.75,1.9459101490553132,0,0,1,0,1,0,0,1,0,1,0,0,1,0,1,0,1,0,1,4,0,669.0
1554.0,24,2,1,0,0,0,1,0.5,0.25,1.9459101490553132,1,0,1,0,1,0,0,0,0,1,0,1,1,0,0,1,1,1,1,0,0,777.0
11792.5,43,1,1,0,0,1,0,0.6,0.625,3.6109179126442243,1,0,0,0,0,1,0,1,0,0,0,1,1,0,1,0,1,0,1,2,4,11792.5
1345.0,26,1,0,0,0,0,0,0.4,0.5,2.9444389791664403,1,0,1,0,0,0,0,1,0,1,0,0,0,0,1,0,1,0,1,1,0,1345.0
1101.0,27,2,1,0,0,0,0,0.3,0.5,2.5649493574615367,1,0,1,0,0,0,1,1,0,1,0,0,1,0,1,0,1,1,1,1,0,1101.0
3016.0,24,1,1,0,0,0,0,0.2,0.625,2.5649493574615367,1,0,1,0,0,0,1,1,0,1,0,1,1,0,1,0,1,0,1,0,1,3016.0
2712.0,41,1,0,0,0,0,0,0.5,0.75,3.6109179126442243,1,0,0,1,0,1,0,1,0,1,0,1,0,0,1,0,1,0,1,2,1,2712.0
731.0,47,2,1,0,0,0,1,0.4,0.625,2.1972245773362196,1,0,0,1,0,0,0,1,0,1,0,0,1,0,1,0,0,0,1,3,0,731.0
3780.0,35,2,1,0,0,0,1,0.5,0.375,2.9444389791664403,1,0,0,0,0,0,1,1,0,1,0,1,1,0,1,0,1,1,1,1,1,3780.0
1602.0,30,2,1,0,0,0,1,0.4,0.5,3.091042453358316,1,0,0,1,0,0,0,1,0,1,0,1,1,0,1,0,1,1,1,1,0,1602.0
3966.0,33,3,0,0,0,0,1,0.6,0.375,2.9444389791664403,1,0,0,1,1,0,0,0,0,1,0,0,0,0,0,1,1,1,1,1,1,1983.0
4165.0,36,2,0,0,0,0,1,0.5,0.375,2.9444389791664403,1,0,1,0,0,1,0,1,0,1,0,1,0,1,1,0,1,0,1,2,1,4165.0
8335.0,47,1,0,0,0,1,0,0.5,0.5,3.6109179126442243,1,0,0,1,0,0,1,1,0,1,1,0,1,0,0,0,1,0,1,3,3,8335.0
6681.0,38,1,1,0,0,1,0,0.4,0.25,3.8918202981106265,1,0,1,0,0,0,0,1,0,1,1,0,1,0,0,0,1,1,1,2,2,6681.0
2375.0,44,2,1,0,0,0,1,0.2,0.625,3.2188758248682006,0,0,1,0,0,0,0,1,0,1,0,1,1,0,1,0,1,1,1,2,0,2375.0
1216.0,23,1,0,0,0,0,0,0.5,0.375,2.9444389791664403,1,0,0,0,0,0,0,0,0,1,0,1,1,0,0,1,1,1,1,0,0,1216.0
11792.5,29,2,0,0,0,1,1,0.6,0.375,3.828641396489095,1,0,0,1,0,1,0,1,0,1,0,1,1,0,0,1,1,0,1,1,4,11792.5
5084.0,42,1,1,0,0,0,0,0.3,0.75,3.2188758248682006,1,0,0,1,0,1,0,0,0,1,0,1,1,0,1,0,1,1,1,2,2,5084.0
2327.0,25,1,0,0,0,0,0,0.3,0.625,2.772588722239781,1,0,0,0,0,1,0,0,0,1,0,0,1,0,1,0,0,0,1,0,0,2327.0
1082.0,48,2,0,0,0,0,1,0.5,0.5,2.5649493574615367,1,0,1,0,0,0,0,1,0,1,0,1,0,0,1,0,1,0,1,3,0,1082.0
886.0,21,1,1,0,0,0,0,0.3,0.5,2.5649493574615367,1,0,1,0,0,0,0,0,0,1,0,1,1,0,1,0,1,0,1,0,0,886.0
601.0,23,1,1,0,0,0,0,0.5,0.375,1.6094379124341003,1,0,0,0,1,0,0,0,0,1,0,0,1,0,0,1,0,0,1,0,0,300.5
2957.0,63,2,1,0,0,0,1,0.4,0.625,3.2188758248682006,1,0,0,1,0,0,0,1,0,1,0,1,1,0,1,0,1,1,1,4,1,2957.0
2611.0,46,2,1,0,0,0,1,0.5,0.625,3.2188758248682006,1,0,0,1,0,0,0,1,0,0,0,0,1,0,1,0,1,0,1,3,1,2611.0
5179.0,29,1,0,0,0,1,0,0.5,0.5,3.6109179126442243,1,0,1,0,0,0,0,1,0,1,0,1,1,0,1,0,1,0,1,1,2,5179.0
2993.0,28,2,1,0,0,0,1,0.5,0.375,3.091042453358316,1,0,1,0,0,0,1,1,0,1,0,0,0,1,1,0,0,0,1,1,1,2993.0
1943.0,23,1,0,0,0,0,0,0.3,0.5,2.9444389791664403,1,0,0,0,0,0,0,0,0,1,0,0,1,0,1,0,1,0,1,0,0,1943.0
1559.0,50,1,1,0,0,0,0,0.3,0.625,3.2188758248682006,1,0,1,0,0,0,0,1,0,1,0,1,0,0,1,0,1,1,1,3,0,1559.0
3422.0,47,3,1,0,0,0,0,0.4,0.75,2.9444389791664403,1,0,0,1,0,0,0,1,0,1,0,1,0,0,1,0,1,1,1,3,1,3422.0
3976.0,35,1,1,0,0,0,0,0.3,0.5,3.091042453358316,1,0,1,0,0,1,0,1,0,1,0,1,1,0,1,0,1,1,1,1,1,3976.0
6761.0,68,2,0,0,0,0,0,0.5,0.5,2.9444389791664403,1,0,1,0,0,1,0,1,0,1,0,1,1,0,0,1,1,0,1,4,2,6761.0
1249.0,28,1,1,0,0,0,0,0.4,0.5,3.2188758248682006,1,0,0,0,0,0,0,1,0,1,0,0,1,0,1,0,1,0,1,1,0,1249.0
1364.0,59,1,1,0,0,0,0,0.3,0.625,2.302585092994046,1,0,1,0,0,0,1,1,0,1,0,0,1,0,1,0,1,0,1,4,0,1364.0
709.0,57,1,0,0,0,0,0,0.4,0.75,2.5649493574615367,1,0,0,1,0,0,0,1,0,1,0,0,0,1,1,0,0,0,1,4,0,709.0
2235.0,33,2,0,0,1,0,1,0.6,0.125,3.044522437723423,1,0,1,0,0,0,0,1,1,0,0,1,0,0,0,1,1,0,0,1,0,2235.0
4042.0,43,2,1,0,0,0,1,0.5,0.5,3.2188758248682006,1,0,1,0,0,0,1,1,0,1,0,1,1,0,1,0,1,1,1,2,1,4042.0
1471.0,35,2,1,0,0,0,1,0.4,0.125,2.772588722239781,1,0,1,0,0,0,0,1,0,1,1,0,1,0,0,0,1,1,1,1,0,1471.0
1442.0,32,2,0,0,0,0,0,0.3,0.25,2.9444389791664403,1,0,1,0,0,0,0,1,0,1,1,0,1,0,0,0,0,0,1,1,0,1442.0
10875.0,45,2,1,0,0,1,1,0.6,0.625,3.6109179126442243,1,0,0,1,0,1,0,1,0,1,0,1,1,0,1,0,1,1,1,2,4,10875.0
1474.0,33,1,1,0,0,0,0,0.3,0.5,3.2188758248682006,0,1,0,0,0,0,0,1,0,1,0,0,1,0,1,0,1,1,1,1,0,1474.0
894.0,40,1,1,0,0,0,0,0.2,0.625,2.3978952727983707,1,0,1,0,0,0,0,0,0,1,0,1,1,0,1,0,1,1,1,2,0,894.0
3343.0,28,1,1,0,0,0,1,0.4,0.125,2.772588722239781,1,0,1,0,0,0,0,1,0,1,1,0,1,0,0,0,1,1,1,1,1,3343.0
3959.0,29,1,0,0,0,0,0,0.3,0.5,2.772588722239781,1,0,1,0,0,0,1,0,0,1,0,1,1,0,1,0,1,1,1,1,1,3959.0
3577.0,26,1,1,0,0,0,0,0.3,0.25,2.302585092994046,0,1,1,0,1,0,0,1,1,0,0,0,1,0,0,1,1,0,0,1,1,1788.5
5804.0,27,2,1,0,0,0,1,0.4,0.5,3.2188758248682006,0,0,1,0,0,0,0,1,0,1,0,0,1,0,1,0,1,0,1,1,2,5804.0
2169.0,28,1,0,0,0,0,1,0.3,0.375,2.9444389791664403,1,0,1,0,0,0,0,1,0,1,0,1,1,0,1,0,1,1,1,1,0,2169.0
2439.0,35,1,0,0,0,0,0,0.4,0.5,3.2188758248682006,1,0,0,0,0,0,0,0,0,1,0,0,1,0,1,0,1,1,1,1,0,2439.0
4526.0,32,2,1,1,0,1,1,0.7,0.5,3.332204510175204,0,0,0,0,0,0,0,1,0,1,0,0,0,1,1,0,0,1,1,1,1,4526.0
2210.0,25,1,0,0,0,0,0,0.5,0.375,2.3978952727983707,1,0,1,0,0,1,0,1,0,1,0,0,0,0,0,1,0,0,1,0,0,2210.0
2221.0,20,1,1,0,0,0,0,0.3,0.5,2.772588722239781,0,0,1,0,0,1,0,0,0,1,0,1,1,0,0,1,1,0,1,0,0,2221.0
2389.0,27,1,1,0,0,0,0,0.5,0.5,2.9444389791664403,1,0,0,0,0,0,0,0,0,1,0,1,0,1,1,0,1,0,1,1,0,2389.0
3331.0,42,1,1,0,0,0,1,0.5,0.625,2.5649493574615367,1,0,0,1,0,1,0,1,0,1,0,1,0,1,1,0,1,0,1,2,1,3331.0
7409.0,37,2,1,0,0,1,0,0.4,0.625,3.6109179126442243,1,0,0,1,0,0,1,1,0,1,0,1,1,0,1,0,1,0,1,2,2,7409.0
652.0,24,1,1,0,0,0,0,0.4,0.5,2.5649493574615367,1,0,0,1,0,0,0,0,0,1,0,1,1,0,0,1,1,0,1,0,0,652.0
7678.0,40,2,1,0,0,1,1,0.5,0.625,3.6109179126442243,0,0,1,0,0,1,0,0,0,1,0,1,1,0,1,0,1,1,1,2,3,7678.0
1343.0,46,2,1,0,1,0,0,0.3,0.625,1.9459101490553132,1,0,0,1,1,0,0,1,0,1,0,0,1,0,1,0,1,0,0,3,0,671.5
1382.0,26,2,1,0,0,0,1,0.2,0.375,3.2188758248682006,0,1,1,0,0,0,0,1,0,1,0,0,1,0,1,0,1,1,1,1,0,1382.0
874.0,24,1,1,0,0,0,0,0.4,0.5,2.772588722239781,1,0,0,0,0,0,0,0,0,1,0,0,1,0,1,0,1,0,1,0,0,874.0
3590.0,29,1,1,0,0,0,0,0.4,0.5,2.5649493574615367,1,0,1,0,0,1,0,1,0,0,0,1,1,0,1,0,0,0,1,1,1,3590.0
1322.0,40,2,1,0,0,0,0,0.2,0.625,2.4849066497880004,0,0,1,0,0,0,0,0,0,1,0,1,1,0,1,0,1,0,1,2,0,1322.0
1940.0,36,1,1,0,0,0,0,0.6,0.25,2.9444389791664403,1,0,0,0,0,0,1,1,0,0,1,0,0,0,0,0,1,1,1,2,0,1940.0
3595.0,28,1,1,0,0,0,0,0.4,0.625,3.6109179126442243,1,0,0,1,0,0,0,1,0,1,0,1,1,0,1,0,1,0,1,1,1,3595.0
1422.0,27,1,0,0,0,0,0,0.4,0.25,2.302585092994046,1,0,0,0,0,0,1,1,0,1,1,0,1,0,0,0,1,1,1,1,0,1422.0
6742.0,36,2,1,1,0,1,1,0.6,0.375,3.4339872044851463,1,0,1,0,0,1,0,1,0,1,0,1,1,0,1,0,1,0,1,2,2,6742.0
7814.0,38,1,1,0,0,0,0,0.4,0.625,3.2188758248682006,1,0,1,0,0,0,1,1,0,1,0,1,1,0,1,0,1,1,1,2,3,7814.0
9277.0,48,1,1,0,0,0,0,0.4,0.375,3.2188758248682006,1,0,1,0,0,1,0,1,0,1,1,0,1,0,0,0,1,1,1,3,3,9277.0
2181.0,36,2,1,0,0,0,0,0.4,0.5,3.4339872044851463,1,0,0,1,0,0,0,1,0,1,0,0,1,0,1,0,1,0,1,2,0,2181.0
1098.0,65,2,1,0,0,0,1,0.5,0.5,2.9444389791664403,1,0,0,0,0,0,0,0,0,1,0,1,1,0,1,0,0,0,1,4,0,1098.0
4057.0,43,1,0,0,0,0,0,0.3,0.625,3.2188758248682006,1,0,1,0,0,0,1,1,0,1,0,1,1,0,1,0,1,1,1,2,1,4057.0
795.0,53,1,0,0,0,0,0,0.3,0.625,2.5649493574615367,1,0,0,0,0,0,0,0,0,1,0,1,1,0,1,0,1,0,1,3,0,795.0
2825.0,34,2,1,0,0,0,0,0.2,0.25,3.2188758248682006,1,0,1,0,0,0,0,1,0,1,1,0,1,0,1,0,1,1,1,1,1,2825.0
11792.5,23,1,0,0,0,1,0,0.3,0.5,3.8918202981106265,1,0,1,0,0,1,0,1,0,1,0,1,1,0,1,0,1,1,1,0,4,11792.5
6614.0,34,2,1,1,0,1,1,0.6,0.5,3.6109179126442243,1,0,0,1,0,0,0,1,0,1,0,1,1,0,1,0,1,1,1,1,2,6614.0
7824.0,40,2,1,0,0,1,0,0.8,0.5,3.367295829986474,1,0,0,0,0,0,1,1,1,0,0,0,0,0,0,1,1,1,1,2,3,7824.0
2442.0,43,4,1,0,0,0,1,0.5,0.625,3.332204510175204,1,0,0,1,0,0,0,1,0,1,0,1,0,1,1,0,1,1,1,2,0,2442.0
1829.0,46,2,1,0,0,0,1,0.4,0.625,2.772588722239781,1,0,0,1,0,0,0,1,0,1,0,1,1,0,1,0,1,1,1,3,0,1829.0
2171.0,38,2,1,0,1,0,1,0.5,0.375,2.5649493574615367,1,0,1,0,0,0,0,1,0,1,0,1,0,0,1,0,0,0,0,2,0,2171.0
5800.0,34,2,1,0,0,1,0,0.5,0.375,3.6109179126442243,1,0,1,0,0,0,1,1,0,1,0,1,1,0,1,0,1,1,1,1,2,5800.0
1169.0,29,2,1,0,0,0,1,0.4,0.375,2.9444389791664403,1,0,1,0,0,0,0,1,0,1,0,1,1,0,1,0,1,1,1,1,0,1169.0
8947.0,31,1,1,0,0,1,1,0.7,0.375,3.6109179126442243,1,0,1,0,0,0,1,1,0,1,0,1,0,1,1,0,1,1,1,1,3,8947.0
2606.0,28,1,1,0,0,0,0,0.5,0.375,3.091042453358316,1,0,0,0,0,0,0,0,0,1,0,1,1,0,0,1,1,1,1,1,1,2606.0
1592.0,35,1,1,0,1,0,1,0.3,0.375,2.5649493574615367,0,0,1,0,0,0,1,0,0,1,0,1,1,0,1,0,1,0,0,1,0,1592.0
2186.0,33,1,1,0,0,0,0,0.5,0.375,2.772588722239781,1,0,1,0,1,0,0,0,0,1,0,0,0,0,0,1,0,0,1,1,0,1093.0
4153.0,42,1,0,0,0,0,0,0.5,0.625,2.9444389791664403,1,0,1,0,0,1,0,1,0,0,0,1,1,0,1,0,1,0,1,2,1,4153.0
2625.0,43,1,0,0,0,0,1,0.6,0.5,2.833213344056216,1,0,0,1,0,1,0,1,1,0,0,1,0,0,0,1,1,1,1,2,1,2625.0
3485.0,44,2,1,0,0,0,1,0.5,0.5,3.044522437723423,1,0,0,0,0,1,0,1,0,1,0,0,1,0,1,0,1,1,1,2,1,3485.0
10477.0,42,2,1,1,0,1,1,0.6,0.375,3.6109179126442243,1,0,0,1,0,1,0,1,0,1,1,0,1,0,0,0,1,0,1,2,4,10477.0
1386.0,40,1,1,0,0,0,0,0.4,0.5,2.772588722239781,1,0,1,0,0,0,0,1,0,1,0,0,1,0,0,1,1,1,1,2,0,1386.0
1278.0,36,1,1,0,0,0,0,0.3,0.625,3.2188758248682006,1,0,0,1,0,0,0,1,0,1,0,0,1,0,1,0,1,1,1,2,0,1278.0
1107.0,20,1,1,0,0,0,0,0.4,0.375,2.5649493574615367,1,0,1,0,0,1,0,1,0,1,0,0,1,0,0,1,1,1,1,0,0,1107.0
3763.0,24,1,1,0,0,0,0,0.4,0.375,3.091042453358316,1,0,1,0,0,1,0,1,0,0,0,0,1,0,1,0,0,0,0,0,1,3763.0
3711.0,27,1,1,0,0,0,0,0.2,0.5,3.6109179126442243,1,0,1,0,0,1,0,1,0,1,0,1,1,0,1,0,1,0,1,1,1,3711.0
3594.0,46,2,1,0,0,0,1,0.5,0.5,2.772588722239781,1,0,0,0,1,0,0,0,0,1,0,1,1,0,1,0,0,0,1,3,1,1797.0
3195.0,33,1,1,0,0,0,0,0.2,0.5,2.302585092994046,1,0,1,0,1,0,0,0,0,1,0,0,1,0,1,0,0,0,1,1,1,1597.5
4454.0,34,2,1,0,0,1,1,0.6,0.375,3.6109179126442243,1,0,1,0,0,0,0,0,0,1,0,0,1,0,1,0,1,0,1,1,1,4454.0
4736.0,25,1,0,0,0,0,0,0.6,0.375,3.2188758248682006,1,0,0,0,0,1,0,0,0,1,0,1,0,0,1,0,0,0,1,0,1,4736.0
2991.0,25,1,1,0,0,0,0,0.3,0.625,3.4339872044851463,1,0,0,1,0,1,0,0,0,1,0,1,1,0,1,0,1,0,1,0,1,2991.0
2142.0,28,1,1,0,0,0,0,0.1,0.75,2.4849066497880004,0,0,0,1,1,0,0,1,0,1,0,0,1,0,1,0,1,1,1,1,0,1071.0
3161.0,31,1,0,0,0,0,0,0.3,0.375,3.2188758248682006,1,0,1,0,0,0,0,1,0,1,0,1,1,0,0,1,1,1,1,1,1,3161.0
11792.5,32,1,0,0,0,1,0,0.5,0.25,3.8918202981106265,1,0,1,0,1,0,0,0,0,1,0,1,0,0,1,0,1,1,0,1,4,5896.25
2848.0,32,1,1,0,0,0,0,0.3,0.5,2.3978952727983707,0,1,1,0,1,0,0,1,0,0,0,0,1,0,1,0,1,0,1,1,1,1424.0
11792.5,68,1,0,0,0,0,0,0.5,0.625,1.9459101490553132,1,0,0,1,1,0,0,1,0,1,1,0,0,0,1,0,1,1,1,4,4,5896.25
2359.0,33,1,0,0,0,0,0,0.3,0.5,3.2188758248682006,0,1,0,0,1,0,0,1,0,1,0,1,1,0,1,0,1,0,1,1,0,1179.5
3345.0,39,1,0,0,0,0,0,0.4,0.625,3.2188758248682006,1,0,0,1,0,0,0,1,0,1,0,1,1,0,0,1,1,1,1,2,1,3345.0
1817.0,28,2,1,0,0,0,1,0.4,0.25,2.9444389791664403,1,0,1,0,0,0,0,0,0,1,1,0,1,0,1,0,1,0,1,1,0,1817.0
11792.5,37,1,1,0,0,1,1,0.5,0.5,3.8918202981106265,0,0,1,0,0,0,0,1,0,1,0,1,1,0,1,0,1,1,1,2,4,11792.5
1366.0,22,1,0,0,0,0,0,0.5,0.375,2.302585092994046,1,0,0,0,0,0,1,0,0,1,0,1,1,0,0,1,1,0,1,0,0,1366.0
2002.0,30,1,1,0,0,0,0,0.3,0.375,2.5649493574615367,1,0,1,0,0,0,1,1,0,1,0,1,1,0,0,1,1,1,1,1,0,2002.0
6872.0,55,1,0,0,0,0,0,0.6,0.625,3.2188758248682006,1,0,0,0,0,1,0,1,0,1,0,1,0,0,1,0,1,1,1,3,2,6872.0
697.0,46,2,0,0,0,0,0,0.5,0.625,2.5649493574615367,1,0,0,0,0,0,0,1,0,1,0,1,0,0,1,0,1,1,1,3,0,697.0
1049.0,21,1,1,0,0,0,1,0.6,0.25,2.9444389791664403,1,0,0,0,0,0,0,0,0,1,0,1,1,0,0,1,1,0,1,0,0,1049.0
10297.0,39,3,0,0,0,1,0,0.6,0.375,3.8918202981106265,1,0,1,0,0,0,0,1,0,1,1,0,0,1,0,0,1,1,1,2,4,10297.0
1867.0,58,1,1,0,0,0,0,0.4,0.75,3.4339872044851463,1,0,0,1,0,0,0,1,0,1,0,1,1,0,1,0,1,1,1,4,0,1867.0
1344.0,43,2,1,0,0,0,1,0.4,0.5,2.5649493574615367,1,0,1,0,0,0,0,1,0,1,0,0,1,0,1,0,0,0,1,2,0,1344.0
1747.0,24,1,1,0,0,0,0,0.5,0.375,3.2188758248682006,1,0,0,0,0,0,0,1,0,0,0,1,1,0,1,0,0,0,0,0,0,1747.0
1670.0,22,1,0,0,0,0,0,0.3,0.5,2.302585092994046,1,0,0,0,0,0,0,0,0,1,0,1,1,0,1,0,1,1,1,0,0,1670.0
1224.0,30,2,1,0,0,0,1,0.4,0.375,2.302585092994046,1,0,1,0,0,0,1,1,0,1,0,0,1,0,1,0,1,0,1,1,0,1224.0
522.0,42,2,1,0,0,0,1,0.3,0.75,2.5649493574615367,0,0,0,1,0,0,0,1,0,1,0,1,1,0,1,0,1,1,1,2,0,522.0
1498.0,23,1,1,0,0,0,0,0.4,0.5,2.5649493574615367,1,0,1,0,0,0,0,0,0,1,0,1,0,0,1,0,1,0,1,0,0,1498.0
1919.0,30,2,0,0,0,0,0,0.5,0.25,3.4339872044851463,0,1,0,0,0,0,0,1,0,1,1,0,0,1,1,0,1,0,1,1,0,1919.0
745.0,28,1,0,0,0,0,0,0.2,0.625,2.302585092994046,1,0,1,0,0,0,1,0,0,1,0,0,1,0,1,0,0,0,1,1,0,745.0
2063.0,30,1,1,0,0,0,0,0.4,0.375,1.9459101490553132,1,0,0,0,0,0,0,1,0,1,0,1,1,0,0,1,1,1,1,1,0,2063.0
6288.0,42,1,0,0,0,1,0,0.3,0.375,4.110873864173311,1,0,1,0,0,0,0,1,0,1,1,0,1,0,0,0,1,0,1,2,2,6288.0
6842.0,46,2,1,0,0,0,1,0.5,0.5,3.2188758248682006,1,0,1,0,0,1,0,1,0,1,0,1,1,0,1,0,1,1,1,3,2,6842.0
3527.0,45,1,1,0,0,0,0,0.4,0.625,2.5649493574615367,1,0,0,0,0,1,0,1,0,1,0,1,1,0,1,0,1,1,1,2,1,3527.0
1546.0,31,1,1,0,0,0,0,0.3,0.375,2.3978952727983707,1,0,1,0,0,0,1,1,0,1,0,0,1,0,1,0,0,0,0,1,0,1546.0
929.0,31,1,1,0,0,0,0,0.4,0.5,3.2188758248682006,1,0,1,0,0,0,0,1,0,1,0,1,0,1,1,0,1,1,1,1,0,929.0
1455.0,42,3,1,0,0,0,1,0.4,0.5,1.6094379124341003,1,0,1,0,0,1,0,1,0,1,0,0,1,0,1,0,0,0,1,2,0,1455.0
1845.0,46,1,1,0,0,0,0,0.5,0.5,2.772588722239781,1,0,0,0,0,0,0,0,1,0,0,1,1,0,0,1,1,0,1,3,0,1845.0
8358.0,30,2,1,0,0,1,0,0.5,0.5,3.8918202981106265,0,0,0,0,1,0,0,0,0,1,0,1,1,0,1,0,1,0,1,1,3,4179.0
3349.0,30,1,0,0,0,0,0,0.3,0.375,3.2188758248682006,0,0,0,0,0,0,0,1,0,1,1,0,1,0,0,0,1,1,1,1,1,3349.0
2859.0,38,1,1,0,0,0,0,0.4,0.5,2.5649493574615367,1,0,0,0,0,0,0,1,0,1,1,0,1,0,1,0,1,1,1,2,1,2859.0
1533.0,43,1,0,0,0,0,0,0.5,0.625,2.9444389791664403,1,0,0,0,0,0,0,1,0,0,0,1,1,0,1,0,0,0,1,2,0,1533.0
3621.0,31,2,0,0,0,0,0,0.2,0.625,3.2188758248682006,0,1,0,1,0,1,0,1,0,1,0,1,1,0,1,0,1,0,1,1,1,3621.0
3590.0,40,3,1,0,0,0,0,0.3,0.5,2.9444389791664403,1,0,0,0,0,0,1,1,0,1,0,1,1,0,1,0,0,1,1,2,1,3590.0
2145.0,24,2,0,0,0,0,1,0.4,0.375,3.6109179126442243,1,0,1,0,0,1,0,1,0,1,0,1,1,0,1,0,1,1,1,0,0,2145.0
4113.0,28,1,0,0,0,0,0,0.4,0.5,3.2188758248682006,0,0,0,0,0,0,1,0,0,1,0,1,1,0,0,1,1,0,1,1,1,4113.0
10974.0,26,2,0,0,0,1,0,0.6,0.5,3.6109179126442243,1,0,0,0,0,0,0,0,0,1,0,1,1,0,1,0,1,1,1,1,4,10974.0
1893.0,29,1,1,0,0,0,0,0.3,0.5,2.5649493574615367,1,0,1,0,0,0,0,0,1,0,0,1,1,0,1,0,1,1,1,1,0,1893.0
1231.0,57,2,1,0,0,0,1,0.4,0.625,3.2188758248682006,0,0,0,1,0,0,0,0,0,1,0,1,1,0,0,1,1,1,1,4,0,1231.0
3656.0,49,2,1,0,0,0,0,0.5,0.75,3.4339872044851463,1,0,0,1,0,0,0,1,0,1,0,1,0,1,1,0,0,0,1,3,1,3656.0
1154.0,37,3,1,0,0,0,0,0.3,0.5,2.302585092994046,1,0,0,1,0,1,0,1,0,1,0,0,1,0,1,0,0,0,1,2,0,1154.0
4006.0,45,1,0,0,0,1,0,0.5,0.625,3.367295829986474,1,0,1,0,0,0,1,1,0,1,0,1,1,0,1,0,0,0,1,2,1,4006.0
3069.0,30,1,1,0,0,0,0,0.1,0.375,3.2188758248682006,0,1,0,1,0,0,0,1,0,1,1,0,1,0,0,0,1,0,1,1,1,3069.0
1740.0,30,2,1,0,0,0,1,0.5,0.375,1.9459101490553132,1,0,0,1,0,1,0,1,0,1,0,0,1,0,0,1,1,0,1,1,0,1740.0
2353.0,47,2,1,0,0,0,0,0.3,0.5,3.091042453358316,1,0,1,0,1,0,0,1,0,1,0,1,1,0,1,0,1,0,1,3,0,1176.5
3556.0,29,1,1,0,0,0,0,0.3,0.375,2.772588722239781,1,0,1,0,0,0,1,1,0,1,1,0,1,0,1,0,1,0,1,1,1,3556.0
2397.0,35,2,0,0,0,0,0,0.3,0.75,3.2188758248682006,0,0,0,1,0,0,1,1,0,1,0,1,0,0,1,0,1,1,1,1,0,2397.0
454.0,22,1,1,0,0,0,0,0.2,0.5,1.9459101490553132,1,0,0,0,0,0,1,1,0,1,0,1,1,0,1,0,0,0,1,0,0,454.0
1715.0,26,1,1,0,0,0,0,0.3,0.5,3.4339872044851463,1,0,1,0,0,0,0,0,0,1,0,1,1,0,1,0,1,0,1,1,0,1715.0
2520.0,23,2,0,0,0,0,0,0.3,0.5,3.332204510175204,0,0,1,0,0,0,0,1,0,1,0,1,1,0,1,0,0,0,1,0,1,2520.0
3568.0,54,1,1,0,0,0,0,0.5,0.625,2.772588722239781,1,0,0,1,0,0,0,0,0,1,0,1,0,0,0,1,1,1,1,3,1,3568.0
7166.0,29,1,1,0,0,1,0,0.6,0.375,3.7612001156935624,1,0,1,0,0,1,0,1,0,1,0,1,1,0,0,1,1,1,1,1,2,7166.0
3939.0,40,2,1,0,0,0,1,0.4,0.5,2.4849066497880004,1,0,1,0,1,0,0,1,0,1,0,0,1,0,1,0,0,0,1,2,1,1969.5
1514.0,22,1,1,0,0,0,0,0.0,0.5,2.772588722239781,0,1,1,0,0,0,0,1,1,0,0,0,1,0,1,0,1,0,1,0,0,1514.0
7393.0,43,1,1,0,0,0,0,0.4,0.625,3.2188758248682006,1,0,1,0,1,0,0,1,0,1,0,1,1,0,1,0,0,0,1,2,2,3696.5
1193.0,29,2,0,0,0,0,0,0.6,0.25,3.2188758248682006,1,0,0,0,1,0,0,0,0,0,1,0,1,0,0,1,0,0,1,1,0,596.5
7297.0,36,1,0,0,0,1,0,0.6,0.375,4.110873864173311,1,0,0,1,0,0,0,1,0,0,1,0,1,0,0,1,1,0,1,2,2,7297.0
2831.0,33,1,1,0,0,0,1,0.5,0.375,3.4339872044851463,1,0,1,0,0,0,0,0,0,1,0,1,1,0,1,0,1,1,1,1,1,2831.0
1258.0,57,1,1,0,0,0,0,0.1,0.875,3.2188758248682006,0,0,1,0,0,0,1,0,0,1,0,1,1,0,1,0,0,0,1,4,0,1258.0
753.0,64,1,1,0,0,0,0,0.2,0.625,1.9459101490553132,1,0,1,0,0,1,0,0,1,0,0,0,1,0,1,0,1,0,1,4,0,753.0
2427.0,42,2,1,0,0,0,0,0.2,0.625,2.9444389791664403,1,0,0,1,0,0,0,1,0,1,0,1,1,0,1,0,1,0,1,2,0,2427.0
2538.0,47,2,0,0,0,0,1,0.4,0.625,3.2188758248682006,1,0,0,1,0,0,0,1,0,1,0,1,1,0,1,0,0,0,1,3,1,2538.0
1264.0,25,1,0,0,0,0,0,0.2,0.375,2.772588722239781,0,1,1,0,0,1,0,1,0,1,0,1,1,0,0,1,1,0,1,0,0,1264.0
8386.0,49,1,0,0,0,1,0,0.5,0.5,3.4339872044851463,1,0,1,0,0,1,0,1,0,1,0,1,1,0,1,0,1,0,1,3,3,8386.0
4844.0,33,1,0,0,0,1,0,0.7,0.375,3.8918202981106265,1,0,0,0,0,0,1,1,0,1,0,1,0,0,0,1,1,1,1,1,1,4844.0
2923.0,28,1,1,0,0,0,0,0.2,0.625,3.091042453358316,0,1,1,0,1,0,0,0,0,1,0,1,0,0,1,0,1,1,1,1,1,1461.5
8229.0,26,1,0,0,0,1,0,0.5,0.5,3.6109179126442243,1,0,1,0,0,1,0,1,0,1,0,1,1,0,1,0,1,0,1,1,3,8229.0
2028.0,30,2,1,0,0,0,1,0.4,0.375,3.2188758248682006,1,0,1,0,0,1,0,1,0,1,0,1,1,0,1,0,0,0,1,1,0,2028.0
1433.0,25,2,1,0,0,0,1,0.5,0.25,2.772588722239781,1,0,1,0,0,0,0,0,0,1,0,1,1,0,0,1,1,0,1,0,0,1433.0
6289.0,33,2,1,0,0,1,0,0.5,0.5,3.7612001156935624,1,0,0,0,0,1,0,1,0,1,0,1,1,0,1,0,1,0,1,1,2,6289.0
1409.0,64,1,1,0,0,0,0,0.3,0.625,2.639057329615259,0,1,0,0,0,1,0,0,0,1,0,0,1,0,1,0,1,0,1,4,0,1409.0
6579.0,29,1,1,0,0,0,0,0.5,0.25,3.2188758248682006,1,0,0,0,0,0,0,1,0,1,1,0,1,0,0,0,1,1,1,1,2,6579.0
1743.0,48,2,1,0,0,0,0,0.3,0.625,3.2188758248682006,1,0,0,1,0,0,0,1,0,1,0,1,1,0,1,0,0,0,1,3,0,1743.0
3565.0,37,2,1,0,0,0,1,0.4,0.375,2.5649493574615367,1,0,0,0,0,1,0,1,0,1,0,1,1,0,1,0,0,0,1,2,1,3565.0
1569.0,34,1,1,0,0,0,0,0.3,0.625,2.772588722239781,0,1,0,1,0,0,0,1,0,1,0,1,0,0,1,0,0,0,1,1,0,1569.0
1936.0,23,2,1,0,0,0,0,0.4,0.375,2.9444389791664403,1,0,1,0,0,1,0,1,0,1,0,1,1,0,0,1,0,0,1,0,0,1936.0
3959.0,30,1,1,0,0,0,0,0.5,0.5,3.6109179126442243,1,0,0,0,0,0,0,1,0,1,0,1,1,0,1,0,1,1,1,1,1,3959.0
2390.0,50,1,1,0,0,0,0,0.3,0.75,2.5649493574615367,1,0,0,1,0,0,0,1,0,1,0,1,1,0,1,0,1,1,1,3,0,2390.0
1736.0,31,1,1,0,0,0,0,0.3,0.5,2.5649493574615367,1,0,1,0,0,0,1,0,0,1,0,0,1,0,1,0,0,0,1,1,0,1736.0
3857.0,40,1,1,0,0,0,0,0.4,0.625,3.4339872044851463,1,0,1,0,0,0,0,1,0,1,0,1,1,0,1,0,1,1,1,2,1,3857.0
804.0,38,1,1,0,0,0,0,0.3,0.75,2.5649493574615367,1,0,0,1,0,0,0,1,0,1,0,1,1,0,1,0,1,0,1,2,0,804.0
1845.0,23,1,0,0,0,0,0,0.4,0.25,3.828641396489095,1,0,1,0,0,0,0,1,0,1,1,0,1,0,0,0,1,1,1,0,0,1845.0
4576.0,27,1,1,0,0,1,0,0.5,0.375,3.828641396489095,0,1,0,0,0,0,1,1,0,1,0,1,1,0,1,0,1,0,1,1,1,4576.0
